pattern_transaction_occurrence_id,aml_pattern_id,transaction_id,pattern_transaction_sequence
PATTERN_TXN_0001,AML_PATTERN_0001,TXN_00137521,1
PATTERN_TXN_0002,AML_PATTERN_0001,TXN_00137523,2
PATTERN_TXN_0003,AML_PATTERN_0001,TXN_00137525,3
PATTERN_TXN_0004,AML_PATTERN_0001,TXN_00137526,4
PATTERN_TXN_0005,AML_PATTERN_0001,TXN_00137527,5
PATTERN_TXN_0006,AML_PATTERN_0001,TXN_00137528,6
PATTERN_TXN_0007,AML_PATTERN_0001,TXN_00137530,7
PATTERN_TXN_0008,AML_PATTERN_0001,TXN_00137532,8
PATTERN_TXN_0009,AML_PATTERN_0001,TXN_00137533,9
PATTERN_TXN_0010,AML_PATTERN_0001,TXN_00137534,10
PATTERN_TXN_0011,AML_PATTERN_0001,TXN_00137535,11
PATTERN_TXN_0012,AML_PATTERN_0001,TXN_00137536,12
PATTERN_TXN_0013,AML_PATTERN_0001,TXN_00137537,13
PATTERN_TXN_0014,AML_PATTERN_0001,TXN_00137539,14
PATTERN_TXN_0015,AML_PATTERN_0001,TXN_00137540,15
PATTERN_TXN_0016,AML_PATTERN_0001,TXN_00137542,16
PATTERN_TXN_0017,AML_PATTERN_0002,TXN_00317687,1
PATTERN_TXN_0018,AML_PATTERN_0002,TXN_00317689,2
PATTERN_TXN_0019,AML_PATTERN_0002,TXN_00317691,3
PATTERN_TXN_0020,AML_PATTERN_0002,TXN_00317693,4
PATTERN_TXN_0021,AML_PATTERN_0002,TXN_00317695,5
PATTERN_TXN_0022,AML_PATTERN_0002,TXN_00317696,6
PATTERN_TXN_0023,AML_PATTERN_0002,TXN_00317699,7
PATTERN_TXN_0024,AML_PATTERN_0002,TXN_00317702,8
PATTERN_TXN_0025,AML_PATTERN_0002,TXN_00317704,9
PATTERN_TXN_0026,AML_PATTERN_0002,TXN_00317706,10
PATTERN_TXN_0027,AML_PATTERN_0003,TXN_00318128,1
PATTERN_TXN_0028,AML_PATTERN_0003,TXN_00318129,2
PATTERN_TXN_0029,AML_PATTERN_0003,TXN_00318130,3
PATTERN_TXN_0030,AML_PATTERN_0003,TXN_00318131,4
PATTERN_TXN_0031,AML_PATTERN_0003,TXN_00318132,5
PATTERN_TXN_0032,AML_PATTERN_0004,TXN_00343695,1
PATTERN_TXN_0033,AML_PATTERN_0004,TXN_00343698,2
PATTERN_TXN_0034,AML_PATTERN_0004,TXN_00343700,3
PATTERN_TXN_0035,AML_PATTERN_0004,TXN_00343702,4
PATTERN_TXN_0036,AML_PATTERN_0004,TXN_00343704,5
PATTERN_TXN_0037,AML_PATTERN_0004,TXN_00343705,6
PATTERN_TXN_0038,AML_PATTERN_0004,TXN_00343707,7
PATTERN_TXN_0039,AML_PATTERN_0004,TXN_00343709,8
PATTERN_TXN_0040,AML_PATTERN_0004,TXN_00343710,9
PATTERN_TXN_0041,AML_PATTERN_0004,TXN_00343712,10
PATTERN_TXN_0042,AML_PATTERN_0004,TXN_00343713,11
PATTERN_TXN_0043,AML_PATTERN_0004,TXN_00343714,12
PATTERN_TXN_0044,AML_PATTERN_0004,TXN_00343715,13
PATTERN_TXN_0045,AML_PATTERN_0004,TXN_00343716,14
PATTERN_TXN_0046,AML_PATTERN_0004,TXN_00343717,15
PATTERN_TXN_0047,AML_PATTERN_0004,TXN_00343719,16
PATTERN_TXN_0048,AML_PATTERN_0004,TXN_00343721,17
PATTERN_TXN_0049,AML_PATTERN_0004,TXN_00343723,18
PATTERN_TXN_0050,AML_PATTERN_0004,TXN_00343725,19
PATTERN_TXN_0051,AML_PATTERN_0004,TXN_00343727,20
PATTERN_TXN_0052,AML_PATTERN_0004,TXN_00343728,21
PATTERN_TXN_0053,AML_PATTERN_0004,TXN_00343730,22
PATTERN_TXN_0054,AML_PATTERN_0005,TXN_00343760,1
PATTERN_TXN_0055,AML_PATTERN_0005,TXN_00343762,2
PATTERN_TXN_0056,AML_PATTERN_0005,TXN_00343764,3
PATTERN_TXN_0057,AML_PATTERN_0005,TXN_00343766,4
PATTERN_TXN_0058,AML_PATTERN_0005,TXN_00343768,5
PATTERN_TXN_0059,AML_PATTERN_0005,TXN_00343770,6
PATTERN_TXN_0060,AML_PATTERN_0005,TXN_00343772,7
PATTERN_TXN_0061,AML_PATTERN_0005,TXN_00343774,8
PATTERN_TXN_0062,AML_PATTERN_0005,TXN_00343776,9
PATTERN_TXN_0063,AML_PATTERN_0005,TXN_00343778,10
PATTERN_TXN_0064,AML_PATTERN_0005,TXN_00343780,11
PATTERN_TXN_0065,AML_PATTERN_0005,TXN_00343782,12
PATTERN_TXN_0066,AML_PATTERN_0005,TXN_00343784,13
PATTERN_TXN_0067,AML_PATTERN_0005,TXN_00343786,14
PATTERN_TXN_0068,AML_PATTERN_0005,TXN_00343788,15
PATTERN_TXN_0069,AML_PATTERN_0005,TXN_00343790,16
PATTERN_TXN_0070,AML_PATTERN_0005,TXN_00343792,17
PATTERN_TXN_0071,AML_PATTERN_0006,TXN_00376646,1
PATTERN_TXN_0072,AML_PATTERN_0006,TXN_00376648,2
PATTERN_TXN_0073,AML_PATTERN_0006,TXN_00376650,3
PATTERN_TXN_0074,AML_PATTERN_0006,TXN_00376652,4
PATTERN_TXN_0075,AML_PATTERN_0006,TXN_00376654,5
PATTERN_TXN_0076,AML_PATTERN_0007,TXN_00376908,1
PATTERN_TXN_0077,AML_PATTERN_0007,TXN_00376910,2
PATTERN_TXN_0078,AML_PATTERN_0007,TXN_00376913,3
PATTERN_TXN_0079,AML_PATTERN_0007,TXN_00376915,4
PATTERN_TXN_0080,AML_PATTERN_0007,TXN_00376916,5
PATTERN_TXN_0081,AML_PATTERN_0007,TXN_00376919,6
PATTERN_TXN_0082,AML_PATTERN_0007,TXN_00376922,7
PATTERN_TXN_0083,AML_PATTERN_0007,TXN_00376924,8
PATTERN_TXN_0084,AML_PATTERN_0007,TXN_00376926,9
PATTERN_TXN_0085,AML_PATTERN_0007,TXN_00376928,10
PATTERN_TXN_0086,AML_PATTERN_0008,TXN_00376938,1
PATTERN_TXN_0087,AML_PATTERN_0008,TXN_00376940,2
PATTERN_TXN_0088,AML_PATTERN_0008,TXN_00376942,3
PATTERN_TXN_0089,AML_PATTERN_0008,TXN_00376944,4
PATTERN_TXN_0090,AML_PATTERN_0008,TXN_00376946,5
PATTERN_TXN_0091,AML_PATTERN_0008,TXN_00376948,6
PATTERN_TXN_0092,AML_PATTERN_0008,TXN_00376950,7
PATTERN_TXN_0093,AML_PATTERN_0008,TXN_00376952,8
PATTERN_TXN_0094,AML_PATTERN_0008,TXN_00376954,9
PATTERN_TXN_0095,AML_PATTERN_0008,TXN_00376956,10
PATTERN_TXN_0096,AML_PATTERN_0008,TXN_00376958,11
PATTERN_TXN_0097,AML_PATTERN_0008,TXN_00376960,12
PATTERN_TXN_0098,AML_PATTERN_0009,TXN_00376996,1
PATTERN_TXN_0099,AML_PATTERN_0009,TXN_00376998,2
PATTERN_TXN_0100,AML_PATTERN_0010,TXN_00383722,1
PATTERN_TXN_0101,AML_PATTERN_0010,TXN_00383723,2
PATTERN_TXN_0102,AML_PATTERN_0010,TXN_00383725,3
PATTERN_TXN_0103,AML_PATTERN_0010,TXN_00383726,4
PATTERN_TXN_0104,AML_PATTERN_0010,TXN_00383727,5
PATTERN_TXN_0105,AML_PATTERN_0010,TXN_00383729,6
PATTERN_TXN_0106,AML_PATTERN_0010,TXN_00383730,7
PATTERN_TXN_0107,AML_PATTERN_0010,TXN_00383732,8
PATTERN_TXN_0108,AML_PATTERN_0010,TXN_00383733,9
PATTERN_TXN_0109,AML_PATTERN_0010,TXN_00383735,10
PATTERN_TXN_0110,AML_PATTERN_0010,TXN_00383737,11
PATTERN_TXN_0111,AML_PATTERN_0010,TXN_00383739,12
PATTERN_TXN_0112,AML_PATTERN_0010,TXN_00383740,13
PATTERN_TXN_0113,AML_PATTERN_0011,TXN_00418369,1
PATTERN_TXN_0114,AML_PATTERN_0011,TXN_00418371,2
PATTERN_TXN_0115,AML_PATTERN_0011,TXN_00418373,3
PATTERN_TXN_0116,AML_PATTERN_0011,TXN_00418375,4
PATTERN_TXN_0117,AML_PATTERN_0011,TXN_00418377,5
PATTERN_TXN_0118,AML_PATTERN_0011,TXN_00418378,6
PATTERN_TXN_0119,AML_PATTERN_0011,TXN_00418379,7
PATTERN_TXN_0120,AML_PATTERN_0011,TXN_00418381,8
PATTERN_TXN_0121,AML_PATTERN_0012,TXN_00444468,1
PATTERN_TXN_0122,AML_PATTERN_0012,TXN_00444469,2
PATTERN_TXN_0123,AML_PATTERN_0012,TXN_00444470,3
PATTERN_TXN_0124,AML_PATTERN_0012,TXN_00444471,4
PATTERN_TXN_0125,AML_PATTERN_0013,TXN_00477796,1
PATTERN_TXN_0126,AML_PATTERN_0013,TXN_00477797,2
PATTERN_TXN_0127,AML_PATTERN_0014,TXN_00494407,1
PATTERN_TXN_0128,AML_PATTERN_0014,TXN_00494409,2
PATTERN_TXN_0129,AML_PATTERN_0014,TXN_00494411,3
PATTERN_TXN_0130,AML_PATTERN_0014,TXN_00494413,4
PATTERN_TXN_0131,AML_PATTERN_0014,TXN_00494415,5
PATTERN_TXN_0132,AML_PATTERN_0014,TXN_00494416,6
PATTERN_TXN_0133,AML_PATTERN_0014,TXN_00494418,7
PATTERN_TXN_0134,AML_PATTERN_0014,TXN_00494420,8
PATTERN_TXN_0135,AML_PATTERN_0014,TXN_00494422,9
PATTERN_TXN_0136,AML_PATTERN_0014,TXN_00494424,10
PATTERN_TXN_0137,AML_PATTERN_0014,TXN_00494426,11
PATTERN_TXN_0138,AML_PATTERN_0014,TXN_00494428,12
PATTERN_TXN_0139,AML_PATTERN_0015,TXN_00527946,1
PATTERN_TXN_0140,AML_PATTERN_0015,TXN_00527947,2
PATTERN_TXN_0141,AML_PATTERN_0015,TXN_00527948,3
PATTERN_TXN_0142,AML_PATTERN_0015,TXN_00527949,4
PATTERN_TXN_0143,AML_PATTERN_0015,TXN_00527950,5
PATTERN_TXN_0144,AML_PATTERN_0015,TXN_00527951,6
PATTERN_TXN_0145,AML_PATTERN_0015,TXN_00527952,7
PATTERN_TXN_0146,AML_PATTERN_0015,TXN_00527953,8
PATTERN_TXN_0147,AML_PATTERN_0015,TXN_00527954,9
PATTERN_TXN_0148,AML_PATTERN_0015,TXN_00527955,10
PATTERN_TXN_0149,AML_PATTERN_0015,TXN_00527956,11
PATTERN_TXN_0150,AML_PATTERN_0015,TXN_00527957,12
PATTERN_TXN_0151,AML_PATTERN_0015,TXN_00527958,13
PATTERN_TXN_0152,AML_PATTERN_0015,TXN_00527959,14
PATTERN_TXN_0153,AML_PATTERN_0015,TXN_00527960,15
PATTERN_TXN_0154,AML_PATTERN_0015,TXN_00527961,16
PATTERN_TXN_0155,AML_PATTERN_0016,TXN_00535663,1
PATTERN_TXN_0156,AML_PATTERN_0016,TXN_00535665,2
PATTERN_TXN_0157,AML_PATTERN_0016,TXN_00535667,3
PATTERN_TXN_0158,AML_PATTERN_0016,TXN_00535669,4
PATTERN_TXN_0159,AML_PATTERN_0016,TXN_00535671,5
PATTERN_TXN_0160,AML_PATTERN_0016,TXN_00535673,6
PATTERN_TXN_0161,AML_PATTERN_0016,TXN_00535675,7
PATTERN_TXN_0162,AML_PATTERN_0016,TXN_00535677,8
PATTERN_TXN_0163,AML_PATTERN_0017,TXN_00545062,1
PATTERN_TXN_0164,AML_PATTERN_0017,TXN_00545063,2
PATTERN_TXN_0165,AML_PATTERN_0017,TXN_00545064,3
PATTERN_TXN_0166,AML_PATTERN_0018,TXN_00578843,1
PATTERN_TXN_0167,AML_PATTERN_0018,TXN_00578845,2
PATTERN_TXN_0168,AML_PATTERN_0018,TXN_00578847,3
PATTERN_TXN_0169,AML_PATTERN_0018,TXN_00578850,4
PATTERN_TXN_0170,AML_PATTERN_0018,TXN_00578851,5
PATTERN_TXN_0171,AML_PATTERN_0018,TXN_00578852,6
PATTERN_TXN_0172,AML_PATTERN_0018,TXN_00578853,7
PATTERN_TXN_0173,AML_PATTERN_0018,TXN_00578854,8
PATTERN_TXN_0174,AML_PATTERN_0018,TXN_00578856,9
PATTERN_TXN_0175,AML_PATTERN_0018,TXN_00578858,10
PATTERN_TXN_0176,AML_PATTERN_0018,TXN_00578860,11
PATTERN_TXN_0177,AML_PATTERN_0018,TXN_00578862,12
PATTERN_TXN_0178,AML_PATTERN_0018,TXN_00578863,13
PATTERN_TXN_0179,AML_PATTERN_0018,TXN_00578864,14
PATTERN_TXN_0180,AML_PATTERN_0018,TXN_00578866,15
PATTERN_TXN_0181,AML_PATTERN_0018,TXN_00578869,16
PATTERN_TXN_0182,AML_PATTERN_0018,TXN_00578870,17
PATTERN_TXN_0183,AML_PATTERN_0018,TXN_00578872,18
PATTERN_TXN_0184,AML_PATTERN_0018,TXN_00578873,19
PATTERN_TXN_0185,AML_PATTERN_0018,TXN_00578874,20
PATTERN_TXN_0186,AML_PATTERN_0018,TXN_00578876,21
PATTERN_TXN_0187,AML_PATTERN_0018,TXN_00578879,22
PATTERN_TXN_0188,AML_PATTERN_0018,TXN_00578880,23
PATTERN_TXN_0189,AML_PATTERN_0018,TXN_00578881,24
PATTERN_TXN_0190,AML_PATTERN_0018,TXN_00578882,25
PATTERN_TXN_0191,AML_PATTERN_0018,TXN_00578884,26
PATTERN_TXN_0192,AML_PATTERN_0018,TXN_00578886,27
PATTERN_TXN_0193,AML_PATTERN_0018,TXN_00578888,28
PATTERN_TXN_0194,AML_PATTERN_0018,TXN_00578890,29
PATTERN_TXN_0195,AML_PATTERN_0018,TXN_00578893,30
PATTERN_TXN_0196,AML_PATTERN_0018,TXN_00578895,31
PATTERN_TXN_0197,AML_PATTERN_0018,TXN_00578897,32
PATTERN_TXN_0198,AML_PATTERN_0019,TXN_00585462,1
PATTERN_TXN_0199,AML_PATTERN_0019,TXN_00585464,2
PATTERN_TXN_0200,AML_PATTERN_0019,TXN_00585465,3
PATTERN_TXN_0201,AML_PATTERN_0019,TXN_00585467,4
PATTERN_TXN_0202,AML_PATTERN_0019,TXN_00585470,5
PATTERN_TXN_0203,AML_PATTERN_0019,TXN_00585473,6
PATTERN_TXN_0204,AML_PATTERN_0019,TXN_00585474,7
PATTERN_TXN_0205,AML_PATTERN_0019,TXN_00585475,8
PATTERN_TXN_0206,AML_PATTERN_0019,TXN_00585478,9
PATTERN_TXN_0207,AML_PATTERN_0019,TXN_00585479,10
PATTERN_TXN_0208,AML_PATTERN_0020,TXN_00586264,1
PATTERN_TXN_0209,AML_PATTERN_0020,TXN_00586266,2
PATTERN_TXN_0210,AML_PATTERN_0020,TXN_00586268,3
PATTERN_TXN_0211,AML_PATTERN_0020,TXN_00586270,4
PATTERN_TXN_0212,AML_PATTERN_0020,TXN_00586271,5
PATTERN_TXN_0213,AML_PATTERN_0020,TXN_00586272,6
PATTERN_TXN_0214,AML_PATTERN_0020,TXN_00586274,7
PATTERN_TXN_0215,AML_PATTERN_0020,TXN_00586275,8
PATTERN_TXN_0216,AML_PATTERN_0020,TXN_00586277,9
PATTERN_TXN_0217,AML_PATTERN_0020,TXN_00586279,10
PATTERN_TXN_0218,AML_PATTERN_0021,TXN_00595313,1
PATTERN_TXN_0219,AML_PATTERN_0021,TXN_00595315,2
PATTERN_TXN_0220,AML_PATTERN_0022,TXN_00602697,1
PATTERN_TXN_0221,AML_PATTERN_0022,TXN_00602698,2
PATTERN_TXN_0222,AML_PATTERN_0023,TXN_00611980,1
PATTERN_TXN_0223,AML_PATTERN_0024,TXN_00619282,1
PATTERN_TXN_0224,AML_PATTERN_0024,TXN_00619283,2
PATTERN_TXN_0225,AML_PATTERN_0025,TXN_00628237,1
PATTERN_TXN_0226,AML_PATTERN_0026,TXN_00628270,1
PATTERN_TXN_0227,AML_PATTERN_0026,TXN_00628272,2
PATTERN_TXN_0228,AML_PATTERN_0026,TXN_00628274,3
PATTERN_TXN_0229,AML_PATTERN_0026,TXN_00628276,4
PATTERN_TXN_0230,AML_PATTERN_0026,TXN_00628277,5
PATTERN_TXN_0231,AML_PATTERN_0026,TXN_00628279,6
PATTERN_TXN_0232,AML_PATTERN_0026,TXN_00628281,7
PATTERN_TXN_0233,AML_PATTERN_0026,TXN_00628282,8
PATTERN_TXN_0234,AML_PATTERN_0026,TXN_00628283,9
PATTERN_TXN_0235,AML_PATTERN_0026,TXN_00628284,10
PATTERN_TXN_0236,AML_PATTERN_0026,TXN_00628285,11
PATTERN_TXN_0237,AML_PATTERN_0027,TXN_00644819,1
PATTERN_TXN_0238,AML_PATTERN_0027,TXN_00644821,2
PATTERN_TXN_0239,AML_PATTERN_0027,TXN_00644823,3
PATTERN_TXN_0240,AML_PATTERN_0027,TXN_00644825,4
PATTERN_TXN_0241,AML_PATTERN_0027,TXN_00644827,5
PATTERN_TXN_0242,AML_PATTERN_0027,TXN_00644829,6
PATTERN_TXN_0243,AML_PATTERN_0027,TXN_00644831,7
PATTERN_TXN_0244,AML_PATTERN_0027,TXN_00644833,8
PATTERN_TXN_0245,AML_PATTERN_0027,TXN_00644835,9
PATTERN_TXN_0246,AML_PATTERN_0027,TXN_00644837,10
PATTERN_TXN_0247,AML_PATTERN_0027,TXN_00644839,11
PATTERN_TXN_0248,AML_PATTERN_0027,TXN_00644841,12
PATTERN_TXN_0249,AML_PATTERN_0027,TXN_00644843,13
PATTERN_TXN_0250,AML_PATTERN_0028,TXN_00678517,1
PATTERN_TXN_0251,AML_PATTERN_0028,TXN_00678518,2
PATTERN_TXN_0252,AML_PATTERN_0028,TXN_00678520,3
PATTERN_TXN_0253,AML_PATTERN_0028,TXN_00678522,4
PATTERN_TXN_0254,AML_PATTERN_0028,TXN_00678524,5
PATTERN_TXN_0255,AML_PATTERN_0029,TXN_00695425,1
PATTERN_TXN_0256,AML_PATTERN_0029,TXN_00695427,2
PATTERN_TXN_0257,AML_PATTERN_0029,TXN_00695429,3
PATTERN_TXN_0258,AML_PATTERN_0029,TXN_00695431,4
PATTERN_TXN_0259,AML_PATTERN_0029,TXN_00695433,5
PATTERN_TXN_0260,AML_PATTERN_0029,TXN_00695435,6
PATTERN_TXN_0261,AML_PATTERN_0029,TXN_00695437,7
PATTERN_TXN_0262,AML_PATTERN_0029,TXN_00695439,8
PATTERN_TXN_0263,AML_PATTERN_0029,TXN_00695441,9
PATTERN_TXN_0264,AML_PATTERN_0029,TXN_00695443,10
PATTERN_TXN_0265,AML_PATTERN_0029,TXN_00695445,11
PATTERN_TXN_0266,AML_PATTERN_0029,TXN_00695447,12
PATTERN_TXN_0267,AML_PATTERN_0029,TXN_00695449,13
PATTERN_TXN_0268,AML_PATTERN_0029,TXN_00695451,14
PATTERN_TXN_0269,AML_PATTERN_0029,TXN_00695453,15
PATTERN_TXN_0270,AML_PATTERN_0029,TXN_00695455,16
PATTERN_TXN_0271,AML_PATTERN_0029,TXN_00695457,17
PATTERN_TXN_0272,AML_PATTERN_0029,TXN_00695459,18
PATTERN_TXN_0273,AML_PATTERN_0029,TXN_00695461,19
PATTERN_TXN_0274,AML_PATTERN_0029,TXN_00695463,20
PATTERN_TXN_0275,AML_PATTERN_0029,TXN_00695465,21
PATTERN_TXN_0276,AML_PATTERN_0029,TXN_00695467,22
PATTERN_TXN_0277,AML_PATTERN_0029,TXN_00695469,23
PATTERN_TXN_0278,AML_PATTERN_0029,TXN_00695471,24
PATTERN_TXN_0279,AML_PATTERN_0029,TXN_00695473,25
PATTERN_TXN_0280,AML_PATTERN_0030,TXN_00762389,1
PATTERN_TXN_0281,AML_PATTERN_0030,TXN_00762391,2
PATTERN_TXN_0282,AML_PATTERN_0030,TXN_00762393,3
PATTERN_TXN_0283,AML_PATTERN_0031,TXN_00812677,1
PATTERN_TXN_0284,AML_PATTERN_0031,TXN_00812679,2
PATTERN_TXN_0285,AML_PATTERN_0031,TXN_00812681,3
PATTERN_TXN_0286,AML_PATTERN_0031,TXN_00812683,4
PATTERN_TXN_0287,AML_PATTERN_0031,TXN_00812684,5
PATTERN_TXN_0288,AML_PATTERN_0031,TXN_00812686,6
PATTERN_TXN_0289,AML_PATTERN_0031,TXN_00812688,7
PATTERN_TXN_0290,AML_PATTERN_0031,TXN_00812689,8
PATTERN_TXN_0291,AML_PATTERN_0031,TXN_00812691,9
PATTERN_TXN_0292,AML_PATTERN_0031,TXN_00812693,10
PATTERN_TXN_0293,AML_PATTERN_0031,TXN_00812694,11
PATTERN_TXN_0294,AML_PATTERN_0031,TXN_00812695,12
PATTERN_TXN_0295,AML_PATTERN_0031,TXN_00812697,13
PATTERN_TXN_0296,AML_PATTERN_0031,TXN_00812699,14
PATTERN_TXN_0297,AML_PATTERN_0031,TXN_00812701,15
PATTERN_TXN_0298,AML_PATTERN_0031,TXN_00812703,16
PATTERN_TXN_0299,AML_PATTERN_0031,TXN_00812705,17
PATTERN_TXN_0300,AML_PATTERN_0031,TXN_00812706,18
PATTERN_TXN_0301,AML_PATTERN_0031,TXN_00812707,19
PATTERN_TXN_0302,AML_PATTERN_0031,TXN_00812708,20
PATTERN_TXN_0303,AML_PATTERN_0031,TXN_00812710,21
PATTERN_TXN_0304,AML_PATTERN_0031,TXN_00812711,22
PATTERN_TXN_0305,AML_PATTERN_0032,TXN_00829648,1
PATTERN_TXN_0306,AML_PATTERN_0033,TXN_00853268,1
PATTERN_TXN_0307,AML_PATTERN_0033,TXN_00853271,2
PATTERN_TXN_0308,AML_PATTERN_0033,TXN_00853272,3
PATTERN_TXN_0309,AML_PATTERN_0033,TXN_00853275,4
PATTERN_TXN_0310,AML_PATTERN_0033,TXN_00853276,5
PATTERN_TXN_0311,AML_PATTERN_0033,TXN_00853279,6
PATTERN_TXN_0312,AML_PATTERN_0033,TXN_00853280,7
PATTERN_TXN_0313,AML_PATTERN_0033,TXN_00853283,8
PATTERN_TXN_0314,AML_PATTERN_0033,TXN_00853285,9
PATTERN_TXN_0315,AML_PATTERN_0033,TXN_00853286,10
PATTERN_TXN_0316,AML_PATTERN_0033,TXN_00853287,11
PATTERN_TXN_0317,AML_PATTERN_0033,TXN_00853289,12
PATTERN_TXN_0318,AML_PATTERN_0033,TXN_00853290,13
PATTERN_TXN_0319,AML_PATTERN_0033,TXN_00853291,14
PATTERN_TXN_0320,AML_PATTERN_0033,TXN_00853292,15
PATTERN_TXN_0321,AML_PATTERN_0033,TXN_00853294,16
PATTERN_TXN_0322,AML_PATTERN_0033,TXN_00853295,17
PATTERN_TXN_0323,AML_PATTERN_0033,TXN_00853296,18
PATTERN_TXN_0324,AML_PATTERN_0033,TXN_00853297,19
PATTERN_TXN_0325,AML_PATTERN_0033,TXN_00853299,20
PATTERN_TXN_0326,AML_PATTERN_0034,TXN_00879902,1
PATTERN_TXN_0327,AML_PATTERN_0034,TXN_00879903,2
PATTERN_TXN_0328,AML_PATTERN_0034,TXN_00879905,3
PATTERN_TXN_0329,AML_PATTERN_0034,TXN_00879908,4
PATTERN_TXN_0330,AML_PATTERN_0034,TXN_00879910,5
PATTERN_TXN_0331,AML_PATTERN_0034,TXN_00879912,6
PATTERN_TXN_0332,AML_PATTERN_0034,TXN_00879913,7
PATTERN_TXN_0333,AML_PATTERN_0034,TXN_00879914,8
PATTERN_TXN_0334,AML_PATTERN_0034,TXN_00879916,9
PATTERN_TXN_0335,AML_PATTERN_0034,TXN_00879918,10
PATTERN_TXN_0336,AML_PATTERN_0034,TXN_00879920,11
PATTERN_TXN_0337,AML_PATTERN_0034,TXN_00879923,12
PATTERN_TXN_0338,AML_PATTERN_0034,TXN_00879925,13
PATTERN_TXN_0339,AML_PATTERN_0034,TXN_00879927,14
PATTERN_TXN_0340,AML_PATTERN_0034,TXN_00879929,15
PATTERN_TXN_0341,AML_PATTERN_0034,TXN_00879932,16
PATTERN_TXN_0342,AML_PATTERN_0034,TXN_00879934,17
PATTERN_TXN_0343,AML_PATTERN_0034,TXN_00879936,18
PATTERN_TXN_0344,AML_PATTERN_0034,TXN_00879938,19
PATTERN_TXN_0345,AML_PATTERN_0034,TXN_00879940,20
PATTERN_TXN_0346,AML_PATTERN_0034,TXN_00879942,21
PATTERN_TXN_0347,AML_PATTERN_0034,TXN_00879943,22
PATTERN_TXN_0348,AML_PATTERN_0035,TXN_00887446,1
PATTERN_TXN_0349,AML_PATTERN_0035,TXN_00887447,2
PATTERN_TXN_0350,AML_PATTERN_0036,TXN_00903798,1
PATTERN_TXN_0351,AML_PATTERN_0036,TXN_00903800,2
PATTERN_TXN_0352,AML_PATTERN_0036,TXN_00903802,3
PATTERN_TXN_0353,AML_PATTERN_0036,TXN_00903804,4
PATTERN_TXN_0354,AML_PATTERN_0036,TXN_00903805,5
PATTERN_TXN_0355,AML_PATTERN_0036,TXN_00903807,6
PATTERN_TXN_0356,AML_PATTERN_0036,TXN_00903809,7
PATTERN_TXN_0357,AML_PATTERN_0036,TXN_00903811,8
PATTERN_TXN_0358,AML_PATTERN_0036,TXN_00903813,9
PATTERN_TXN_0359,AML_PATTERN_0036,TXN_00903815,10
PATTERN_TXN_0360,AML_PATTERN_0037,TXN_00920850,1
PATTERN_TXN_0361,AML_PATTERN_0037,TXN_00920851,2
PATTERN_TXN_0362,AML_PATTERN_0038,TXN_00929958,1
PATTERN_TXN_0363,AML_PATTERN_0038,TXN_00929960,2
PATTERN_TXN_0364,AML_PATTERN_0038,TXN_00929963,3
PATTERN_TXN_0365,AML_PATTERN_0038,TXN_00929965,4
PATTERN_TXN_0366,AML_PATTERN_0038,TXN_00929966,5
PATTERN_TXN_0367,AML_PATTERN_0038,TXN_00929969,6
PATTERN_TXN_0368,AML_PATTERN_0038,TXN_00929971,7
PATTERN_TXN_0369,AML_PATTERN_0039,TXN_00929990,1
PATTERN_TXN_0370,AML_PATTERN_0039,TXN_00929992,2
PATTERN_TXN_0371,AML_PATTERN_0040,TXN_00963524,1
PATTERN_TXN_0372,AML_PATTERN_0040,TXN_00963526,2
PATTERN_TXN_0373,AML_PATTERN_0040,TXN_00963528,3
PATTERN_TXN_0374,AML_PATTERN_0040,TXN_00963529,4
PATTERN_TXN_0375,AML_PATTERN_0040,TXN_00963531,5
PATTERN_TXN_0376,AML_PATTERN_0040,TXN_00963533,6
PATTERN_TXN_0377,AML_PATTERN_0040,TXN_00963535,7
PATTERN_TXN_0378,AML_PATTERN_0040,TXN_00963537,8
PATTERN_TXN_0379,AML_PATTERN_0040,TXN_00963539,9
PATTERN_TXN_0380,AML_PATTERN_0040,TXN_00963541,10
PATTERN_TXN_0381,AML_PATTERN_0040,TXN_00963542,11
PATTERN_TXN_0382,AML_PATTERN_0040,TXN_00963544,12
PATTERN_TXN_0383,AML_PATTERN_0040,TXN_00963545,13
PATTERN_TXN_0384,AML_PATTERN_0040,TXN_00963546,14
PATTERN_TXN_0385,AML_PATTERN_0041,TXN_01030761,1
PATTERN_TXN_0386,AML_PATTERN_0041,TXN_01030762,2
PATTERN_TXN_0387,AML_PATTERN_0042,TXN_01037363,1
PATTERN_TXN_0388,AML_PATTERN_0042,TXN_01037364,2
PATTERN_TXN_0389,AML_PATTERN_0042,TXN_01037366,3
PATTERN_TXN_0390,AML_PATTERN_0042,TXN_01037368,4
PATTERN_TXN_0391,AML_PATTERN_0043,TXN_01047225,1
PATTERN_TXN_0392,AML_PATTERN_0043,TXN_01047227,2
PATTERN_TXN_0393,AML_PATTERN_0043,TXN_01047229,3
PATTERN_TXN_0394,AML_PATTERN_0043,TXN_01047231,4
PATTERN_TXN_0395,AML_PATTERN_0043,TXN_01047233,5
PATTERN_TXN_0396,AML_PATTERN_0043,TXN_01047235,6
PATTERN_TXN_0397,AML_PATTERN_0043,TXN_01047237,7
PATTERN_TXN_0398,AML_PATTERN_0043,TXN_01047239,8
PATTERN_TXN_0399,AML_PATTERN_0043,TXN_01047241,9
PATTERN_TXN_0400,AML_PATTERN_0043,TXN_01047243,10
PATTERN_TXN_0401,AML_PATTERN_0043,TXN_01047245,11
PATTERN_TXN_0402,AML_PATTERN_0043,TXN_01047247,12
PATTERN_TXN_0403,AML_PATTERN_0044,TXN_01053972,1
PATTERN_TXN_0404,AML_PATTERN_0044,TXN_01053973,2
PATTERN_TXN_0405,AML_PATTERN_0044,TXN_01053975,3
PATTERN_TXN_0406,AML_PATTERN_0044,TXN_01053977,4
PATTERN_TXN_0407,AML_PATTERN_0044,TXN_01053979,5
PATTERN_TXN_0408,AML_PATTERN_0044,TXN_01053981,6
PATTERN_TXN_0409,AML_PATTERN_0044,TXN_01053982,7
PATTERN_TXN_0410,AML_PATTERN_0044,TXN_01053984,8
PATTERN_TXN_0411,AML_PATTERN_0045,TXN_01064046,1
PATTERN_TXN_0412,AML_PATTERN_0045,TXN_01064047,2
PATTERN_TXN_0413,AML_PATTERN_0045,TXN_01064048,3
PATTERN_TXN_0414,AML_PATTERN_0046,TXN_01152056,1
PATTERN_TXN_0415,AML_PATTERN_0046,TXN_01152057,2
PATTERN_TXN_0416,AML_PATTERN_0046,TXN_01152059,3
PATTERN_TXN_0417,AML_PATTERN_0046,TXN_01152061,4
PATTERN_TXN_0418,AML_PATTERN_0046,TXN_01152062,5
PATTERN_TXN_0419,AML_PATTERN_0046,TXN_01152063,6
PATTERN_TXN_0420,AML_PATTERN_0046,TXN_01152064,7
PATTERN_TXN_0421,AML_PATTERN_0046,TXN_01152065,8
PATTERN_TXN_0422,AML_PATTERN_0046,TXN_01152066,9
PATTERN_TXN_0423,AML_PATTERN_0046,TXN_01152067,10
PATTERN_TXN_0424,AML_PATTERN_0046,TXN_01152069,11
PATTERN_TXN_0425,AML_PATTERN_0046,TXN_01152071,12
PATTERN_TXN_0426,AML_PATTERN_0046,TXN_01152072,13
PATTERN_TXN_0427,AML_PATTERN_0046,TXN_01152073,14
PATTERN_TXN_0428,AML_PATTERN_0047,TXN_01191304,1
PATTERN_TXN_0429,AML_PATTERN_0047,TXN_01191306,2
PATTERN_TXN_0430,AML_PATTERN_0047,TXN_01191308,3
PATTERN_TXN_0431,AML_PATTERN_0047,TXN_01191310,4
PATTERN_TXN_0432,AML_PATTERN_0047,TXN_01191312,5
PATTERN_TXN_0433,AML_PATTERN_0047,TXN_01191314,6
PATTERN_TXN_0434,AML_PATTERN_0047,TXN_01191316,7
PATTERN_TXN_0435,AML_PATTERN_0047,TXN_01191318,8
PATTERN_TXN_0436,AML_PATTERN_0047,TXN_01191320,9
PATTERN_TXN_0437,AML_PATTERN_0047,TXN_01191322,10
PATTERN_TXN_0438,AML_PATTERN_0047,TXN_01191324,11
PATTERN_TXN_0439,AML_PATTERN_0047,TXN_01191326,12
PATTERN_TXN_0440,AML_PATTERN_0047,TXN_01191328,13
PATTERN_TXN_0441,AML_PATTERN_0047,TXN_01191330,14
PATTERN_TXN_0442,AML_PATTERN_0047,TXN_01191332,15
PATTERN_TXN_0443,AML_PATTERN_0047,TXN_01191334,16
PATTERN_TXN_0444,AML_PATTERN_0047,TXN_01191336,17
PATTERN_TXN_0445,AML_PATTERN_0047,TXN_01191338,18
PATTERN_TXN_0446,AML_PATTERN_0047,TXN_01191340,19
PATTERN_TXN_0447,AML_PATTERN_0047,TXN_01191342,20
PATTERN_TXN_0448,AML_PATTERN_0047,TXN_01191344,21
PATTERN_TXN_0449,AML_PATTERN_0047,TXN_01191346,22
PATTERN_TXN_0450,AML_PATTERN_0047,TXN_01191348,23
PATTERN_TXN_0451,AML_PATTERN_0047,TXN_01191350,24
PATTERN_TXN_0452,AML_PATTERN_0047,TXN_01191352,25
PATTERN_TXN_0453,AML_PATTERN_0047,TXN_01191353,26
PATTERN_TXN_0454,AML_PATTERN_0048,TXN_01229274,1
PATTERN_TXN_0455,AML_PATTERN_0049,TXN_01237913,1
PATTERN_TXN_0456,AML_PATTERN_0049,TXN_01237915,2
PATTERN_TXN_0457,AML_PATTERN_0049,TXN_01237916,3
PATTERN_TXN_0458,AML_PATTERN_0049,TXN_01237917,4
PATTERN_TXN_0459,AML_PATTERN_0049,TXN_01237918,5
PATTERN_TXN_0460,AML_PATTERN_0049,TXN_01237920,6
PATTERN_TXN_0461,AML_PATTERN_0049,TXN_01237922,7
PATTERN_TXN_0462,AML_PATTERN_0049,TXN_01237924,8
PATTERN_TXN_0463,AML_PATTERN_0049,TXN_01237926,9
PATTERN_TXN_0464,AML_PATTERN_0049,TXN_01237927,10
PATTERN_TXN_0465,AML_PATTERN_0049,TXN_01237928,11
PATTERN_TXN_0466,AML_PATTERN_0049,TXN_01237929,12
PATTERN_TXN_0467,AML_PATTERN_0049,TXN_01237931,13
PATTERN_TXN_0468,AML_PATTERN_0049,TXN_01237933,14
PATTERN_TXN_0469,AML_PATTERN_0049,TXN_01237934,15
PATTERN_TXN_0470,AML_PATTERN_0049,TXN_01237935,16
PATTERN_TXN_0471,AML_PATTERN_0049,TXN_01237937,17
PATTERN_TXN_0472,AML_PATTERN_0049,TXN_01237938,18
PATTERN_TXN_0473,AML_PATTERN_0049,TXN_01237940,19
PATTERN_TXN_0474,AML_PATTERN_0049,TXN_01237942,20
PATTERN_TXN_0475,AML_PATTERN_0049,TXN_01237944,21
PATTERN_TXN_0476,AML_PATTERN_0049,TXN_01237946,22
PATTERN_TXN_0477,AML_PATTERN_0049,TXN_01237948,23
PATTERN_TXN_0478,AML_PATTERN_0049,TXN_01237949,24
PATTERN_TXN_0479,AML_PATTERN_0049,TXN_01237950,25
PATTERN_TXN_0480,AML_PATTERN_0049,TXN_01237952,26
PATTERN_TXN_0481,AML_PATTERN_0049,TXN_01237954,27
PATTERN_TXN_0482,AML_PATTERN_0049,TXN_01237956,28
PATTERN_TXN_0483,AML_PATTERN_0050,TXN_01283845,1
PATTERN_TXN_0484,AML_PATTERN_0050,TXN_01283847,2
PATTERN_TXN_0485,AML_PATTERN_0050,TXN_01283848,3
PATTERN_TXN_0486,AML_PATTERN_0050,TXN_01283849,4
PATTERN_TXN_0487,AML_PATTERN_0050,TXN_01283850,5
PATTERN_TXN_0488,AML_PATTERN_0050,TXN_01283851,6
PATTERN_TXN_0489,AML_PATTERN_0050,TXN_01283852,7
PATTERN_TXN_0490,AML_PATTERN_0050,TXN_01283854,8
PATTERN_TXN_0491,AML_PATTERN_0050,TXN_01283856,9
PATTERN_TXN_0492,AML_PATTERN_0051,TXN_01299491,1
PATTERN_TXN_0493,AML_PATTERN_0051,TXN_01299493,2
PATTERN_TXN_0494,AML_PATTERN_0051,TXN_01299495,3
PATTERN_TXN_0495,AML_PATTERN_0051,TXN_01299497,4
PATTERN_TXN_0496,AML_PATTERN_0052,TXN_01346576,1
PATTERN_TXN_0497,AML_PATTERN_0052,TXN_01346577,2
PATTERN_TXN_0498,AML_PATTERN_0053,TXN_01392712,1
PATTERN_TXN_0499,AML_PATTERN_0053,TXN_01392713,2
PATTERN_TXN_0500,AML_PATTERN_0053,TXN_01392715,3
PATTERN_TXN_0501,AML_PATTERN_0053,TXN_01392717,4
PATTERN_TXN_0502,AML_PATTERN_0053,TXN_01392719,5
PATTERN_TXN_0503,AML_PATTERN_0053,TXN_01392721,6
PATTERN_TXN_0504,AML_PATTERN_0054,TXN_01392742,1
PATTERN_TXN_0505,AML_PATTERN_0054,TXN_01392744,2
PATTERN_TXN_0506,AML_PATTERN_0055,TXN_01392776,1
PATTERN_TXN_0507,AML_PATTERN_0055,TXN_01392778,2
PATTERN_TXN_0508,AML_PATTERN_0055,TXN_01392780,3
PATTERN_TXN_0509,AML_PATTERN_0055,TXN_01392781,4
PATTERN_TXN_0510,AML_PATTERN_0055,TXN_01392783,5
PATTERN_TXN_0511,AML_PATTERN_0055,TXN_01392785,6
PATTERN_TXN_0512,AML_PATTERN_0056,TXN_01454236,1
PATTERN_TXN_0513,AML_PATTERN_0056,TXN_01454238,2
PATTERN_TXN_0514,AML_PATTERN_0056,TXN_01454239,3
PATTERN_TXN_0515,AML_PATTERN_0056,TXN_01454241,4
PATTERN_TXN_0516,AML_PATTERN_0056,TXN_01454242,5
PATTERN_TXN_0517,AML_PATTERN_0056,TXN_01454244,6
PATTERN_TXN_0518,AML_PATTERN_0056,TXN_01454246,7
PATTERN_TXN_0519,AML_PATTERN_0056,TXN_01454248,8
PATTERN_TXN_0520,AML_PATTERN_0056,TXN_01454250,9
PATTERN_TXN_0521,AML_PATTERN_0056,TXN_01454252,10
PATTERN_TXN_0522,AML_PATTERN_0056,TXN_01454254,11
PATTERN_TXN_0523,AML_PATTERN_0057,TXN_01469566,1
PATTERN_TXN_0524,AML_PATTERN_0057,TXN_01469567,2
PATTERN_TXN_0525,AML_PATTERN_0057,TXN_01469569,3
PATTERN_TXN_0526,AML_PATTERN_0057,TXN_01469571,4
PATTERN_TXN_0527,AML_PATTERN_0057,TXN_01469572,5
PATTERN_TXN_0528,AML_PATTERN_0057,TXN_01469575,6
PATTERN_TXN_0529,AML_PATTERN_0057,TXN_01469577,7
PATTERN_TXN_0530,AML_PATTERN_0057,TXN_01469580,8
PATTERN_TXN_0531,AML_PATTERN_0057,TXN_01469582,9
PATTERN_TXN_0532,AML_PATTERN_0057,TXN_01469584,10
PATTERN_TXN_0533,AML_PATTERN_0057,TXN_01469586,11
PATTERN_TXN_0534,AML_PATTERN_0057,TXN_01469588,12
PATTERN_TXN_0535,AML_PATTERN_0058,TXN_01476076,1
PATTERN_TXN_0536,AML_PATTERN_0058,TXN_01476078,2
PATTERN_TXN_0537,AML_PATTERN_0059,TXN_01484857,1
PATTERN_TXN_0538,AML_PATTERN_0060,TXN_01484885,1
PATTERN_TXN_0539,AML_PATTERN_0060,TXN_01484887,2
PATTERN_TXN_0540,AML_PATTERN_0061,TXN_01500109,1
PATTERN_TXN_0541,AML_PATTERN_0061,TXN_01500111,2
PATTERN_TXN_0542,AML_PATTERN_0061,TXN_01500113,3
PATTERN_TXN_0543,AML_PATTERN_0061,TXN_01500115,4
PATTERN_TXN_0544,AML_PATTERN_0061,TXN_01500116,5
PATTERN_TXN_0545,AML_PATTERN_0061,TXN_01500118,6
PATTERN_TXN_0546,AML_PATTERN_0061,TXN_01500120,7
PATTERN_TXN_0547,AML_PATTERN_0061,TXN_01500122,8
PATTERN_TXN_0548,AML_PATTERN_0061,TXN_01500124,9
PATTERN_TXN_0549,AML_PATTERN_0061,TXN_01500126,10
PATTERN_TXN_0550,AML_PATTERN_0061,TXN_01500128,11
PATTERN_TXN_0551,AML_PATTERN_0061,TXN_01500129,12
PATTERN_TXN_0552,AML_PATTERN_0061,TXN_01500131,13
PATTERN_TXN_0553,AML_PATTERN_0061,TXN_01500133,14
PATTERN_TXN_0554,AML_PATTERN_0061,TXN_01500134,15
PATTERN_TXN_0555,AML_PATTERN_0061,TXN_01500136,16
PATTERN_TXN_0556,AML_PATTERN_0061,TXN_01500137,17
PATTERN_TXN_0557,AML_PATTERN_0061,TXN_01500139,18
PATTERN_TXN_0558,AML_PATTERN_0061,TXN_01500141,19
PATTERN_TXN_0559,AML_PATTERN_0061,TXN_01500143,20
PATTERN_TXN_0560,AML_PATTERN_0061,TXN_01500145,21
PATTERN_TXN_0561,AML_PATTERN_0061,TXN_01500146,22
PATTERN_TXN_0562,AML_PATTERN_0061,TXN_01500148,23
PATTERN_TXN_0563,AML_PATTERN_0061,TXN_01500151,24
PATTERN_TXN_0564,AML_PATTERN_0061,TXN_01500153,25
PATTERN_TXN_0565,AML_PATTERN_0061,TXN_01500155,26
PATTERN_TXN_0566,AML_PATTERN_0061,TXN_01500157,27
PATTERN_TXN_0567,AML_PATTERN_0061,TXN_01500160,28
PATTERN_TXN_0568,AML_PATTERN_0061,TXN_01500162,29
PATTERN_TXN_0569,AML_PATTERN_0061,TXN_01500163,30
PATTERN_TXN_0570,AML_PATTERN_0062,TXN_01522380,1
PATTERN_TXN_0571,AML_PATTERN_0062,TXN_01522381,2
PATTERN_TXN_0572,AML_PATTERN_0063,TXN_01546399,1
PATTERN_TXN_0573,AML_PATTERN_0063,TXN_01546400,2
PATTERN_TXN_0574,AML_PATTERN_0063,TXN_01546402,3
PATTERN_TXN_0575,AML_PATTERN_0063,TXN_01546405,4
PATTERN_TXN_0576,AML_PATTERN_0063,TXN_01546408,5
PATTERN_TXN_0577,AML_PATTERN_0063,TXN_01546410,6
PATTERN_TXN_0578,AML_PATTERN_0064,TXN_01577209,1
PATTERN_TXN_0579,AML_PATTERN_0064,TXN_01577211,2
PATTERN_TXN_0580,AML_PATTERN_0064,TXN_01577213,3
PATTERN_TXN_0581,AML_PATTERN_0064,TXN_01577215,4
PATTERN_TXN_0582,AML_PATTERN_0064,TXN_01577217,5
PATTERN_TXN_0583,AML_PATTERN_0064,TXN_01577220,6
PATTERN_TXN_0584,AML_PATTERN_0064,TXN_01577222,7
PATTERN_TXN_0585,AML_PATTERN_0064,TXN_01577224,8
PATTERN_TXN_0586,AML_PATTERN_0064,TXN_01577226,9
PATTERN_TXN_0587,AML_PATTERN_0064,TXN_01577228,10
PATTERN_TXN_0588,AML_PATTERN_0064,TXN_01577230,11
PATTERN_TXN_0589,AML_PATTERN_0064,TXN_01577232,12
PATTERN_TXN_0590,AML_PATTERN_0064,TXN_01577234,13
PATTERN_TXN_0591,AML_PATTERN_0064,TXN_01577237,14
PATTERN_TXN_0592,AML_PATTERN_0064,TXN_01577238,15
PATTERN_TXN_0593,AML_PATTERN_0064,TXN_01577240,16
PATTERN_TXN_0594,AML_PATTERN_0064,TXN_01577241,17
PATTERN_TXN_0595,AML_PATTERN_0064,TXN_01577243,18
PATTERN_TXN_0596,AML_PATTERN_0064,TXN_01577245,19
PATTERN_TXN_0597,AML_PATTERN_0064,TXN_01577248,20
PATTERN_TXN_0598,AML_PATTERN_0064,TXN_01577249,21
PATTERN_TXN_0599,AML_PATTERN_0064,TXN_01577251,22
PATTERN_TXN_0600,AML_PATTERN_0064,TXN_01577253,23
PATTERN_TXN_0601,AML_PATTERN_0064,TXN_01577256,24
PATTERN_TXN_0602,AML_PATTERN_0064,TXN_01577257,25
PATTERN_TXN_0603,AML_PATTERN_0064,TXN_01577260,26
PATTERN_TXN_0604,AML_PATTERN_0064,TXN_01577262,27
PATTERN_TXN_0605,AML_PATTERN_0064,TXN_01577265,28
PATTERN_TXN_0606,AML_PATTERN_0064,TXN_01577267,29
PATTERN_TXN_0607,AML_PATTERN_0064,TXN_01577268,30
PATTERN_TXN_0608,AML_PATTERN_0065,TXN_01577270,1
PATTERN_TXN_0609,AML_PATTERN_0065,TXN_01577271,2
PATTERN_TXN_0610,AML_PATTERN_0066,TXN_01592606,1
PATTERN_TXN_0611,AML_PATTERN_0066,TXN_01592609,2
PATTERN_TXN_0612,AML_PATTERN_0067,TXN_01639584,1
PATTERN_TXN_0613,AML_PATTERN_0067,TXN_01639587,2
PATTERN_TXN_0614,AML_PATTERN_0067,TXN_01639589,3
PATTERN_TXN_0615,AML_PATTERN_0067,TXN_01639592,4
PATTERN_TXN_0616,AML_PATTERN_0067,TXN_01639594,5
PATTERN_TXN_0617,AML_PATTERN_0067,TXN_01639596,6
PATTERN_TXN_0618,AML_PATTERN_0067,TXN_01639597,7
PATTERN_TXN_0619,AML_PATTERN_0067,TXN_01639599,8
PATTERN_TXN_0620,AML_PATTERN_0067,TXN_01639601,9
PATTERN_TXN_0621,AML_PATTERN_0067,TXN_01639604,10
PATTERN_TXN_0622,AML_PATTERN_0067,TXN_01639606,11
PATTERN_TXN_0623,AML_PATTERN_0067,TXN_01639608,12
PATTERN_TXN_0624,AML_PATTERN_0067,TXN_01639609,13
PATTERN_TXN_0625,AML_PATTERN_0067,TXN_01639611,14
PATTERN_TXN_0626,AML_PATTERN_0068,TXN_01639615,1
PATTERN_TXN_0627,AML_PATTERN_0068,TXN_01639616,2
PATTERN_TXN_0628,AML_PATTERN_0068,TXN_01639617,3
PATTERN_TXN_0629,AML_PATTERN_0068,TXN_01639618,4
PATTERN_TXN_0630,AML_PATTERN_0069,TXN_01685585,1
PATTERN_TXN_0631,AML_PATTERN_0069,TXN_01685586,2
PATTERN_TXN_0632,AML_PATTERN_0070,TXN_01692251,1
PATTERN_TXN_0633,AML_PATTERN_0070,TXN_01692252,2
PATTERN_TXN_0634,AML_PATTERN_0071,TXN_01731565,1
PATTERN_TXN_0635,AML_PATTERN_0071,TXN_01731566,2
PATTERN_TXN_0636,AML_PATTERN_0072,TXN_01746374,1
PATTERN_TXN_0637,AML_PATTERN_0072,TXN_01746376,2
PATTERN_TXN_0638,AML_PATTERN_0072,TXN_01746378,3
PATTERN_TXN_0639,AML_PATTERN_0072,TXN_01746381,4
PATTERN_TXN_0640,AML_PATTERN_0073,TXN_01746593,1
PATTERN_TXN_0641,AML_PATTERN_0073,TXN_01746594,2
PATTERN_TXN_0642,AML_PATTERN_0073,TXN_01746595,3
PATTERN_TXN_0643,AML_PATTERN_0073,TXN_01746596,4
PATTERN_TXN_0644,AML_PATTERN_0073,TXN_01746597,5
PATTERN_TXN_0645,AML_PATTERN_0073,TXN_01746598,6
PATTERN_TXN_0646,AML_PATTERN_0073,TXN_01746600,7
PATTERN_TXN_0647,AML_PATTERN_0073,TXN_01746603,8
PATTERN_TXN_0648,AML_PATTERN_0073,TXN_01746604,9
PATTERN_TXN_0649,AML_PATTERN_0073,TXN_01746606,10
PATTERN_TXN_0650,AML_PATTERN_0073,TXN_01746608,11
PATTERN_TXN_0651,AML_PATTERN_0073,TXN_01746610,12
PATTERN_TXN_0652,AML_PATTERN_0074,TXN_01792947,1
PATTERN_TXN_0653,AML_PATTERN_0074,TXN_01792949,2
PATTERN_TXN_0654,AML_PATTERN_0074,TXN_01792951,3
PATTERN_TXN_0655,AML_PATTERN_0075,TXN_01808345,1
PATTERN_TXN_0656,AML_PATTERN_0075,TXN_01808347,2
PATTERN_TXN_0657,AML_PATTERN_0075,TXN_01808349,3
PATTERN_TXN_0658,AML_PATTERN_0075,TXN_01808351,4
PATTERN_TXN_0659,AML_PATTERN_0075,TXN_01808353,5
PATTERN_TXN_0660,AML_PATTERN_0076,TXN_01808388,1
PATTERN_TXN_0661,AML_PATTERN_0076,TXN_01808390,2
PATTERN_TXN_0662,AML_PATTERN_0076,TXN_01808391,3
PATTERN_TXN_0663,AML_PATTERN_0076,TXN_01808392,4
PATTERN_TXN_0664,AML_PATTERN_0076,TXN_01808393,5
PATTERN_TXN_0665,AML_PATTERN_0076,TXN_01808395,6
PATTERN_TXN_0666,AML_PATTERN_0076,TXN_01808397,7
PATTERN_TXN_0667,AML_PATTERN_0077,TXN_01839090,1
PATTERN_TXN_0668,AML_PATTERN_0077,TXN_01839092,2
PATTERN_TXN_0669,AML_PATTERN_0077,TXN_01839094,3
PATTERN_TXN_0670,AML_PATTERN_0077,TXN_01839095,4
PATTERN_TXN_0671,AML_PATTERN_0077,TXN_01839096,5
PATTERN_TXN_0672,AML_PATTERN_0077,TXN_01839098,6
PATTERN_TXN_0673,AML_PATTERN_0077,TXN_01839099,7
PATTERN_TXN_0674,AML_PATTERN_0077,TXN_01839101,8
PATTERN_TXN_0675,AML_PATTERN_0077,TXN_01839103,9
PATTERN_TXN_0676,AML_PATTERN_0077,TXN_01839105,10
PATTERN_TXN_0677,AML_PATTERN_0077,TXN_01839106,11
PATTERN_TXN_0678,AML_PATTERN_0077,TXN_01839107,12
PATTERN_TXN_0679,AML_PATTERN_0077,TXN_01839109,13
PATTERN_TXN_0680,AML_PATTERN_0078,TXN_01839116,1
PATTERN_TXN_0681,AML_PATTERN_0078,TXN_01839118,2
PATTERN_TXN_0682,AML_PATTERN_0078,TXN_01839119,3
PATTERN_TXN_0683,AML_PATTERN_0078,TXN_01839121,4
PATTERN_TXN_0684,AML_PATTERN_0078,TXN_01839123,5
PATTERN_TXN_0685,AML_PATTERN_0078,TXN_01839125,6
PATTERN_TXN_0686,AML_PATTERN_0078,TXN_01839127,7
PATTERN_TXN_0687,AML_PATTERN_0078,TXN_01839129,8
PATTERN_TXN_0688,AML_PATTERN_0078,TXN_01839131,9
PATTERN_TXN_0689,AML_PATTERN_0079,TXN_01854431,1
PATTERN_TXN_0690,AML_PATTERN_0079,TXN_01854432,2
PATTERN_TXN_0691,AML_PATTERN_0079,TXN_01854434,3
PATTERN_TXN_0692,AML_PATTERN_0079,TXN_01854436,4
PATTERN_TXN_0693,AML_PATTERN_0079,TXN_01854438,5
PATTERN_TXN_0694,AML_PATTERN_0079,TXN_01854440,6
PATTERN_TXN_0695,AML_PATTERN_0079,TXN_01854443,7
PATTERN_TXN_0696,AML_PATTERN_0079,TXN_01854444,8
PATTERN_TXN_0697,AML_PATTERN_0079,TXN_01854445,9
PATTERN_TXN_0698,AML_PATTERN_0080,TXN_01854491,1
PATTERN_TXN_0699,AML_PATTERN_0080,TXN_01854493,2
PATTERN_TXN_0700,AML_PATTERN_0080,TXN_01854494,3
PATTERN_TXN_0701,AML_PATTERN_0080,TXN_01854496,4
PATTERN_TXN_0702,AML_PATTERN_0080,TXN_01854498,5
PATTERN_TXN_0703,AML_PATTERN_0080,TXN_01854499,6
PATTERN_TXN_0704,AML_PATTERN_0080,TXN_01854501,7
PATTERN_TXN_0705,AML_PATTERN_0080,TXN_01854502,8
PATTERN_TXN_0706,AML_PATTERN_0080,TXN_01854503,9
PATTERN_TXN_0707,AML_PATTERN_0080,TXN_01854505,10
PATTERN_TXN_0708,AML_PATTERN_0080,TXN_01854507,11
PATTERN_TXN_0709,AML_PATTERN_0080,TXN_01854509,12
PATTERN_TXN_0710,AML_PATTERN_0080,TXN_01854510,13
PATTERN_TXN_0711,AML_PATTERN_0080,TXN_01854511,14
PATTERN_TXN_0712,AML_PATTERN_0080,TXN_01854513,15
PATTERN_TXN_0713,AML_PATTERN_0080,TXN_01854514,16
PATTERN_TXN_0714,AML_PATTERN_0080,TXN_01854516,17
PATTERN_TXN_0715,AML_PATTERN_0080,TXN_01854517,18
PATTERN_TXN_0716,AML_PATTERN_0080,TXN_01854519,19
PATTERN_TXN_0717,AML_PATTERN_0080,TXN_01854521,20
PATTERN_TXN_0718,AML_PATTERN_0080,TXN_01854523,21
PATTERN_TXN_0719,AML_PATTERN_0080,TXN_01854525,22
PATTERN_TXN_0720,AML_PATTERN_0080,TXN_01854527,23
PATTERN_TXN_0721,AML_PATTERN_0080,TXN_01854529,24
PATTERN_TXN_0722,AML_PATTERN_0081,TXN_01892450,1
PATTERN_TXN_0723,AML_PATTERN_0081,TXN_01892451,2
PATTERN_TXN_0724,AML_PATTERN_0081,TXN_01892452,3
PATTERN_TXN_0725,AML_PATTERN_0081,TXN_01892453,4
PATTERN_TXN_0726,AML_PATTERN_0082,TXN_01896436,1
PATTERN_TXN_0727,AML_PATTERN_0082,TXN_01896438,2
PATTERN_TXN_0728,AML_PATTERN_0082,TXN_01896440,3
PATTERN_TXN_0729,AML_PATTERN_0082,TXN_01896442,4
PATTERN_TXN_0730,AML_PATTERN_0082,TXN_01896444,5
PATTERN_TXN_0731,AML_PATTERN_0082,TXN_01896446,6
PATTERN_TXN_0732,AML_PATTERN_0082,TXN_01896448,7
PATTERN_TXN_0733,AML_PATTERN_0082,TXN_01896450,8
PATTERN_TXN_0734,AML_PATTERN_0082,TXN_01896452,9
PATTERN_TXN_0735,AML_PATTERN_0082,TXN_01896454,10
PATTERN_TXN_0736,AML_PATTERN_0082,TXN_01896456,11
PATTERN_TXN_0737,AML_PATTERN_0082,TXN_01896458,12
PATTERN_TXN_0738,AML_PATTERN_0082,TXN_01896460,13
PATTERN_TXN_0739,AML_PATTERN_0082,TXN_01896462,14
PATTERN_TXN_0740,AML_PATTERN_0082,TXN_01896464,15
PATTERN_TXN_0741,AML_PATTERN_0082,TXN_01896466,16
PATTERN_TXN_0742,AML_PATTERN_0082,TXN_01896468,17
PATTERN_TXN_0743,AML_PATTERN_0082,TXN_01896470,18
PATTERN_TXN_0744,AML_PATTERN_0082,TXN_01896472,19
PATTERN_TXN_0745,AML_PATTERN_0083,TXN_01896478,1
PATTERN_TXN_0746,AML_PATTERN_0083,TXN_01896480,2
PATTERN_TXN_0747,AML_PATTERN_0083,TXN_01896482,3
PATTERN_TXN_0748,AML_PATTERN_0083,TXN_01896483,4
PATTERN_TXN_0749,AML_PATTERN_0083,TXN_01896485,5
PATTERN_TXN_0750,AML_PATTERN_0083,TXN_01896487,6
PATTERN_TXN_0751,AML_PATTERN_0083,TXN_01896489,7
PATTERN_TXN_0752,AML_PATTERN_0083,TXN_01896491,8
PATTERN_TXN_0753,AML_PATTERN_0083,TXN_01896493,9
PATTERN_TXN_0754,AML_PATTERN_0083,TXN_01896495,10
PATTERN_TXN_0755,AML_PATTERN_0083,TXN_01896497,11
PATTERN_TXN_0756,AML_PATTERN_0083,TXN_01896500,12
PATTERN_TXN_0757,AML_PATTERN_0083,TXN_01896502,13
PATTERN_TXN_0758,AML_PATTERN_0083,TXN_01896504,14
PATTERN_TXN_0759,AML_PATTERN_0083,TXN_01896506,15
PATTERN_TXN_0760,AML_PATTERN_0083,TXN_01896508,16
PATTERN_TXN_0761,AML_PATTERN_0083,TXN_01896510,17
PATTERN_TXN_0762,AML_PATTERN_0083,TXN_01896512,18
PATTERN_TXN_0763,AML_PATTERN_0083,TXN_01896514,19
PATTERN_TXN_0764,AML_PATTERN_0083,TXN_01896516,20
PATTERN_TXN_0765,AML_PATTERN_0083,TXN_01896518,21
PATTERN_TXN_0766,AML_PATTERN_0083,TXN_01896520,22
PATTERN_TXN_0767,AML_PATTERN_0083,TXN_01896522,23
PATTERN_TXN_0768,AML_PATTERN_0083,TXN_01896525,24
PATTERN_TXN_0769,AML_PATTERN_0083,TXN_01896527,25
PATTERN_TXN_0770,AML_PATTERN_0083,TXN_01896530,26
PATTERN_TXN_0771,AML_PATTERN_0084,TXN_01896533,1
PATTERN_TXN_0772,AML_PATTERN_0084,TXN_01896534,2
PATTERN_TXN_0773,AML_PATTERN_0084,TXN_01896535,3
PATTERN_TXN_0774,AML_PATTERN_0084,TXN_01896536,4
PATTERN_TXN_0775,AML_PATTERN_0084,TXN_01896538,5
PATTERN_TXN_0776,AML_PATTERN_0084,TXN_01896540,6
PATTERN_TXN_0777,AML_PATTERN_0084,TXN_01896541,7
PATTERN_TXN_0778,AML_PATTERN_0084,TXN_01896542,8
PATTERN_TXN_0779,AML_PATTERN_0084,TXN_01896543,9
PATTERN_TXN_0780,AML_PATTERN_0084,TXN_01896544,10
PATTERN_TXN_0781,AML_PATTERN_0084,TXN_01896546,11
PATTERN_TXN_0782,AML_PATTERN_0084,TXN_01896548,12
PATTERN_TXN_0783,AML_PATTERN_0084,TXN_01896549,13
PATTERN_TXN_0784,AML_PATTERN_0084,TXN_01896550,14
PATTERN_TXN_0785,AML_PATTERN_0084,TXN_01896552,15
PATTERN_TXN_0786,AML_PATTERN_0084,TXN_01896554,16
PATTERN_TXN_0787,AML_PATTERN_0084,TXN_01896555,17
PATTERN_TXN_0788,AML_PATTERN_0084,TXN_01896557,18
PATTERN_TXN_0789,AML_PATTERN_0085,TXN_01904415,1
PATTERN_TXN_0790,AML_PATTERN_0085,TXN_01904416,2
PATTERN_TXN_0791,AML_PATTERN_0086,TXN_01908224,1
PATTERN_TXN_0792,AML_PATTERN_0086,TXN_01908225,2
PATTERN_TXN_0793,AML_PATTERN_0087,TXN_01916067,1
PATTERN_TXN_0794,AML_PATTERN_0087,TXN_01916069,2
PATTERN_TXN_0795,AML_PATTERN_0087,TXN_01916071,3
PATTERN_TXN_0796,AML_PATTERN_0087,TXN_01916072,4
PATTERN_TXN_0797,AML_PATTERN_0087,TXN_01916074,5
PATTERN_TXN_0798,AML_PATTERN_0087,TXN_01916076,6
PATTERN_TXN_0799,AML_PATTERN_0087,TXN_01916078,7
PATTERN_TXN_0800,AML_PATTERN_0087,TXN_01916080,8
PATTERN_TXN_0801,AML_PATTERN_0087,TXN_01916081,9
PATTERN_TXN_0802,AML_PATTERN_0087,TXN_01916083,10
PATTERN_TXN_0803,AML_PATTERN_0087,TXN_01916085,11
PATTERN_TXN_0804,AML_PATTERN_0087,TXN_01916087,12
PATTERN_TXN_0805,AML_PATTERN_0087,TXN_01916089,13
PATTERN_TXN_0806,AML_PATTERN_0088,TXN_01916102,1
PATTERN_TXN_0807,AML_PATTERN_0089,TXN_01916104,1
PATTERN_TXN_0808,AML_PATTERN_0089,TXN_01916105,2
PATTERN_TXN_0809,AML_PATTERN_0089,TXN_01916106,3
PATTERN_TXN_0810,AML_PATTERN_0089,TXN_01916107,4
PATTERN_TXN_0811,AML_PATTERN_0089,TXN_01916108,5
PATTERN_TXN_0812,AML_PATTERN_0090,TXN_01920308,1
PATTERN_TXN_0813,AML_PATTERN_0090,TXN_01920310,2
PATTERN_TXN_0814,AML_PATTERN_0091,TXN_01924309,1
PATTERN_TXN_0815,AML_PATTERN_0091,TXN_01924311,2
PATTERN_TXN_0816,AML_PATTERN_0091,TXN_01924313,3
PATTERN_TXN_0817,AML_PATTERN_0091,TXN_01924315,4
PATTERN_TXN_0818,AML_PATTERN_0091,TXN_01924317,5
PATTERN_TXN_0819,AML_PATTERN_0091,TXN_01924319,6
PATTERN_TXN_0820,AML_PATTERN_0091,TXN_01924321,7
PATTERN_TXN_0821,AML_PATTERN_0091,TXN_01924323,8
PATTERN_TXN_0822,AML_PATTERN_0091,TXN_01924325,9
PATTERN_TXN_0823,AML_PATTERN_0091,TXN_01924327,10
PATTERN_TXN_0824,AML_PATTERN_0091,TXN_01924329,11
PATTERN_TXN_0825,AML_PATTERN_0091,TXN_01924331,12
PATTERN_TXN_0826,AML_PATTERN_0091,TXN_01924333,13
PATTERN_TXN_0827,AML_PATTERN_0091,TXN_01924335,14
PATTERN_TXN_0828,AML_PATTERN_0091,TXN_01924337,15
PATTERN_TXN_0829,AML_PATTERN_0091,TXN_01924339,16
PATTERN_TXN_0830,AML_PATTERN_0092,TXN_01928477,1
PATTERN_TXN_0831,AML_PATTERN_0092,TXN_01928479,2
PATTERN_TXN_0832,AML_PATTERN_0092,TXN_01928481,3
PATTERN_TXN_0833,AML_PATTERN_0092,TXN_01928483,4
PATTERN_TXN_0834,AML_PATTERN_0092,TXN_01928485,5
PATTERN_TXN_0835,AML_PATTERN_0092,TXN_01928487,6
PATTERN_TXN_0836,AML_PATTERN_0092,TXN_01928489,7
PATTERN_TXN_0837,AML_PATTERN_0092,TXN_01928491,8
PATTERN_TXN_0838,AML_PATTERN_0092,TXN_01928493,9
PATTERN_TXN_0839,AML_PATTERN_0092,TXN_01928495,10
PATTERN_TXN_0840,AML_PATTERN_0092,TXN_01928497,11
PATTERN_TXN_0841,AML_PATTERN_0092,TXN_01928499,12
PATTERN_TXN_0842,AML_PATTERN_0092,TXN_01928501,13
PATTERN_TXN_0843,AML_PATTERN_0092,TXN_01928503,14
PATTERN_TXN_0844,AML_PATTERN_0092,TXN_01928505,15
PATTERN_TXN_0845,AML_PATTERN_0092,TXN_01928507,16
PATTERN_TXN_0846,AML_PATTERN_0092,TXN_01928509,17
PATTERN_TXN_0847,AML_PATTERN_0092,TXN_01928511,18
PATTERN_TXN_0848,AML_PATTERN_0092,TXN_01928513,19
PATTERN_TXN_0849,AML_PATTERN_0092,TXN_01928515,20
PATTERN_TXN_0850,AML_PATTERN_0092,TXN_01928517,21
PATTERN_TXN_0851,AML_PATTERN_0093,TXN_01932433,1
PATTERN_TXN_0852,AML_PATTERN_0093,TXN_01932435,2
PATTERN_TXN_0853,AML_PATTERN_0093,TXN_01932436,3
PATTERN_TXN_0854,AML_PATTERN_0093,TXN_01932437,4
PATTERN_TXN_0855,AML_PATTERN_0093,TXN_01932439,5
PATTERN_TXN_0856,AML_PATTERN_0093,TXN_01932441,6
PATTERN_TXN_0857,AML_PATTERN_0093,TXN_01932443,7
PATTERN_TXN_0858,AML_PATTERN_0093,TXN_01932445,8
PATTERN_TXN_0859,AML_PATTERN_0093,TXN_01932446,9
PATTERN_TXN_0860,AML_PATTERN_0093,TXN_01932448,10
PATTERN_TXN_0861,AML_PATTERN_0093,TXN_01932450,11
PATTERN_TXN_0862,AML_PATTERN_0094,TXN_01936542,1
PATTERN_TXN_0863,AML_PATTERN_0094,TXN_01936544,2
PATTERN_TXN_0864,AML_PATTERN_0094,TXN_01936546,3
PATTERN_TXN_0865,AML_PATTERN_0094,TXN_01936548,4
PATTERN_TXN_0866,AML_PATTERN_0094,TXN_01936550,5
PATTERN_TXN_0867,AML_PATTERN_0094,TXN_01936552,6
PATTERN_TXN_0868,AML_PATTERN_0094,TXN_01936554,7
PATTERN_TXN_0869,AML_PATTERN_0094,TXN_01936555,8
PATTERN_TXN_0870,AML_PATTERN_0094,TXN_01936557,9
PATTERN_TXN_0871,AML_PATTERN_0094,TXN_01936559,10
PATTERN_TXN_0872,AML_PATTERN_0094,TXN_01936560,11
PATTERN_TXN_0873,AML_PATTERN_0094,TXN_01936561,12
PATTERN_TXN_0874,AML_PATTERN_0094,TXN_01936562,13
PATTERN_TXN_0875,AML_PATTERN_0094,TXN_01936563,14
PATTERN_TXN_0876,AML_PATTERN_0094,TXN_01936564,15
PATTERN_TXN_0877,AML_PATTERN_0094,TXN_01936566,16
PATTERN_TXN_0878,AML_PATTERN_0094,TXN_01936568,17
PATTERN_TXN_0879,AML_PATTERN_0094,TXN_01936570,18
PATTERN_TXN_0880,AML_PATTERN_0094,TXN_01936571,19
PATTERN_TXN_0881,AML_PATTERN_0094,TXN_01936573,20
PATTERN_TXN_0882,AML_PATTERN_0094,TXN_01936575,21
PATTERN_TXN_0883,AML_PATTERN_0094,TXN_01936577,22
PATTERN_TXN_0884,AML_PATTERN_0094,TXN_01936579,23
PATTERN_TXN_0885,AML_PATTERN_0094,TXN_01936581,24
PATTERN_TXN_0886,AML_PATTERN_0095,TXN_01944661,1
PATTERN_TXN_0887,AML_PATTERN_0095,TXN_01944663,2
PATTERN_TXN_0888,AML_PATTERN_0095,TXN_01944665,3
PATTERN_TXN_0889,AML_PATTERN_0095,TXN_01944666,4
PATTERN_TXN_0890,AML_PATTERN_0095,TXN_01944668,5
PATTERN_TXN_0891,AML_PATTERN_0095,TXN_01944670,6
PATTERN_TXN_0892,AML_PATTERN_0096,TXN_01948600,1
PATTERN_TXN_0893,AML_PATTERN_0096,TXN_01948602,2
PATTERN_TXN_0894,AML_PATTERN_0096,TXN_01948604,3
PATTERN_TXN_0895,AML_PATTERN_0096,TXN_01948606,4
PATTERN_TXN_0896,AML_PATTERN_0096,TXN_01948608,5
PATTERN_TXN_0897,AML_PATTERN_0096,TXN_01948611,6
PATTERN_TXN_0898,AML_PATTERN_0096,TXN_01948613,7
PATTERN_TXN_0899,AML_PATTERN_0096,TXN_01948615,8
PATTERN_TXN_0900,AML_PATTERN_0097,TXN_01962282,1
PATTERN_TXN_0901,AML_PATTERN_0098,TXN_01982462,1
PATTERN_TXN_0902,AML_PATTERN_0098,TXN_01982463,2
PATTERN_TXN_0903,AML_PATTERN_0099,TXN_01984622,1
PATTERN_TXN_0904,AML_PATTERN_0099,TXN_01984624,2
PATTERN_TXN_0905,AML_PATTERN_0100,TXN_01984625,1
PATTERN_TXN_0906,AML_PATTERN_0100,TXN_01984626,2
PATTERN_TXN_0907,AML_PATTERN_0100,TXN_01984627,3
PATTERN_TXN_0908,AML_PATTERN_0100,TXN_01984628,4
PATTERN_TXN_0909,AML_PATTERN_0100,TXN_01984629,5
PATTERN_TXN_0910,AML_PATTERN_0100,TXN_01984630,6
PATTERN_TXN_0911,AML_PATTERN_0101,TXN_01998593,1
PATTERN_TXN_0912,AML_PATTERN_0102,TXN_02010284,1
PATTERN_TXN_0913,AML_PATTERN_0103,TXN_02012556,1
PATTERN_TXN_0914,AML_PATTERN_0103,TXN_02012557,2
PATTERN_TXN_0915,AML_PATTERN_0103,TXN_02012558,3
PATTERN_TXN_0916,AML_PATTERN_0104,TXN_02016676,1
PATTERN_TXN_0917,AML_PATTERN_0104,TXN_02016677,2
PATTERN_TXN_0918,AML_PATTERN_0104,TXN_02016678,3
PATTERN_TXN_0919,AML_PATTERN_0104,TXN_02016680,4
PATTERN_TXN_0920,AML_PATTERN_0104,TXN_02016682,5
PATTERN_TXN_0921,AML_PATTERN_0104,TXN_02016683,6
PATTERN_TXN_0922,AML_PATTERN_0104,TXN_02016685,7
PATTERN_TXN_0923,AML_PATTERN_0104,TXN_02016687,8
PATTERN_TXN_0924,AML_PATTERN_0104,TXN_02016689,9
PATTERN_TXN_0925,AML_PATTERN_0104,TXN_02016690,10
PATTERN_TXN_0926,AML_PATTERN_0104,TXN_02016692,11
PATTERN_TXN_0927,AML_PATTERN_0104,TXN_02016693,12
PATTERN_TXN_0928,AML_PATTERN_0104,TXN_02016695,13
PATTERN_TXN_0929,AML_PATTERN_0105,TXN_02020677,1
PATTERN_TXN_0930,AML_PATTERN_0105,TXN_02020678,2
PATTERN_TXN_0931,AML_PATTERN_0106,TXN_02024584,1
PATTERN_TXN_0932,AML_PATTERN_0106,TXN_02024585,2
PATTERN_TXN_0933,AML_PATTERN_0106,TXN_02024587,3
PATTERN_TXN_0934,AML_PATTERN_0106,TXN_02024589,4
PATTERN_TXN_0935,AML_PATTERN_0106,TXN_02024591,5
PATTERN_TXN_0936,AML_PATTERN_0107,TXN_02028613,1
PATTERN_TXN_0937,AML_PATTERN_0107,TXN_02028615,2
PATTERN_TXN_0938,AML_PATTERN_0107,TXN_02028618,3
PATTERN_TXN_0939,AML_PATTERN_0107,TXN_02028621,4
PATTERN_TXN_0940,AML_PATTERN_0107,TXN_02028624,5
PATTERN_TXN_0941,AML_PATTERN_0107,TXN_02028627,6
PATTERN_TXN_0942,AML_PATTERN_0108,TXN_02040663,1
PATTERN_TXN_0943,AML_PATTERN_0108,TXN_02040665,2
PATTERN_TXN_0944,AML_PATTERN_0108,TXN_02040667,3
PATTERN_TXN_0945,AML_PATTERN_0109,TXN_02044872,1
PATTERN_TXN_0946,AML_PATTERN_0109,TXN_02044874,2
PATTERN_TXN_0947,AML_PATTERN_0109,TXN_02044876,3
PATTERN_TXN_0948,AML_PATTERN_0109,TXN_02044879,4
PATTERN_TXN_0949,AML_PATTERN_0109,TXN_02044881,5
PATTERN_TXN_0950,AML_PATTERN_0109,TXN_02044884,6
PATTERN_TXN_0951,AML_PATTERN_0110,TXN_02061227,1
PATTERN_TXN_0952,AML_PATTERN_0110,TXN_02061228,2
PATTERN_TXN_0953,AML_PATTERN_0111,TXN_02062977,1
PATTERN_TXN_0954,AML_PATTERN_0112,TXN_02073415,1
PATTERN_TXN_0955,AML_PATTERN_0112,TXN_02073416,2
PATTERN_TXN_0956,AML_PATTERN_0112,TXN_02073417,3
PATTERN_TXN_0957,AML_PATTERN_0112,TXN_02073418,4
PATTERN_TXN_0958,AML_PATTERN_0113,TXN_02077471,1
PATTERN_TXN_0959,AML_PATTERN_0113,TXN_02077472,2
PATTERN_TXN_0960,AML_PATTERN_0114,TXN_02095577,1
PATTERN_TXN_0961,AML_PATTERN_0114,TXN_02095579,2
PATTERN_TXN_0962,AML_PATTERN_0115,TXN_02095608,1
PATTERN_TXN_0963,AML_PATTERN_0115,TXN_02095610,2
PATTERN_TXN_0964,AML_PATTERN_0115,TXN_02095612,3
PATTERN_TXN_0965,AML_PATTERN_0115,TXN_02095614,4
PATTERN_TXN_0966,AML_PATTERN_0115,TXN_02095615,5
PATTERN_TXN_0967,AML_PATTERN_0115,TXN_02095617,6
PATTERN_TXN_0968,AML_PATTERN_0115,TXN_02095619,7
PATTERN_TXN_0969,AML_PATTERN_0115,TXN_02095621,8
PATTERN_TXN_0970,AML_PATTERN_0115,TXN_02095622,9
PATTERN_TXN_0971,AML_PATTERN_0115,TXN_02095624,10
PATTERN_TXN_0972,AML_PATTERN_0116,TXN_02116311,1
PATTERN_TXN_0973,AML_PATTERN_0116,TXN_02116312,2
PATTERN_TXN_0974,AML_PATTERN_0116,TXN_02116314,3
PATTERN_TXN_0975,AML_PATTERN_0116,TXN_02116316,4
PATTERN_TXN_0976,AML_PATTERN_0116,TXN_02116317,5
PATTERN_TXN_0977,AML_PATTERN_0116,TXN_02116318,6
PATTERN_TXN_0978,AML_PATTERN_0116,TXN_02116319,7
PATTERN_TXN_0979,AML_PATTERN_0116,TXN_02116321,8
PATTERN_TXN_0980,AML_PATTERN_0116,TXN_02116323,9
PATTERN_TXN_0981,AML_PATTERN_0116,TXN_02116325,10
PATTERN_TXN_0982,AML_PATTERN_0116,TXN_02116326,11
PATTERN_TXN_0983,AML_PATTERN_0116,TXN_02116328,12
PATTERN_TXN_0984,AML_PATTERN_0116,TXN_02116329,13
PATTERN_TXN_0985,AML_PATTERN_0116,TXN_02116330,14
PATTERN_TXN_0986,AML_PATTERN_0116,TXN_02116332,15
PATTERN_TXN_0987,AML_PATTERN_0116,TXN_02116334,16
PATTERN_TXN_0988,AML_PATTERN_0116,TXN_02116335,17
PATTERN_TXN_0989,AML_PATTERN_0116,TXN_02116337,18
PATTERN_TXN_0990,AML_PATTERN_0116,TXN_02116339,19
PATTERN_TXN_0991,AML_PATTERN_0116,TXN_02116341,20
PATTERN_TXN_0992,AML_PATTERN_0117,TXN_02120419,1
PATTERN_TXN_0993,AML_PATTERN_0117,TXN_02120421,2
PATTERN_TXN_0994,AML_PATTERN_0117,TXN_02120423,3
PATTERN_TXN_0995,AML_PATTERN_0117,TXN_02120425,4
PATTERN_TXN_0996,AML_PATTERN_0117,TXN_02120427,5
PATTERN_TXN_0997,AML_PATTERN_0117,TXN_02120429,6
PATTERN_TXN_0998,AML_PATTERN_0117,TXN_02120431,7
PATTERN_TXN_0999,AML_PATTERN_0118,TXN_02128529,1
PATTERN_TXN_1000,AML_PATTERN_0118,TXN_02128531,2
PATTERN_TXN_1001,AML_PATTERN_0118,TXN_02128533,3
PATTERN_TXN_1002,AML_PATTERN_0118,TXN_02128535,4
PATTERN_TXN_1003,AML_PATTERN_0118,TXN_02128537,5
PATTERN_TXN_1004,AML_PATTERN_0118,TXN_02128538,6
PATTERN_TXN_1005,AML_PATTERN_0118,TXN_02128540,7
PATTERN_TXN_1006,AML_PATTERN_0119,TXN_02132642,1
PATTERN_TXN_1007,AML_PATTERN_0119,TXN_02132643,2
PATTERN_TXN_1008,AML_PATTERN_0119,TXN_02132644,3
PATTERN_TXN_1009,AML_PATTERN_0119,TXN_02132645,4
PATTERN_TXN_1010,AML_PATTERN_0119,TXN_02132646,5
PATTERN_TXN_1011,AML_PATTERN_0119,TXN_02132647,6
PATTERN_TXN_1012,AML_PATTERN_0119,TXN_02132648,7
PATTERN_TXN_1013,AML_PATTERN_0119,TXN_02132649,8
PATTERN_TXN_1014,AML_PATTERN_0119,TXN_02132650,9
PATTERN_TXN_1015,AML_PATTERN_0119,TXN_02132651,10
PATTERN_TXN_1016,AML_PATTERN_0119,TXN_02132652,11
PATTERN_TXN_1017,AML_PATTERN_0119,TXN_02132653,12
PATTERN_TXN_1018,AML_PATTERN_0119,TXN_02132655,13
PATTERN_TXN_1019,AML_PATTERN_0119,TXN_02132656,14
PATTERN_TXN_1020,AML_PATTERN_0119,TXN_02132658,15
PATTERN_TXN_1021,AML_PATTERN_0119,TXN_02132659,16
PATTERN_TXN_1022,AML_PATTERN_0119,TXN_02132660,17
PATTERN_TXN_1023,AML_PATTERN_0119,TXN_02132661,18
PATTERN_TXN_1024,AML_PATTERN_0119,TXN_02132662,19
PATTERN_TXN_1025,AML_PATTERN_0119,TXN_02132663,20
PATTERN_TXN_1026,AML_PATTERN_0119,TXN_02132664,21
PATTERN_TXN_1027,AML_PATTERN_0120,TXN_02132665,1
PATTERN_TXN_1028,AML_PATTERN_0120,TXN_02132666,2
PATTERN_TXN_1029,AML_PATTERN_0121,TXN_02136584,1
PATTERN_TXN_1030,AML_PATTERN_0121,TXN_02136586,2
PATTERN_TXN_1031,AML_PATTERN_0121,TXN_02136588,3
PATTERN_TXN_1032,AML_PATTERN_0122,TXN_02148596,1
PATTERN_TXN_1033,AML_PATTERN_0122,TXN_02148598,2
PATTERN_TXN_1034,AML_PATTERN_0122,TXN_02148599,3
PATTERN_TXN_1035,AML_PATTERN_0123,TXN_02150317,1
PATTERN_TXN_1036,AML_PATTERN_0123,TXN_02150318,2
PATTERN_TXN_1037,AML_PATTERN_0123,TXN_02150319,3
PATTERN_TXN_1038,AML_PATTERN_0123,TXN_02150320,4
PATTERN_TXN_1039,AML_PATTERN_0123,TXN_02150321,5
PATTERN_TXN_1040,AML_PATTERN_0123,TXN_02150323,6
PATTERN_TXN_1041,AML_PATTERN_0123,TXN_02150324,7
PATTERN_TXN_1042,AML_PATTERN_0123,TXN_02150326,8
PATTERN_TXN_1043,AML_PATTERN_0123,TXN_02150328,9
PATTERN_TXN_1044,AML_PATTERN_0123,TXN_02150329,10
PATTERN_TXN_1045,AML_PATTERN_0123,TXN_02150330,11
PATTERN_TXN_1046,AML_PATTERN_0124,TXN_02160245,1
PATTERN_TXN_1047,AML_PATTERN_0124,TXN_02160246,2
PATTERN_TXN_1048,AML_PATTERN_0124,TXN_02160248,3
PATTERN_TXN_1049,AML_PATTERN_0124,TXN_02160250,4
PATTERN_TXN_1050,AML_PATTERN_0125,TXN_02172409,1
PATTERN_TXN_1051,AML_PATTERN_0125,TXN_02172411,2
PATTERN_TXN_1052,AML_PATTERN_0125,TXN_02172413,3
PATTERN_TXN_1053,AML_PATTERN_0125,TXN_02172415,4
PATTERN_TXN_1054,AML_PATTERN_0125,TXN_02172417,5
PATTERN_TXN_1055,AML_PATTERN_0125,TXN_02172420,6
PATTERN_TXN_1056,AML_PATTERN_0125,TXN_02172421,7
PATTERN_TXN_1057,AML_PATTERN_0125,TXN_02172423,8
PATTERN_TXN_1058,AML_PATTERN_0125,TXN_02172425,9
PATTERN_TXN_1059,AML_PATTERN_0125,TXN_02172427,10
PATTERN_TXN_1060,AML_PATTERN_0125,TXN_02172429,11
PATTERN_TXN_1061,AML_PATTERN_0125,TXN_02172431,12
PATTERN_TXN_1062,AML_PATTERN_0125,TXN_02172433,13
PATTERN_TXN_1063,AML_PATTERN_0125,TXN_02172435,14
PATTERN_TXN_1064,AML_PATTERN_0125,TXN_02172437,15
PATTERN_TXN_1065,AML_PATTERN_0125,TXN_02172439,16
PATTERN_TXN_1066,AML_PATTERN_0125,TXN_02172441,17
PATTERN_TXN_1067,AML_PATTERN_0125,TXN_02172443,18
PATTERN_TXN_1068,AML_PATTERN_0125,TXN_02172445,19
PATTERN_TXN_1069,AML_PATTERN_0125,TXN_02172448,20
PATTERN_TXN_1070,AML_PATTERN_0125,TXN_02172450,21
PATTERN_TXN_1071,AML_PATTERN_0125,TXN_02172452,22
PATTERN_TXN_1072,AML_PATTERN_0125,TXN_02172454,23
PATTERN_TXN_1073,AML_PATTERN_0125,TXN_02172456,24
PATTERN_TXN_1074,AML_PATTERN_0125,TXN_02172458,25
PATTERN_TXN_1075,AML_PATTERN_0125,TXN_02172460,26
PATTERN_TXN_1076,AML_PATTERN_0126,TXN_02176385,1
PATTERN_TXN_1077,AML_PATTERN_0126,TXN_02176387,2
PATTERN_TXN_1078,AML_PATTERN_0126,TXN_02176389,3
PATTERN_TXN_1079,AML_PATTERN_0126,TXN_02176391,4
PATTERN_TXN_1080,AML_PATTERN_0126,TXN_02176393,5
PATTERN_TXN_1081,AML_PATTERN_0126,TXN_02176395,6
PATTERN_TXN_1082,AML_PATTERN_0126,TXN_02176397,7
PATTERN_TXN_1083,AML_PATTERN_0126,TXN_02176398,8
PATTERN_TXN_1084,AML_PATTERN_0126,TXN_02176399,9
PATTERN_TXN_1085,AML_PATTERN_0126,TXN_02176401,10
PATTERN_TXN_1086,AML_PATTERN_0126,TXN_02176403,11
PATTERN_TXN_1087,AML_PATTERN_0126,TXN_02176405,12
PATTERN_TXN_1088,AML_PATTERN_0127,TXN_02180318,1
PATTERN_TXN_1089,AML_PATTERN_0127,TXN_02180320,2
PATTERN_TXN_1090,AML_PATTERN_0127,TXN_02180321,3
PATTERN_TXN_1091,AML_PATTERN_0128,TXN_02184269,1
PATTERN_TXN_1092,AML_PATTERN_0128,TXN_02184270,2
PATTERN_TXN_1093,AML_PATTERN_0128,TXN_02184272,3
PATTERN_TXN_1094,AML_PATTERN_0128,TXN_02184274,4
PATTERN_TXN_1095,AML_PATTERN_0128,TXN_02184276,5
PATTERN_TXN_1096,AML_PATTERN_0128,TXN_02184278,6
PATTERN_TXN_1097,AML_PATTERN_0128,TXN_02184280,7
PATTERN_TXN_1098,AML_PATTERN_0128,TXN_02184282,8
PATTERN_TXN_1099,AML_PATTERN_0128,TXN_02184284,9
PATTERN_TXN_1100,AML_PATTERN_0128,TXN_02184286,10
PATTERN_TXN_1101,AML_PATTERN_0128,TXN_02184288,11
PATTERN_TXN_1102,AML_PATTERN_0128,TXN_02184289,12
PATTERN_TXN_1103,AML_PATTERN_0128,TXN_02184291,13
PATTERN_TXN_1104,AML_PATTERN_0128,TXN_02184292,14
PATTERN_TXN_1105,AML_PATTERN_0128,TXN_02184294,15
PATTERN_TXN_1106,AML_PATTERN_0128,TXN_02184295,16
PATTERN_TXN_1107,AML_PATTERN_0128,TXN_02184297,17
PATTERN_TXN_1108,AML_PATTERN_0128,TXN_02184299,18
PATTERN_TXN_1109,AML_PATTERN_0128,TXN_02184301,19
PATTERN_TXN_1110,AML_PATTERN_0128,TXN_02184303,20
PATTERN_TXN_1111,AML_PATTERN_0128,TXN_02184305,21
PATTERN_TXN_1112,AML_PATTERN_0128,TXN_02184307,22
PATTERN_TXN_1113,AML_PATTERN_0128,TXN_02184309,23
PATTERN_TXN_1114,AML_PATTERN_0128,TXN_02184310,24
PATTERN_TXN_1115,AML_PATTERN_0129,TXN_02192346,1
PATTERN_TXN_1116,AML_PATTERN_0129,TXN_02192348,2
PATTERN_TXN_1117,AML_PATTERN_0129,TXN_02192350,3
PATTERN_TXN_1118,AML_PATTERN_0129,TXN_02192352,4
PATTERN_TXN_1119,AML_PATTERN_0129,TXN_02192354,5
PATTERN_TXN_1120,AML_PATTERN_0129,TXN_02192356,6
PATTERN_TXN_1121,AML_PATTERN_0129,TXN_02192359,7
PATTERN_TXN_1122,AML_PATTERN_0130,TXN_02196199,1
PATTERN_TXN_1123,AML_PATTERN_0130,TXN_02196200,2
PATTERN_TXN_1124,AML_PATTERN_0130,TXN_02196201,3
PATTERN_TXN_1125,AML_PATTERN_0131,TXN_02204223,1
PATTERN_TXN_1126,AML_PATTERN_0131,TXN_02204225,2
PATTERN_TXN_1127,AML_PATTERN_0131,TXN_02204227,3
PATTERN_TXN_1128,AML_PATTERN_0131,TXN_02204228,4
PATTERN_TXN_1129,AML_PATTERN_0131,TXN_02204231,5
PATTERN_TXN_1130,AML_PATTERN_0131,TXN_02204234,6
PATTERN_TXN_1131,AML_PATTERN_0131,TXN_02204236,7
PATTERN_TXN_1132,AML_PATTERN_0131,TXN_02204239,8
PATTERN_TXN_1133,AML_PATTERN_0131,TXN_02204242,9
PATTERN_TXN_1134,AML_PATTERN_0131,TXN_02204244,10
PATTERN_TXN_1135,AML_PATTERN_0131,TXN_02204246,11
PATTERN_TXN_1136,AML_PATTERN_0132,TXN_02216664,1
PATTERN_TXN_1137,AML_PATTERN_0132,TXN_02216666,2
PATTERN_TXN_1138,AML_PATTERN_0132,TXN_02216668,3
PATTERN_TXN_1139,AML_PATTERN_0132,TXN_02216669,4
PATTERN_TXN_1140,AML_PATTERN_0132,TXN_02216671,5
PATTERN_TXN_1141,AML_PATTERN_0132,TXN_02216673,6
PATTERN_TXN_1142,AML_PATTERN_0132,TXN_02216675,7
PATTERN_TXN_1143,AML_PATTERN_0132,TXN_02216676,8
PATTERN_TXN_1144,AML_PATTERN_0132,TXN_02216678,9
PATTERN_TXN_1145,AML_PATTERN_0132,TXN_02216680,10
PATTERN_TXN_1146,AML_PATTERN_0133,TXN_02218401,1
PATTERN_TXN_1147,AML_PATTERN_0134,TXN_02224631,1
PATTERN_TXN_1148,AML_PATTERN_0135,TXN_02230411,1
PATTERN_TXN_1149,AML_PATTERN_0135,TXN_02230412,2
PATTERN_TXN_1150,AML_PATTERN_0136,TXN_02232676,1
PATTERN_TXN_1151,AML_PATTERN_0136,TXN_02232678,2
PATTERN_TXN_1152,AML_PATTERN_0136,TXN_02232680,3
PATTERN_TXN_1153,AML_PATTERN_0136,TXN_02232682,4
PATTERN_TXN_1154,AML_PATTERN_0136,TXN_02232683,5
PATTERN_TXN_1155,AML_PATTERN_0136,TXN_02232684,6
PATTERN_TXN_1156,AML_PATTERN_0136,TXN_02232686,7
PATTERN_TXN_1157,AML_PATTERN_0137,TXN_02234560,1
PATTERN_TXN_1158,AML_PATTERN_0137,TXN_02234561,2
PATTERN_TXN_1159,AML_PATTERN_0137,TXN_02234563,3
PATTERN_TXN_1160,AML_PATTERN_0137,TXN_02234565,4
PATTERN_TXN_1161,AML_PATTERN_0137,TXN_02234567,5
PATTERN_TXN_1162,AML_PATTERN_0137,TXN_02234569,6
PATTERN_TXN_1163,AML_PATTERN_0137,TXN_02234571,7
PATTERN_TXN_1164,AML_PATTERN_0137,TXN_02234573,8
PATTERN_TXN_1165,AML_PATTERN_0137,TXN_02234575,9
PATTERN_TXN_1166,AML_PATTERN_0138,TXN_02236762,1
PATTERN_TXN_1167,AML_PATTERN_0138,TXN_02236764,2
PATTERN_TXN_1168,AML_PATTERN_0138,TXN_02236766,3
PATTERN_TXN_1169,AML_PATTERN_0138,TXN_02236767,4
PATTERN_TXN_1170,AML_PATTERN_0138,TXN_02236769,5
PATTERN_TXN_1171,AML_PATTERN_0138,TXN_02236770,6
PATTERN_TXN_1172,AML_PATTERN_0138,TXN_02236771,7
PATTERN_TXN_1173,AML_PATTERN_0138,TXN_02236772,8
PATTERN_TXN_1174,AML_PATTERN_0138,TXN_02236774,9
PATTERN_TXN_1175,AML_PATTERN_0138,TXN_02236776,10
PATTERN_TXN_1176,AML_PATTERN_0138,TXN_02236779,11
PATTERN_TXN_1177,AML_PATTERN_0139,TXN_02244728,1
PATTERN_TXN_1178,AML_PATTERN_0139,TXN_02244730,2
PATTERN_TXN_1179,AML_PATTERN_0140,TXN_02244734,1
PATTERN_TXN_1180,AML_PATTERN_0141,TXN_02244737,1
PATTERN_TXN_1181,AML_PATTERN_0141,TXN_02244738,2
PATTERN_TXN_1182,AML_PATTERN_0141,TXN_02244739,3
PATTERN_TXN_1183,AML_PATTERN_0141,TXN_02244740,4
PATTERN_TXN_1184,AML_PATTERN_0141,TXN_02244741,5
PATTERN_TXN_1185,AML_PATTERN_0142,TXN_02248670,1
PATTERN_TXN_1186,AML_PATTERN_0142,TXN_02248672,2
PATTERN_TXN_1187,AML_PATTERN_0142,TXN_02248674,3
PATTERN_TXN_1188,AML_PATTERN_0142,TXN_02248676,4
PATTERN_TXN_1189,AML_PATTERN_0142,TXN_02248677,5
PATTERN_TXN_1190,AML_PATTERN_0142,TXN_02248679,6
PATTERN_TXN_1191,AML_PATTERN_0142,TXN_02248681,7
PATTERN_TXN_1192,AML_PATTERN_0142,TXN_02248683,8
PATTERN_TXN_1193,AML_PATTERN_0142,TXN_02248685,9
PATTERN_TXN_1194,AML_PATTERN_0142,TXN_02248686,10
PATTERN_TXN_1195,AML_PATTERN_0142,TXN_02248687,11
PATTERN_TXN_1196,AML_PATTERN_0142,TXN_02248689,12
PATTERN_TXN_1197,AML_PATTERN_0142,TXN_02248691,13
PATTERN_TXN_1198,AML_PATTERN_0142,TXN_02248693,14
PATTERN_TXN_1199,AML_PATTERN_0142,TXN_02248694,15
PATTERN_TXN_1200,AML_PATTERN_0142,TXN_02248696,16
PATTERN_TXN_1201,AML_PATTERN_0142,TXN_02248698,17
PATTERN_TXN_1202,AML_PATTERN_0142,TXN_02248700,18
PATTERN_TXN_1203,AML_PATTERN_0142,TXN_02248702,19
PATTERN_TXN_1204,AML_PATTERN_0142,TXN_02248704,20
PATTERN_TXN_1205,AML_PATTERN_0142,TXN_02248706,21
PATTERN_TXN_1206,AML_PATTERN_0142,TXN_02248708,22
PATTERN_TXN_1207,AML_PATTERN_0142,TXN_02248710,23
PATTERN_TXN_1208,AML_PATTERN_0142,TXN_02248712,24
PATTERN_TXN_1209,AML_PATTERN_0142,TXN_02248714,25
PATTERN_TXN_1210,AML_PATTERN_0142,TXN_02248717,26
PATTERN_TXN_1211,AML_PATTERN_0142,TXN_02248719,27
PATTERN_TXN_1212,AML_PATTERN_0142,TXN_02248721,28
PATTERN_TXN_1213,AML_PATTERN_0143,TXN_02252770,1
PATTERN_TXN_1214,AML_PATTERN_0143,TXN_02252771,2
PATTERN_TXN_1215,AML_PATTERN_0144,TXN_02273017,1
PATTERN_TXN_1216,AML_PATTERN_0144,TXN_02273019,2
PATTERN_TXN_1217,AML_PATTERN_0144,TXN_02273021,3
PATTERN_TXN_1218,AML_PATTERN_0144,TXN_02273024,4
PATTERN_TXN_1219,AML_PATTERN_0144,TXN_02273026,5
PATTERN_TXN_1220,AML_PATTERN_0144,TXN_02273028,6
PATTERN_TXN_1221,AML_PATTERN_0144,TXN_02273030,7
PATTERN_TXN_1222,AML_PATTERN_0144,TXN_02273033,8
PATTERN_TXN_1223,AML_PATTERN_0144,TXN_02273035,9
PATTERN_TXN_1224,AML_PATTERN_0144,TXN_02273036,10
PATTERN_TXN_1225,AML_PATTERN_0144,TXN_02273038,11
PATTERN_TXN_1226,AML_PATTERN_0144,TXN_02273040,12
PATTERN_TXN_1227,AML_PATTERN_0144,TXN_02273042,13
PATTERN_TXN_1228,AML_PATTERN_0144,TXN_02273043,14
PATTERN_TXN_1229,AML_PATTERN_0144,TXN_02273045,15
PATTERN_TXN_1230,AML_PATTERN_0144,TXN_02273047,16
PATTERN_TXN_1231,AML_PATTERN_0144,TXN_02273049,17
PATTERN_TXN_1232,AML_PATTERN_0144,TXN_02273052,18
PATTERN_TXN_1233,AML_PATTERN_0144,TXN_02273054,19
PATTERN_TXN_1234,AML_PATTERN_0144,TXN_02273057,20
PATTERN_TXN_1235,AML_PATTERN_0144,TXN_02273059,21
PATTERN_TXN_1236,AML_PATTERN_0144,TXN_02273060,22
PATTERN_TXN_1237,AML_PATTERN_0144,TXN_02273062,23
PATTERN_TXN_1238,AML_PATTERN_0144,TXN_02273064,24
PATTERN_TXN_1239,AML_PATTERN_0144,TXN_02273066,25
PATTERN_TXN_1240,AML_PATTERN_0144,TXN_02273067,26
PATTERN_TXN_1241,AML_PATTERN_0145,TXN_02277132,1
PATTERN_TXN_1242,AML_PATTERN_0145,TXN_02277133,2
PATTERN_TXN_1243,AML_PATTERN_0146,TXN_02278944,1
PATTERN_TXN_1244,AML_PATTERN_0146,TXN_02278945,2
PATTERN_TXN_1245,AML_PATTERN_0146,TXN_02278946,3
PATTERN_TXN_1246,AML_PATTERN_0146,TXN_02278948,4
PATTERN_TXN_1247,AML_PATTERN_0146,TXN_02278949,5
PATTERN_TXN_1248,AML_PATTERN_0146,TXN_02278951,6
PATTERN_TXN_1249,AML_PATTERN_0146,TXN_02278952,7
PATTERN_TXN_1250,AML_PATTERN_0146,TXN_02278953,8
PATTERN_TXN_1251,AML_PATTERN_0146,TXN_02278955,9
PATTERN_TXN_1252,AML_PATTERN_0146,TXN_02278956,10
PATTERN_TXN_1253,AML_PATTERN_0146,TXN_02278958,11
PATTERN_TXN_1254,AML_PATTERN_0146,TXN_02278960,12
PATTERN_TXN_1255,AML_PATTERN_0146,TXN_02278962,13
PATTERN_TXN_1256,AML_PATTERN_0146,TXN_02278963,14
PATTERN_TXN_1257,AML_PATTERN_0146,TXN_02278965,15
PATTERN_TXN_1258,AML_PATTERN_0146,TXN_02278966,16
PATTERN_TXN_1259,AML_PATTERN_0147,TXN_02285028,1
PATTERN_TXN_1260,AML_PATTERN_0147,TXN_02285029,2
PATTERN_TXN_1261,AML_PATTERN_0147,TXN_02285031,3
PATTERN_TXN_1262,AML_PATTERN_0147,TXN_02285032,4
PATTERN_TXN_1263,AML_PATTERN_0147,TXN_02285034,5
PATTERN_TXN_1264,AML_PATTERN_0147,TXN_02285035,6
PATTERN_TXN_1265,AML_PATTERN_0147,TXN_02285037,7
PATTERN_TXN_1266,AML_PATTERN_0147,TXN_02285038,8
PATTERN_TXN_1267,AML_PATTERN_0147,TXN_02285040,9
PATTERN_TXN_1268,AML_PATTERN_0147,TXN_02285042,10
PATTERN_TXN_1269,AML_PATTERN_0147,TXN_02285043,11
PATTERN_TXN_1270,AML_PATTERN_0147,TXN_02285044,12
PATTERN_TXN_1271,AML_PATTERN_0147,TXN_02285045,13
PATTERN_TXN_1272,AML_PATTERN_0148,TXN_02313400,1
PATTERN_TXN_1273,AML_PATTERN_0148,TXN_02313402,2
PATTERN_TXN_1274,AML_PATTERN_0148,TXN_02313404,3
PATTERN_TXN_1275,AML_PATTERN_0148,TXN_02313405,4
PATTERN_TXN_1276,AML_PATTERN_0148,TXN_02313407,5
PATTERN_TXN_1277,AML_PATTERN_0148,TXN_02313408,6
PATTERN_TXN_1278,AML_PATTERN_0148,TXN_02313409,7
PATTERN_TXN_1279,AML_PATTERN_0148,TXN_02313411,8
PATTERN_TXN_1280,AML_PATTERN_0148,TXN_02313412,9
PATTERN_TXN_1281,AML_PATTERN_0148,TXN_02313414,10
PATTERN_TXN_1282,AML_PATTERN_0148,TXN_02313415,11
PATTERN_TXN_1283,AML_PATTERN_0148,TXN_02313417,12
PATTERN_TXN_1284,AML_PATTERN_0148,TXN_02313418,13
PATTERN_TXN_1285,AML_PATTERN_0148,TXN_02313419,14
PATTERN_TXN_1286,AML_PATTERN_0148,TXN_02313422,15
PATTERN_TXN_1287,AML_PATTERN_0148,TXN_02313423,16
PATTERN_TXN_1288,AML_PATTERN_0148,TXN_02313425,17
PATTERN_TXN_1289,AML_PATTERN_0148,TXN_02313426,18
PATTERN_TXN_1290,AML_PATTERN_0148,TXN_02313428,19
PATTERN_TXN_1291,AML_PATTERN_0148,TXN_02313429,20
PATTERN_TXN_1292,AML_PATTERN_0148,TXN_02313431,21
PATTERN_TXN_1293,AML_PATTERN_0148,TXN_02313433,22
PATTERN_TXN_1294,AML_PATTERN_0148,TXN_02313435,23
PATTERN_TXN_1295,AML_PATTERN_0148,TXN_02313437,24
PATTERN_TXN_1296,AML_PATTERN_0148,TXN_02313438,25
PATTERN_TXN_1297,AML_PATTERN_0148,TXN_02313440,26
PATTERN_TXN_1298,AML_PATTERN_0148,TXN_02313442,27
PATTERN_TXN_1299,AML_PATTERN_0149,TXN_02319237,1
PATTERN_TXN_1300,AML_PATTERN_0149,TXN_02319239,2
PATTERN_TXN_1301,AML_PATTERN_0149,TXN_02319241,3
PATTERN_TXN_1302,AML_PATTERN_0149,TXN_02319243,4
PATTERN_TXN_1303,AML_PATTERN_0149,TXN_02319244,5
PATTERN_TXN_1304,AML_PATTERN_0149,TXN_02319246,6
PATTERN_TXN_1305,AML_PATTERN_0149,TXN_02319247,7
PATTERN_TXN_1306,AML_PATTERN_0149,TXN_02319249,8
PATTERN_TXN_1307,AML_PATTERN_0149,TXN_02319251,9
PATTERN_TXN_1308,AML_PATTERN_0149,TXN_02319253,10
PATTERN_TXN_1309,AML_PATTERN_0149,TXN_02319255,11
PATTERN_TXN_1310,AML_PATTERN_0149,TXN_02319257,12
PATTERN_TXN_1311,AML_PATTERN_0149,TXN_02319259,13
PATTERN_TXN_1312,AML_PATTERN_0149,TXN_02319260,14
PATTERN_TXN_1313,AML_PATTERN_0150,TXN_02332833,1
PATTERN_TXN_1314,AML_PATTERN_0150,TXN_02332835,2
PATTERN_TXN_1315,AML_PATTERN_0150,TXN_02332836,3
PATTERN_TXN_1316,AML_PATTERN_0150,TXN_02332838,4
PATTERN_TXN_1317,AML_PATTERN_0150,TXN_02332840,5
PATTERN_TXN_1318,AML_PATTERN_0150,TXN_02332841,6
PATTERN_TXN_1319,AML_PATTERN_0150,TXN_02332842,7
PATTERN_TXN_1320,AML_PATTERN_0150,TXN_02332845,8
PATTERN_TXN_1321,AML_PATTERN_0150,TXN_02332847,9
PATTERN_TXN_1322,AML_PATTERN_0150,TXN_02332850,10
PATTERN_TXN_1323,AML_PATTERN_0150,TXN_02332852,11
PATTERN_TXN_1324,AML_PATTERN_0150,TXN_02332853,12
PATTERN_TXN_1325,AML_PATTERN_0150,TXN_02332854,13
PATTERN_TXN_1326,AML_PATTERN_0150,TXN_02332856,14
PATTERN_TXN_1327,AML_PATTERN_0150,TXN_02332857,15
PATTERN_TXN_1328,AML_PATTERN_0150,TXN_02332859,16
PATTERN_TXN_1329,AML_PATTERN_0150,TXN_02332860,17
PATTERN_TXN_1330,AML_PATTERN_0150,TXN_02332862,18
PATTERN_TXN_1331,AML_PATTERN_0150,TXN_02332864,19
PATTERN_TXN_1332,AML_PATTERN_0150,TXN_02332865,20
PATTERN_TXN_1333,AML_PATTERN_0150,TXN_02332866,21
PATTERN_TXN_1334,AML_PATTERN_0150,TXN_02332868,22
PATTERN_TXN_1335,AML_PATTERN_0150,TXN_02332870,23
PATTERN_TXN_1336,AML_PATTERN_0150,TXN_02332871,24
PATTERN_TXN_1337,AML_PATTERN_0150,TXN_02332873,25
PATTERN_TXN_1338,AML_PATTERN_0150,TXN_02332875,26
PATTERN_TXN_1339,AML_PATTERN_0151,TXN_02348496,1
PATTERN_TXN_1340,AML_PATTERN_0151,TXN_02348498,2
PATTERN_TXN_1341,AML_PATTERN_0151,TXN_02348500,3
PATTERN_TXN_1342,AML_PATTERN_0151,TXN_02348502,4
PATTERN_TXN_1343,AML_PATTERN_0151,TXN_02348504,5
PATTERN_TXN_1344,AML_PATTERN_0151,TXN_02348506,6
PATTERN_TXN_1345,AML_PATTERN_0151,TXN_02348508,7
PATTERN_TXN_1346,AML_PATTERN_0151,TXN_02348509,8
PATTERN_TXN_1347,AML_PATTERN_0151,TXN_02348511,9
PATTERN_TXN_1348,AML_PATTERN_0151,TXN_02348513,10
PATTERN_TXN_1349,AML_PATTERN_0151,TXN_02348515,11
PATTERN_TXN_1350,AML_PATTERN_0151,TXN_02348517,12
PATTERN_TXN_1351,AML_PATTERN_0152,TXN_02358558,1
PATTERN_TXN_1352,AML_PATTERN_0152,TXN_02358560,2
PATTERN_TXN_1353,AML_PATTERN_0152,TXN_02358562,3
PATTERN_TXN_1354,AML_PATTERN_0152,TXN_02358563,4
PATTERN_TXN_1355,AML_PATTERN_0152,TXN_02358565,5
PATTERN_TXN_1356,AML_PATTERN_0152,TXN_02358567,6
PATTERN_TXN_1357,AML_PATTERN_0152,TXN_02358568,7
PATTERN_TXN_1358,AML_PATTERN_0152,TXN_02358570,8
PATTERN_TXN_1359,AML_PATTERN_0152,TXN_02358572,9
PATTERN_TXN_1360,AML_PATTERN_0152,TXN_02358574,10
PATTERN_TXN_1361,AML_PATTERN_0152,TXN_02358575,11
PATTERN_TXN_1362,AML_PATTERN_0152,TXN_02358577,12
PATTERN_TXN_1363,AML_PATTERN_0152,TXN_02358579,13
PATTERN_TXN_1364,AML_PATTERN_0152,TXN_02358580,14
PATTERN_TXN_1365,AML_PATTERN_0152,TXN_02358582,15
PATTERN_TXN_1366,AML_PATTERN_0152,TXN_02358584,16
PATTERN_TXN_1367,AML_PATTERN_0153,TXN_02358598,1
PATTERN_TXN_1368,AML_PATTERN_0153,TXN_02358601,2
PATTERN_TXN_1369,AML_PATTERN_0153,TXN_02358604,3
PATTERN_TXN_1370,AML_PATTERN_0153,TXN_02358607,4
PATTERN_TXN_1371,AML_PATTERN_0153,TXN_02358610,5
PATTERN_TXN_1372,AML_PATTERN_0153,TXN_02358612,6
PATTERN_TXN_1373,AML_PATTERN_0153,TXN_02358614,7
PATTERN_TXN_1374,AML_PATTERN_0153,TXN_02358617,8
PATTERN_TXN_1375,AML_PATTERN_0153,TXN_02358618,9
PATTERN_TXN_1376,AML_PATTERN_0153,TXN_02358620,10
PATTERN_TXN_1377,AML_PATTERN_0154,TXN_02372761,1
PATTERN_TXN_1378,AML_PATTERN_0154,TXN_02372762,2
PATTERN_TXN_1379,AML_PATTERN_0155,TXN_02387547,1
PATTERN_TXN_1380,AML_PATTERN_0155,TXN_02387548,2
PATTERN_TXN_1381,AML_PATTERN_0155,TXN_02387551,3
PATTERN_TXN_1382,AML_PATTERN_0155,TXN_02387553,4
PATTERN_TXN_1383,AML_PATTERN_0156,TXN_02387720,1
PATTERN_TXN_1384,AML_PATTERN_0156,TXN_02387722,2
PATTERN_TXN_1385,AML_PATTERN_0156,TXN_02387724,3
PATTERN_TXN_1386,AML_PATTERN_0156,TXN_02387726,4
PATTERN_TXN_1387,AML_PATTERN_0156,TXN_02387728,5
PATTERN_TXN_1388,AML_PATTERN_0156,TXN_02387730,6
PATTERN_TXN_1389,AML_PATTERN_0156,TXN_02387732,7
PATTERN_TXN_1390,AML_PATTERN_0156,TXN_02387734,8
PATTERN_TXN_1391,AML_PATTERN_0156,TXN_02387736,9
PATTERN_TXN_1392,AML_PATTERN_0156,TXN_02387738,10
PATTERN_TXN_1393,AML_PATTERN_0156,TXN_02387740,11
PATTERN_TXN_1394,AML_PATTERN_0156,TXN_02387742,12
PATTERN_TXN_1395,AML_PATTERN_0156,TXN_02387744,13
PATTERN_TXN_1396,AML_PATTERN_0156,TXN_02387746,14
PATTERN_TXN_1397,AML_PATTERN_0156,TXN_02387748,15
PATTERN_TXN_1398,AML_PATTERN_0156,TXN_02387750,16
PATTERN_TXN_1399,AML_PATTERN_0156,TXN_02387752,17
PATTERN_TXN_1400,AML_PATTERN_0157,TXN_02392195,1
PATTERN_TXN_1401,AML_PATTERN_0157,TXN_02392196,2
PATTERN_TXN_1402,AML_PATTERN_0158,TXN_02397602,1
PATTERN_TXN_1403,AML_PATTERN_0158,TXN_02397604,2
PATTERN_TXN_1404,AML_PATTERN_0159,TXN_02426928,1
PATTERN_TXN_1405,AML_PATTERN_0159,TXN_02426929,2
PATTERN_TXN_1406,AML_PATTERN_0160,TXN_02431395,1
PATTERN_TXN_1407,AML_PATTERN_0160,TXN_02431397,2
PATTERN_TXN_1408,AML_PATTERN_0161,TXN_02456051,1
PATTERN_TXN_1409,AML_PATTERN_0162,TXN_02456053,1
PATTERN_TXN_1410,AML_PATTERN_0162,TXN_02456055,2
PATTERN_TXN_1411,AML_PATTERN_0163,TXN_02456076,1
PATTERN_TXN_1412,AML_PATTERN_0163,TXN_02456077,2
PATTERN_TXN_1413,AML_PATTERN_0163,TXN_02456079,3
PATTERN_TXN_1414,AML_PATTERN_0163,TXN_02456081,4
PATTERN_TXN_1415,AML_PATTERN_0163,TXN_02456083,5
PATTERN_TXN_1416,AML_PATTERN_0163,TXN_02456085,6
PATTERN_TXN_1417,AML_PATTERN_0163,TXN_02456086,7
PATTERN_TXN_1418,AML_PATTERN_0163,TXN_02456088,8
PATTERN_TXN_1419,AML_PATTERN_0163,TXN_02456090,9
PATTERN_TXN_1420,AML_PATTERN_0163,TXN_02456092,10
PATTERN_TXN_1421,AML_PATTERN_0163,TXN_02456094,11
PATTERN_TXN_1422,AML_PATTERN_0163,TXN_02456096,12
PATTERN_TXN_1423,AML_PATTERN_0163,TXN_02456098,13
PATTERN_TXN_1424,AML_PATTERN_0163,TXN_02456100,14
PATTERN_TXN_1425,AML_PATTERN_0163,TXN_02456101,15
PATTERN_TXN_1426,AML_PATTERN_0164,TXN_02485809,1
PATTERN_TXN_1427,AML_PATTERN_0164,TXN_02485810,2
PATTERN_TXN_1428,AML_PATTERN_0164,TXN_02485812,3
PATTERN_TXN_1429,AML_PATTERN_0164,TXN_02485815,4
PATTERN_TXN_1430,AML_PATTERN_0164,TXN_02485818,5
PATTERN_TXN_1431,AML_PATTERN_0164,TXN_02485820,6
PATTERN_TXN_1432,AML_PATTERN_0164,TXN_02485822,7
PATTERN_TXN_1433,AML_PATTERN_0165,TXN_02538969,1
PATTERN_TXN_1434,AML_PATTERN_0165,TXN_02538970,2
PATTERN_TXN_1435,AML_PATTERN_0166,TXN_02544268,1
PATTERN_TXN_1436,AML_PATTERN_0167,TXN_02548021,1
PATTERN_TXN_1437,AML_PATTERN_0167,TXN_02548023,2
PATTERN_TXN_1438,AML_PATTERN_0167,TXN_02548024,3
PATTERN_TXN_1439,AML_PATTERN_0168,TXN_02563616,1
PATTERN_TXN_1440,AML_PATTERN_0168,TXN_02563618,2
PATTERN_TXN_1441,AML_PATTERN_0168,TXN_02563619,3
PATTERN_TXN_1442,AML_PATTERN_0169,TXN_02611978,1
PATTERN_TXN_1443,AML_PATTERN_0169,TXN_02611980,2
PATTERN_TXN_1444,AML_PATTERN_0169,TXN_02611981,3
PATTERN_TXN_1445,AML_PATTERN_0169,TXN_02611982,4
PATTERN_TXN_1446,AML_PATTERN_0169,TXN_02611984,5
PATTERN_TXN_1447,AML_PATTERN_0169,TXN_02611986,6
PATTERN_TXN_1448,AML_PATTERN_0169,TXN_02611988,7
PATTERN_TXN_1449,AML_PATTERN_0169,TXN_02611990,8
PATTERN_TXN_1450,AML_PATTERN_0169,TXN_02611991,9
PATTERN_TXN_1451,AML_PATTERN_0169,TXN_02611993,10
PATTERN_TXN_1452,AML_PATTERN_0169,TXN_02611994,11
PATTERN_TXN_1453,AML_PATTERN_0169,TXN_02611996,12
PATTERN_TXN_1454,AML_PATTERN_0169,TXN_02611998,13
PATTERN_TXN_1455,AML_PATTERN_0169,TXN_02612000,14
PATTERN_TXN_1456,AML_PATTERN_0170,TXN_02612146,1
PATTERN_TXN_1457,AML_PATTERN_0170,TXN_02612148,2
PATTERN_TXN_1458,AML_PATTERN_0170,TXN_02612150,3
PATTERN_TXN_1459,AML_PATTERN_0170,TXN_02612151,4
PATTERN_TXN_1460,AML_PATTERN_0170,TXN_02612153,5
PATTERN_TXN_1461,AML_PATTERN_0170,TXN_02612156,6
PATTERN_TXN_1462,AML_PATTERN_0170,TXN_02612158,7
PATTERN_TXN_1463,AML_PATTERN_0170,TXN_02612160,8
PATTERN_TXN_1464,AML_PATTERN_0170,TXN_02612162,9
PATTERN_TXN_1465,AML_PATTERN_0170,TXN_02612164,10
PATTERN_TXN_1466,AML_PATTERN_0170,TXN_02612166,11
PATTERN_TXN_1467,AML_PATTERN_0170,TXN_02612168,12
PATTERN_TXN_1468,AML_PATTERN_0170,TXN_02612170,13
PATTERN_TXN_1469,AML_PATTERN_0170,TXN_02612171,14
PATTERN_TXN_1470,AML_PATTERN_0170,TXN_02612173,15
PATTERN_TXN_1471,AML_PATTERN_0170,TXN_02612176,16
PATTERN_TXN_1472,AML_PATTERN_0170,TXN_02612178,17
PATTERN_TXN_1473,AML_PATTERN_0170,TXN_02612179,18
PATTERN_TXN_1474,AML_PATTERN_0170,TXN_02612181,19
PATTERN_TXN_1475,AML_PATTERN_0170,TXN_02612183,20
PATTERN_TXN_1476,AML_PATTERN_0170,TXN_02612185,21
PATTERN_TXN_1477,AML_PATTERN_0170,TXN_02612187,22
PATTERN_TXN_1478,AML_PATTERN_0170,TXN_02612189,23
PATTERN_TXN_1479,AML_PATTERN_0170,TXN_02612191,24
PATTERN_TXN_1480,AML_PATTERN_0171,TXN_02616581,1
PATTERN_TXN_1481,AML_PATTERN_0171,TXN_02616582,2
PATTERN_TXN_1482,AML_PATTERN_0172,TXN_02621963,1
PATTERN_TXN_1483,AML_PATTERN_0172,TXN_02621965,2
PATTERN_TXN_1484,AML_PATTERN_0172,TXN_02621967,3
PATTERN_TXN_1485,AML_PATTERN_0173,TXN_02631777,1
PATTERN_TXN_1486,AML_PATTERN_0173,TXN_02631778,2
PATTERN_TXN_1487,AML_PATTERN_0173,TXN_02631779,3
PATTERN_TXN_1488,AML_PATTERN_0173,TXN_02631780,4
PATTERN_TXN_1489,AML_PATTERN_0173,TXN_02631781,5
PATTERN_TXN_1490,AML_PATTERN_0173,TXN_02631782,6
PATTERN_TXN_1491,AML_PATTERN_0173,TXN_02631783,7
PATTERN_TXN_1492,AML_PATTERN_0174,TXN_02641328,1
PATTERN_TXN_1493,AML_PATTERN_0174,TXN_02641331,2
PATTERN_TXN_1494,AML_PATTERN_0174,TXN_02641333,3
PATTERN_TXN_1495,AML_PATTERN_0174,TXN_02641334,4
PATTERN_TXN_1496,AML_PATTERN_0175,TXN_02645712,1
PATTERN_TXN_1497,AML_PATTERN_0175,TXN_02645713,2
PATTERN_TXN_1498,AML_PATTERN_0176,TXN_02651074,1
PATTERN_TXN_1499,AML_PATTERN_0176,TXN_02651076,2
PATTERN_TXN_1500,AML_PATTERN_0176,TXN_02651077,3
PATTERN_TXN_1501,AML_PATTERN_0176,TXN_02651079,4
PATTERN_TXN_1502,AML_PATTERN_0176,TXN_02651081,5
PATTERN_TXN_1503,AML_PATTERN_0176,TXN_02651083,6
PATTERN_TXN_1504,AML_PATTERN_0176,TXN_02651085,7
PATTERN_TXN_1505,AML_PATTERN_0176,TXN_02651087,8
PATTERN_TXN_1506,AML_PATTERN_0176,TXN_02651088,9
PATTERN_TXN_1507,AML_PATTERN_0176,TXN_02651090,10
PATTERN_TXN_1508,AML_PATTERN_0176,TXN_02651092,11
PATTERN_TXN_1509,AML_PATTERN_0176,TXN_02651095,12
PATTERN_TXN_1510,AML_PATTERN_0176,TXN_02651097,13
PATTERN_TXN_1511,AML_PATTERN_0176,TXN_02651099,14
PATTERN_TXN_1512,AML_PATTERN_0176,TXN_02651101,15
PATTERN_TXN_1513,AML_PATTERN_0176,TXN_02651103,16
PATTERN_TXN_1514,AML_PATTERN_0176,TXN_02651105,17
PATTERN_TXN_1515,AML_PATTERN_0176,TXN_02651107,18
PATTERN_TXN_1516,AML_PATTERN_0176,TXN_02651108,19
PATTERN_TXN_1517,AML_PATTERN_0176,TXN_02651111,20
PATTERN_TXN_1518,AML_PATTERN_0176,TXN_02651113,21
PATTERN_TXN_1519,AML_PATTERN_0176,TXN_02651116,22
PATTERN_TXN_1520,AML_PATTERN_0176,TXN_02651117,23
PATTERN_TXN_1521,AML_PATTERN_0176,TXN_02651118,24
PATTERN_TXN_1522,AML_PATTERN_0176,TXN_02651119,25
PATTERN_TXN_1523,AML_PATTERN_0176,TXN_02651121,26
PATTERN_TXN_1524,AML_PATTERN_0177,TXN_02655542,1
PATTERN_TXN_1525,AML_PATTERN_0177,TXN_02655543,2
PATTERN_TXN_1526,AML_PATTERN_0177,TXN_02655544,3
PATTERN_TXN_1527,AML_PATTERN_0177,TXN_02655545,4
PATTERN_TXN_1528,AML_PATTERN_0177,TXN_02655547,5
PATTERN_TXN_1529,AML_PATTERN_0177,TXN_02655549,6
PATTERN_TXN_1530,AML_PATTERN_0177,TXN_02655551,7
PATTERN_TXN_1531,AML_PATTERN_0177,TXN_02655552,8
PATTERN_TXN_1532,AML_PATTERN_0177,TXN_02655554,9
PATTERN_TXN_1533,AML_PATTERN_0177,TXN_02655556,10
PATTERN_TXN_1534,AML_PATTERN_0177,TXN_02655557,11
PATTERN_TXN_1535,AML_PATTERN_0177,TXN_02655558,12
PATTERN_TXN_1536,AML_PATTERN_0177,TXN_02655560,13
PATTERN_TXN_1537,AML_PATTERN_0177,TXN_02655562,14
PATTERN_TXN_1538,AML_PATTERN_0178,TXN_02670327,1
PATTERN_TXN_1539,AML_PATTERN_0178,TXN_02670328,2
PATTERN_TXN_1540,AML_PATTERN_0178,TXN_02670329,3
PATTERN_TXN_1541,AML_PATTERN_0179,TXN_02689573,1
PATTERN_TXN_1542,AML_PATTERN_0179,TXN_02689574,2
PATTERN_TXN_1543,AML_PATTERN_0179,TXN_02689575,3
PATTERN_TXN_1544,AML_PATTERN_0179,TXN_02689576,4
PATTERN_TXN_1545,AML_PATTERN_0179,TXN_02689577,5
PATTERN_TXN_1546,AML_PATTERN_0179,TXN_02689580,6
PATTERN_TXN_1547,AML_PATTERN_0179,TXN_02689581,7
PATTERN_TXN_1548,AML_PATTERN_0179,TXN_02689583,8
PATTERN_TXN_1549,AML_PATTERN_0180,TXN_02699453,1
PATTERN_TXN_1550,AML_PATTERN_0180,TXN_02699454,2
PATTERN_TXN_1551,AML_PATTERN_0180,TXN_02699455,3
PATTERN_TXN_1552,AML_PATTERN_0180,TXN_02699456,4
PATTERN_TXN_1553,AML_PATTERN_0180,TXN_02699457,5
PATTERN_TXN_1554,AML_PATTERN_0181,TXN_02718743,1
PATTERN_TXN_1555,AML_PATTERN_0181,TXN_02718745,2
PATTERN_TXN_1556,AML_PATTERN_0181,TXN_02718747,3
PATTERN_TXN_1557,AML_PATTERN_0181,TXN_02718748,4
PATTERN_TXN_1558,AML_PATTERN_0181,TXN_02718750,5
PATTERN_TXN_1559,AML_PATTERN_0181,TXN_02718752,6
PATTERN_TXN_1560,AML_PATTERN_0182,TXN_02747666,1
PATTERN_TXN_1561,AML_PATTERN_0182,TXN_02747668,2
PATTERN_TXN_1562,AML_PATTERN_0182,TXN_02747671,3
PATTERN_TXN_1563,AML_PATTERN_0182,TXN_02747673,4
PATTERN_TXN_1564,AML_PATTERN_0182,TXN_02747674,5
PATTERN_TXN_1565,AML_PATTERN_0182,TXN_02747676,6
PATTERN_TXN_1566,AML_PATTERN_0182,TXN_02747678,7
PATTERN_TXN_1567,AML_PATTERN_0182,TXN_02747680,8
PATTERN_TXN_1568,AML_PATTERN_0182,TXN_02747682,9
PATTERN_TXN_1569,AML_PATTERN_0182,TXN_02747684,10
PATTERN_TXN_1570,AML_PATTERN_0183,TXN_02757787,1
PATTERN_TXN_1571,AML_PATTERN_0183,TXN_02757788,2
PATTERN_TXN_1572,AML_PATTERN_0183,TXN_02757789,3
PATTERN_TXN_1573,AML_PATTERN_0183,TXN_02757790,4
PATTERN_TXN_1574,AML_PATTERN_0184,TXN_02762107,1
PATTERN_TXN_1575,AML_PATTERN_0184,TXN_02762108,2
PATTERN_TXN_1576,AML_PATTERN_0184,TXN_02762109,3
PATTERN_TXN_1577,AML_PATTERN_0184,TXN_02762110,4
PATTERN_TXN_1578,AML_PATTERN_0184,TXN_02762111,5
PATTERN_TXN_1579,AML_PATTERN_0184,TXN_02762112,6
PATTERN_TXN_1580,AML_PATTERN_0185,TXN_02821097,1
PATTERN_TXN_1581,AML_PATTERN_0185,TXN_02821098,2
PATTERN_TXN_1582,AML_PATTERN_0185,TXN_02821099,3
PATTERN_TXN_1583,AML_PATTERN_0185,TXN_02821100,4
PATTERN_TXN_1584,AML_PATTERN_0186,TXN_02825508,1
PATTERN_TXN_1585,AML_PATTERN_0186,TXN_02825509,2
PATTERN_TXN_1586,AML_PATTERN_0186,TXN_02825510,3
PATTERN_TXN_1587,AML_PATTERN_0186,TXN_02825511,4
PATTERN_TXN_1588,AML_PATTERN_0186,TXN_02825512,5
PATTERN_TXN_1589,AML_PATTERN_0186,TXN_02825515,6
PATTERN_TXN_1590,AML_PATTERN_0186,TXN_02825516,7
PATTERN_TXN_1591,AML_PATTERN_0186,TXN_02825517,8
PATTERN_TXN_1592,AML_PATTERN_0186,TXN_02825518,9
PATTERN_TXN_1593,AML_PATTERN_0186,TXN_02825520,10
PATTERN_TXN_1594,AML_PATTERN_0186,TXN_02825521,11
PATTERN_TXN_1595,AML_PATTERN_0186,TXN_02825523,12
PATTERN_TXN_1596,AML_PATTERN_0186,TXN_02825524,13
PATTERN_TXN_1597,AML_PATTERN_0186,TXN_02825525,14
PATTERN_TXN_1598,AML_PATTERN_0186,TXN_02825526,15
PATTERN_TXN_1599,AML_PATTERN_0186,TXN_02825528,16
PATTERN_TXN_1600,AML_PATTERN_0186,TXN_02825530,17
PATTERN_TXN_1601,AML_PATTERN_0186,TXN_02825532,18
PATTERN_TXN_1602,AML_PATTERN_0186,TXN_02825534,19
PATTERN_TXN_1603,AML_PATTERN_0186,TXN_02825536,20
PATTERN_TXN_1604,AML_PATTERN_0186,TXN_02825537,21
PATTERN_TXN_1605,AML_PATTERN_0186,TXN_02825538,22
PATTERN_TXN_1606,AML_PATTERN_0186,TXN_02825540,23
PATTERN_TXN_1607,AML_PATTERN_0186,TXN_02825542,24
PATTERN_TXN_1608,AML_PATTERN_0187,TXN_02825546,1
PATTERN_TXN_1609,AML_PATTERN_0187,TXN_02825548,2
PATTERN_TXN_1610,AML_PATTERN_0187,TXN_02825550,3
PATTERN_TXN_1611,AML_PATTERN_0187,TXN_02825551,4
PATTERN_TXN_1612,AML_PATTERN_0187,TXN_02825552,5
PATTERN_TXN_1613,AML_PATTERN_0187,TXN_02825554,6
PATTERN_TXN_1614,AML_PATTERN_0187,TXN_02825556,7
PATTERN_TXN_1615,AML_PATTERN_0187,TXN_02825558,8
PATTERN_TXN_1616,AML_PATTERN_0187,TXN_02825560,9
PATTERN_TXN_1617,AML_PATTERN_0187,TXN_02825562,10
PATTERN_TXN_1618,AML_PATTERN_0187,TXN_02825564,11
PATTERN_TXN_1619,AML_PATTERN_0187,TXN_02825565,12
PATTERN_TXN_1620,AML_PATTERN_0187,TXN_02825566,13
PATTERN_TXN_1621,AML_PATTERN_0187,TXN_02825567,14
PATTERN_TXN_1622,AML_PATTERN_0187,TXN_02825569,15
PATTERN_TXN_1623,AML_PATTERN_0188,TXN_02830668,1
PATTERN_TXN_1624,AML_PATTERN_0188,TXN_02830670,2
PATTERN_TXN_1625,AML_PATTERN_0188,TXN_02830672,3
PATTERN_TXN_1626,AML_PATTERN_0189,TXN_02830847,1
PATTERN_TXN_1627,AML_PATTERN_0189,TXN_02830848,2
PATTERN_TXN_1628,AML_PATTERN_0190,TXN_02860249,1
PATTERN_TXN_1629,AML_PATTERN_0190,TXN_02860250,2
PATTERN_TXN_1630,AML_PATTERN_0191,TXN_02860252,1
PATTERN_TXN_1631,AML_PATTERN_0191,TXN_02860255,2
PATTERN_TXN_1632,AML_PATTERN_0191,TXN_02860256,3
PATTERN_TXN_1633,AML_PATTERN_0191,TXN_02860258,4
PATTERN_TXN_1634,AML_PATTERN_0191,TXN_02860260,5
PATTERN_TXN_1635,AML_PATTERN_0191,TXN_02860262,6
PATTERN_TXN_1636,AML_PATTERN_0191,TXN_02860264,7
PATTERN_TXN_1637,AML_PATTERN_0191,TXN_02860266,8
PATTERN_TXN_1638,AML_PATTERN_0191,TXN_02860268,9
PATTERN_TXN_1639,AML_PATTERN_0191,TXN_02860271,10
PATTERN_TXN_1640,AML_PATTERN_0191,TXN_02860273,11
PATTERN_TXN_1641,AML_PATTERN_0191,TXN_02860275,12
PATTERN_TXN_1642,AML_PATTERN_0191,TXN_02860277,13
PATTERN_TXN_1643,AML_PATTERN_0191,TXN_02860279,14
PATTERN_TXN_1644,AML_PATTERN_0192,TXN_02860314,1
PATTERN_TXN_1645,AML_PATTERN_0192,TXN_02860315,2
PATTERN_TXN_1646,AML_PATTERN_0192,TXN_02860316,3
PATTERN_TXN_1647,AML_PATTERN_0192,TXN_02860318,4
PATTERN_TXN_1648,AML_PATTERN_0192,TXN_02860320,5
PATTERN_TXN_1649,AML_PATTERN_0192,TXN_02860321,6
PATTERN_TXN_1650,AML_PATTERN_0192,TXN_02860323,7
PATTERN_TXN_1651,AML_PATTERN_0192,TXN_02860325,8
PATTERN_TXN_1652,AML_PATTERN_0193,TXN_02864753,1
PATTERN_TXN_1653,AML_PATTERN_0193,TXN_02864755,2
PATTERN_TXN_1654,AML_PATTERN_0193,TXN_02864757,3
PATTERN_TXN_1655,AML_PATTERN_0193,TXN_02864758,4
PATTERN_TXN_1656,AML_PATTERN_0193,TXN_02864760,5
PATTERN_TXN_1657,AML_PATTERN_0193,TXN_02864761,6
PATTERN_TXN_1658,AML_PATTERN_0193,TXN_02864764,7
PATTERN_TXN_1659,AML_PATTERN_0193,TXN_02864766,8
PATTERN_TXN_1660,AML_PATTERN_0194,TXN_02908915,1
PATTERN_TXN_1661,AML_PATTERN_0194,TXN_02908917,2
PATTERN_TXN_1662,AML_PATTERN_0194,TXN_02908919,3
PATTERN_TXN_1663,AML_PATTERN_0194,TXN_02908921,4
PATTERN_TXN_1664,AML_PATTERN_0195,TXN_02918765,1
PATTERN_TXN_1665,AML_PATTERN_0195,TXN_02918767,2
PATTERN_TXN_1666,AML_PATTERN_0195,TXN_02918769,3
PATTERN_TXN_1667,AML_PATTERN_0195,TXN_02918771,4
PATTERN_TXN_1668,AML_PATTERN_0195,TXN_02918772,5
PATTERN_TXN_1669,AML_PATTERN_0195,TXN_02918775,6
PATTERN_TXN_1670,AML_PATTERN_0196,TXN_02928612,1
PATTERN_TXN_1671,AML_PATTERN_0196,TXN_02928613,2
PATTERN_TXN_1672,AML_PATTERN_0196,TXN_02928615,3
PATTERN_TXN_1673,AML_PATTERN_0196,TXN_02928617,4
PATTERN_TXN_1674,AML_PATTERN_0196,TXN_02928618,5
PATTERN_TXN_1675,AML_PATTERN_0196,TXN_02928620,6
PATTERN_TXN_1676,AML_PATTERN_0196,TXN_02928622,7
PATTERN_TXN_1677,AML_PATTERN_0196,TXN_02928624,8
PATTERN_TXN_1678,AML_PATTERN_0196,TXN_02928626,9
PATTERN_TXN_1679,AML_PATTERN_0196,TXN_02928628,10
PATTERN_TXN_1680,AML_PATTERN_0196,TXN_02928630,11
PATTERN_TXN_1681,AML_PATTERN_0196,TXN_02928632,12
PATTERN_TXN_1682,AML_PATTERN_0196,TXN_02928633,13
PATTERN_TXN_1683,AML_PATTERN_0196,TXN_02928634,14
PATTERN_TXN_1684,AML_PATTERN_0196,TXN_02928636,15
PATTERN_TXN_1685,AML_PATTERN_0196,TXN_02928637,16
PATTERN_TXN_1686,AML_PATTERN_0196,TXN_02928638,17
PATTERN_TXN_1687,AML_PATTERN_0196,TXN_02928639,18
PATTERN_TXN_1688,AML_PATTERN_0196,TXN_02928640,19
PATTERN_TXN_1689,AML_PATTERN_0196,TXN_02928641,20
PATTERN_TXN_1690,AML_PATTERN_0196,TXN_02928642,21
PATTERN_TXN_1691,AML_PATTERN_0196,TXN_02928643,22
PATTERN_TXN_1692,AML_PATTERN_0197,TXN_02938440,1
PATTERN_TXN_1693,AML_PATTERN_0198,TXN_02947903,1
PATTERN_TXN_1694,AML_PATTERN_0198,TXN_02947904,2
PATTERN_TXN_1695,AML_PATTERN_0198,TXN_02947906,3
PATTERN_TXN_1696,AML_PATTERN_0198,TXN_02947908,4
PATTERN_TXN_1697,AML_PATTERN_0198,TXN_02947910,5
PATTERN_TXN_1698,AML_PATTERN_0198,TXN_02947912,6
PATTERN_TXN_1699,AML_PATTERN_0198,TXN_02947914,7
PATTERN_TXN_1700,AML_PATTERN_0198,TXN_02947917,8
PATTERN_TXN_1701,AML_PATTERN_0198,TXN_02947919,9
PATTERN_TXN_1702,AML_PATTERN_0198,TXN_02947921,10
PATTERN_TXN_1703,AML_PATTERN_0199,TXN_02976938,1
PATTERN_TXN_1704,AML_PATTERN_0199,TXN_02976940,2
PATTERN_TXN_1705,AML_PATTERN_0199,TXN_02976942,3
PATTERN_TXN_1706,AML_PATTERN_0199,TXN_02976944,4
PATTERN_TXN_1707,AML_PATTERN_0199,TXN_02976946,5
PATTERN_TXN_1708,AML_PATTERN_0199,TXN_02976948,6
PATTERN_TXN_1709,AML_PATTERN_0199,TXN_02976949,7
PATTERN_TXN_1710,AML_PATTERN_0200,TXN_02986781,1
PATTERN_TXN_1711,AML_PATTERN_0201,TXN_02991062,1
PATTERN_TXN_1712,AML_PATTERN_0201,TXN_02991065,2
PATTERN_TXN_1713,AML_PATTERN_0202,TXN_03006135,1
PATTERN_TXN_1714,AML_PATTERN_0202,TXN_03006136,2
PATTERN_TXN_1715,AML_PATTERN_0203,TXN_03010560,1
PATTERN_TXN_1716,AML_PATTERN_0203,TXN_03010562,2
PATTERN_TXN_1717,AML_PATTERN_0204,TXN_03016182,1
PATTERN_TXN_1718,AML_PATTERN_0204,TXN_03016183,2
PATTERN_TXN_1719,AML_PATTERN_0204,TXN_03016185,3
PATTERN_TXN_1720,AML_PATTERN_0204,TXN_03016187,4
PATTERN_TXN_1721,AML_PATTERN_0205,TXN_03035766,1
PATTERN_TXN_1722,AML_PATTERN_0205,TXN_03035769,2
PATTERN_TXN_1723,AML_PATTERN_0205,TXN_03035771,3
PATTERN_TXN_1724,AML_PATTERN_0205,TXN_03035773,4
PATTERN_TXN_1725,AML_PATTERN_0205,TXN_03035775,5
PATTERN_TXN_1726,AML_PATTERN_0205,TXN_03035777,6
PATTERN_TXN_1727,AML_PATTERN_0205,TXN_03035778,7
PATTERN_TXN_1728,AML_PATTERN_0205,TXN_03035779,8
PATTERN_TXN_1729,AML_PATTERN_0205,TXN_03035781,9
PATTERN_TXN_1730,AML_PATTERN_0205,TXN_03035783,10
PATTERN_TXN_1731,AML_PATTERN_0205,TXN_03035784,11
PATTERN_TXN_1732,AML_PATTERN_0205,TXN_03035786,12
PATTERN_TXN_1733,AML_PATTERN_0205,TXN_03035788,13
PATTERN_TXN_1734,AML_PATTERN_0205,TXN_03035790,14
PATTERN_TXN_1735,AML_PATTERN_0205,TXN_03035791,15
PATTERN_TXN_1736,AML_PATTERN_0205,TXN_03035792,16
PATTERN_TXN_1737,AML_PATTERN_0205,TXN_03035793,17
PATTERN_TXN_1738,AML_PATTERN_0205,TXN_03035794,18
PATTERN_TXN_1739,AML_PATTERN_0205,TXN_03035796,19
PATTERN_TXN_1740,AML_PATTERN_0205,TXN_03035798,20
PATTERN_TXN_1741,AML_PATTERN_0205,TXN_03035799,21
PATTERN_TXN_1742,AML_PATTERN_0205,TXN_03035800,22
PATTERN_TXN_1743,AML_PATTERN_0205,TXN_03035802,23
PATTERN_TXN_1744,AML_PATTERN_0205,TXN_03035804,24
PATTERN_TXN_1745,AML_PATTERN_0205,TXN_03035805,25
PATTERN_TXN_1746,AML_PATTERN_0205,TXN_03035807,26
PATTERN_TXN_1747,AML_PATTERN_0206,TXN_03055203,1
PATTERN_TXN_1748,AML_PATTERN_0206,TXN_03055205,2
PATTERN_TXN_1749,AML_PATTERN_0206,TXN_03055208,3
PATTERN_TXN_1750,AML_PATTERN_0206,TXN_03055210,4
PATTERN_TXN_1751,AML_PATTERN_0206,TXN_03055212,5
PATTERN_TXN_1752,AML_PATTERN_0206,TXN_03055215,6
PATTERN_TXN_1753,AML_PATTERN_0206,TXN_03055217,7
PATTERN_TXN_1754,AML_PATTERN_0206,TXN_03055219,8
PATTERN_TXN_1755,AML_PATTERN_0207,TXN_03064832,1
PATTERN_TXN_1756,AML_PATTERN_0207,TXN_03064834,2
PATTERN_TXN_1757,AML_PATTERN_0207,TXN_03064835,3
PATTERN_TXN_1758,AML_PATTERN_0208,TXN_03064849,1
PATTERN_TXN_1759,AML_PATTERN_0208,TXN_03064851,2
PATTERN_TXN_1760,AML_PATTERN_0208,TXN_03064853,3
PATTERN_TXN_1761,AML_PATTERN_0208,TXN_03064855,4
PATTERN_TXN_1762,AML_PATTERN_0209,TXN_03084282,1
PATTERN_TXN_1763,AML_PATTERN_0209,TXN_03084284,2
PATTERN_TXN_1764,AML_PATTERN_0210,TXN_03117666,1
PATTERN_TXN_1765,AML_PATTERN_0210,TXN_03117668,2
PATTERN_TXN_1766,AML_PATTERN_0210,TXN_03117669,3
PATTERN_TXN_1767,AML_PATTERN_0210,TXN_03117671,4
PATTERN_TXN_1768,AML_PATTERN_0210,TXN_03117672,5
PATTERN_TXN_1769,AML_PATTERN_0210,TXN_03117674,6
PATTERN_TXN_1770,AML_PATTERN_0210,TXN_03117675,7
PATTERN_TXN_1771,AML_PATTERN_0210,TXN_03117677,8
PATTERN_TXN_1772,AML_PATTERN_0210,TXN_03117678,9
PATTERN_TXN_1773,AML_PATTERN_0210,TXN_03117679,10
PATTERN_TXN_1774,AML_PATTERN_0210,TXN_03117681,11
PATTERN_TXN_1775,AML_PATTERN_0210,TXN_03117682,12
PATTERN_TXN_1776,AML_PATTERN_0210,TXN_03117684,13
PATTERN_TXN_1777,AML_PATTERN_0210,TXN_03117686,14
PATTERN_TXN_1778,AML_PATTERN_0210,TXN_03117688,15
PATTERN_TXN_1779,AML_PATTERN_0210,TXN_03117690,16
PATTERN_TXN_1780,AML_PATTERN_0211,TXN_03123390,1
PATTERN_TXN_1781,AML_PATTERN_0211,TXN_03123392,2
PATTERN_TXN_1782,AML_PATTERN_0211,TXN_03123393,3
PATTERN_TXN_1783,AML_PATTERN_0211,TXN_03123395,4
PATTERN_TXN_1784,AML_PATTERN_0211,TXN_03123397,5
PATTERN_TXN_1785,AML_PATTERN_0211,TXN_03123399,6
PATTERN_TXN_1786,AML_PATTERN_0211,TXN_03123400,7
PATTERN_TXN_1787,AML_PATTERN_0211,TXN_03123402,8
PATTERN_TXN_1788,AML_PATTERN_0211,TXN_03123404,9
PATTERN_TXN_1789,AML_PATTERN_0211,TXN_03123406,10
PATTERN_TXN_1790,AML_PATTERN_0211,TXN_03123408,11
PATTERN_TXN_1791,AML_PATTERN_0212,TXN_03123410,1
PATTERN_TXN_1792,AML_PATTERN_0212,TXN_03123412,2
PATTERN_TXN_1793,AML_PATTERN_0212,TXN_03123414,3
PATTERN_TXN_1794,AML_PATTERN_0212,TXN_03123416,4
PATTERN_TXN_1795,AML_PATTERN_0212,TXN_03123418,5
PATTERN_TXN_1796,AML_PATTERN_0212,TXN_03123420,6
PATTERN_TXN_1797,AML_PATTERN_0212,TXN_03123422,7
PATTERN_TXN_1798,AML_PATTERN_0212,TXN_03123424,8
PATTERN_TXN_1799,AML_PATTERN_0212,TXN_03123426,9
PATTERN_TXN_1800,AML_PATTERN_0212,TXN_03123428,10
PATTERN_TXN_1801,AML_PATTERN_0212,TXN_03123430,11
PATTERN_TXN_1802,AML_PATTERN_0212,TXN_03123432,12
PATTERN_TXN_1803,AML_PATTERN_0212,TXN_03123434,13
PATTERN_TXN_1804,AML_PATTERN_0212,TXN_03123436,14
PATTERN_TXN_1805,AML_PATTERN_0212,TXN_03123438,15
PATTERN_TXN_1806,AML_PATTERN_0212,TXN_03123440,16
PATTERN_TXN_1807,AML_PATTERN_0213,TXN_03123448,1
PATTERN_TXN_1808,AML_PATTERN_0213,TXN_03123450,2
PATTERN_TXN_1809,AML_PATTERN_0213,TXN_03123452,3
PATTERN_TXN_1810,AML_PATTERN_0213,TXN_03123454,4
PATTERN_TXN_1811,AML_PATTERN_0213,TXN_03123455,5
PATTERN_TXN_1812,AML_PATTERN_0213,TXN_03123457,6
PATTERN_TXN_1813,AML_PATTERN_0213,TXN_03123459,7
PATTERN_TXN_1814,AML_PATTERN_0213,TXN_03123461,8
PATTERN_TXN_1815,AML_PATTERN_0213,TXN_03123463,9
PATTERN_TXN_1816,AML_PATTERN_0213,TXN_03123465,10
PATTERN_TXN_1817,AML_PATTERN_0213,TXN_03123467,11
PATTERN_TXN_1818,AML_PATTERN_0213,TXN_03123469,12
PATTERN_TXN_1819,AML_PATTERN_0213,TXN_03123471,13
PATTERN_TXN_1820,AML_PATTERN_0213,TXN_03123474,14
PATTERN_TXN_1821,AML_PATTERN_0213,TXN_03123476,15
PATTERN_TXN_1822,AML_PATTERN_0213,TXN_03123479,16
PATTERN_TXN_1823,AML_PATTERN_0214,TXN_03123483,1
PATTERN_TXN_1824,AML_PATTERN_0214,TXN_03123484,2
PATTERN_TXN_1825,AML_PATTERN_0214,TXN_03123485,3
PATTERN_TXN_1826,AML_PATTERN_0214,TXN_03123486,4
PATTERN_TXN_1827,AML_PATTERN_0215,TXN_03132996,1
PATTERN_TXN_1828,AML_PATTERN_0215,TXN_03132997,2
PATTERN_TXN_1829,AML_PATTERN_0215,TXN_03132999,3
PATTERN_TXN_1830,AML_PATTERN_0215,TXN_03133000,4
PATTERN_TXN_1831,AML_PATTERN_0215,TXN_03133002,5
PATTERN_TXN_1832,AML_PATTERN_0215,TXN_03133004,6
PATTERN_TXN_1833,AML_PATTERN_0215,TXN_03133006,7
PATTERN_TXN_1834,AML_PATTERN_0215,TXN_03133008,8
PATTERN_TXN_1835,AML_PATTERN_0215,TXN_03133010,9
PATTERN_TXN_1836,AML_PATTERN_0215,TXN_03133012,10
PATTERN_TXN_1837,AML_PATTERN_0215,TXN_03133014,11
PATTERN_TXN_1838,AML_PATTERN_0215,TXN_03133016,12
PATTERN_TXN_1839,AML_PATTERN_0215,TXN_03133018,13
PATTERN_TXN_1840,AML_PATTERN_0215,TXN_03133019,14
PATTERN_TXN_1841,AML_PATTERN_0215,TXN_03133021,15
PATTERN_TXN_1842,AML_PATTERN_0215,TXN_03133023,16
PATTERN_TXN_1843,AML_PATTERN_0215,TXN_03133025,17
PATTERN_TXN_1844,AML_PATTERN_0215,TXN_03133027,18
PATTERN_TXN_1845,AML_PATTERN_0215,TXN_03133029,19
PATTERN_TXN_1846,AML_PATTERN_0215,TXN_03133031,20
PATTERN_TXN_1847,AML_PATTERN_0215,TXN_03133032,21
PATTERN_TXN_1848,AML_PATTERN_0216,TXN_03162457,1
PATTERN_TXN_1849,AML_PATTERN_0216,TXN_03162458,2
PATTERN_TXN_1850,AML_PATTERN_0216,TXN_03162459,3
PATTERN_TXN_1851,AML_PATTERN_0216,TXN_03162460,4
PATTERN_TXN_1852,AML_PATTERN_0216,TXN_03162461,5
PATTERN_TXN_1853,AML_PATTERN_0216,TXN_03162462,6
PATTERN_TXN_1854,AML_PATTERN_0216,TXN_03162464,7
PATTERN_TXN_1855,AML_PATTERN_0216,TXN_03162465,8
PATTERN_TXN_1856,AML_PATTERN_0216,TXN_03162466,9
PATTERN_TXN_1857,AML_PATTERN_0216,TXN_03162467,10
PATTERN_TXN_1858,AML_PATTERN_0216,TXN_03162468,11
PATTERN_TXN_1859,AML_PATTERN_0216,TXN_03162469,12
PATTERN_TXN_1860,AML_PATTERN_0216,TXN_03162470,13
PATTERN_TXN_1861,AML_PATTERN_0217,TXN_03162471,1
PATTERN_TXN_1862,AML_PATTERN_0218,TXN_03162473,1
PATTERN_TXN_1863,AML_PATTERN_0218,TXN_03162476,2
PATTERN_TXN_1864,AML_PATTERN_0218,TXN_03162478,3
PATTERN_TXN_1865,AML_PATTERN_0218,TXN_03162480,4
PATTERN_TXN_1866,AML_PATTERN_0218,TXN_03162482,5
PATTERN_TXN_1867,AML_PATTERN_0218,TXN_03162484,6
PATTERN_TXN_1868,AML_PATTERN_0218,TXN_03162486,7
PATTERN_TXN_1869,AML_PATTERN_0218,TXN_03162488,8
PATTERN_TXN_1870,AML_PATTERN_0218,TXN_03162490,9
PATTERN_TXN_1871,AML_PATTERN_0218,TXN_03162492,10
PATTERN_TXN_1872,AML_PATTERN_0218,TXN_03162495,11
PATTERN_TXN_1873,AML_PATTERN_0218,TXN_03162496,12
PATTERN_TXN_1874,AML_PATTERN_0219,TXN_03162498,1
PATTERN_TXN_1875,AML_PATTERN_0219,TXN_03162500,2
PATTERN_TXN_1876,AML_PATTERN_0219,TXN_03162502,3
PATTERN_TXN_1877,AML_PATTERN_0219,TXN_03162504,4
PATTERN_TXN_1878,AML_PATTERN_0219,TXN_03162506,5
PATTERN_TXN_1879,AML_PATTERN_0219,TXN_03162508,6
PATTERN_TXN_1880,AML_PATTERN_0219,TXN_03162510,7
PATTERN_TXN_1881,AML_PATTERN_0219,TXN_03162512,8
PATTERN_TXN_1882,AML_PATTERN_0219,TXN_03162514,9
PATTERN_TXN_1883,AML_PATTERN_0219,TXN_03162516,10
PATTERN_TXN_1884,AML_PATTERN_0219,TXN_03162518,11
PATTERN_TXN_1885,AML_PATTERN_0219,TXN_03162520,12
PATTERN_TXN_1886,AML_PATTERN_0219,TXN_03162522,13
PATTERN_TXN_1887,AML_PATTERN_0219,TXN_03162524,14
PATTERN_TXN_1888,AML_PATTERN_0219,TXN_03162526,15
PATTERN_TXN_1889,AML_PATTERN_0219,TXN_03162528,16
PATTERN_TXN_1890,AML_PATTERN_0220,TXN_03182148,1
PATTERN_TXN_1891,AML_PATTERN_0220,TXN_03182150,2
PATTERN_TXN_1892,AML_PATTERN_0220,TXN_03182152,3
PATTERN_TXN_1893,AML_PATTERN_0220,TXN_03182154,4
PATTERN_TXN_1894,AML_PATTERN_0220,TXN_03182156,5
PATTERN_TXN_1895,AML_PATTERN_0220,TXN_03182158,6
PATTERN_TXN_1896,AML_PATTERN_0220,TXN_03182160,7
PATTERN_TXN_1897,AML_PATTERN_0221,TXN_03201407,1
PATTERN_TXN_1898,AML_PATTERN_0221,TXN_03201408,2
PATTERN_TXN_1899,AML_PATTERN_0221,TXN_03201410,3
PATTERN_TXN_1900,AML_PATTERN_0221,TXN_03201412,4
PATTERN_TXN_1901,AML_PATTERN_0221,TXN_03201414,5
PATTERN_TXN_1902,AML_PATTERN_0221,TXN_03201416,6
PATTERN_TXN_1903,AML_PATTERN_0221,TXN_03201419,7
PATTERN_TXN_1904,AML_PATTERN_0221,TXN_03201421,8
PATTERN_TXN_1905,AML_PATTERN_0221,TXN_03201424,9
PATTERN_TXN_1906,AML_PATTERN_0221,TXN_03201426,10
PATTERN_TXN_1907,AML_PATTERN_0222,TXN_03240077,1
PATTERN_TXN_1908,AML_PATTERN_0222,TXN_03240078,2
PATTERN_TXN_1909,AML_PATTERN_0222,TXN_03240079,3
PATTERN_TXN_1910,AML_PATTERN_0222,TXN_03240080,4
PATTERN_TXN_1911,AML_PATTERN_0222,TXN_03240081,5
PATTERN_TXN_1912,AML_PATTERN_0223,TXN_03249681,1
PATTERN_TXN_1913,AML_PATTERN_0223,TXN_03249682,2
PATTERN_TXN_1914,AML_PATTERN_0223,TXN_03249685,3
PATTERN_TXN_1915,AML_PATTERN_0223,TXN_03249688,4
PATTERN_TXN_1916,AML_PATTERN_0224,TXN_03273369,1
PATTERN_TXN_1917,AML_PATTERN_0225,TXN_03278176,1
PATTERN_TXN_1918,AML_PATTERN_0226,TXN_03303574,1
PATTERN_TXN_1919,AML_PATTERN_0226,TXN_03303576,2
PATTERN_TXN_1920,AML_PATTERN_0226,TXN_03303577,3
PATTERN_TXN_1921,AML_PATTERN_0226,TXN_03303579,4
PATTERN_TXN_1922,AML_PATTERN_0226,TXN_03303581,5
PATTERN_TXN_1923,AML_PATTERN_0226,TXN_03303582,6
PATTERN_TXN_1924,AML_PATTERN_0226,TXN_03303584,7
PATTERN_TXN_1925,AML_PATTERN_0226,TXN_03303586,8
PATTERN_TXN_1926,AML_PATTERN_0226,TXN_03303588,9
PATTERN_TXN_1927,AML_PATTERN_0226,TXN_03303590,10
PATTERN_TXN_1928,AML_PATTERN_0226,TXN_03303592,11
PATTERN_TXN_1929,AML_PATTERN_0226,TXN_03303593,12
PATTERN_TXN_1930,AML_PATTERN_0226,TXN_03303595,13
PATTERN_TXN_1931,AML_PATTERN_0226,TXN_03303597,14
PATTERN_TXN_1932,AML_PATTERN_0226,TXN_03303598,15
PATTERN_TXN_1933,AML_PATTERN_0226,TXN_03303599,16
PATTERN_TXN_1934,AML_PATTERN_0226,TXN_03303601,17
PATTERN_TXN_1935,AML_PATTERN_0226,TXN_03303604,18
PATTERN_TXN_1936,AML_PATTERN_0226,TXN_03303606,19
PATTERN_TXN_1937,AML_PATTERN_0226,TXN_03303608,20
PATTERN_TXN_1938,AML_PATTERN_0226,TXN_03303610,21
PATTERN_TXN_1939,AML_PATTERN_0226,TXN_03303612,22
PATTERN_TXN_1940,AML_PATTERN_0227,TXN_03313373,1
PATTERN_TXN_1941,AML_PATTERN_0227,TXN_03313376,2
PATTERN_TXN_1942,AML_PATTERN_0227,TXN_03313378,3
PATTERN_TXN_1943,AML_PATTERN_0227,TXN_03313381,4
PATTERN_TXN_1944,AML_PATTERN_0227,TXN_03313383,5
PATTERN_TXN_1945,AML_PATTERN_0227,TXN_03313385,6
PATTERN_TXN_1946,AML_PATTERN_0228,TXN_03326786,1
PATTERN_TXN_1947,AML_PATTERN_0228,TXN_03326787,2
PATTERN_TXN_1948,AML_PATTERN_0228,TXN_03326789,3
PATTERN_TXN_1949,AML_PATTERN_0228,TXN_03326791,4
PATTERN_TXN_1950,AML_PATTERN_0228,TXN_03326792,5
PATTERN_TXN_1951,AML_PATTERN_0228,TXN_03326794,6
PATTERN_TXN_1952,AML_PATTERN_0228,TXN_03326796,7
PATTERN_TXN_1953,AML_PATTERN_0228,TXN_03326797,8
PATTERN_TXN_1954,AML_PATTERN_0228,TXN_03326799,9
PATTERN_TXN_1955,AML_PATTERN_0228,TXN_03326800,10
PATTERN_TXN_1956,AML_PATTERN_0228,TXN_03326802,11
PATTERN_TXN_1957,AML_PATTERN_0228,TXN_03326803,12
PATTERN_TXN_1958,AML_PATTERN_0228,TXN_03326804,13
PATTERN_TXN_1959,AML_PATTERN_0228,TXN_03326806,14
PATTERN_TXN_1960,AML_PATTERN_0228,TXN_03326808,15
PATTERN_TXN_1961,AML_PATTERN_0228,TXN_03326809,16
PATTERN_TXN_1962,AML_PATTERN_0228,TXN_03326810,17
PATTERN_TXN_1963,AML_PATTERN_0228,TXN_03326812,18
PATTERN_TXN_1964,AML_PATTERN_0229,TXN_03332511,1
PATTERN_TXN_1965,AML_PATTERN_0229,TXN_03332512,2
PATTERN_TXN_1966,AML_PATTERN_0229,TXN_03332514,3
PATTERN_TXN_1967,AML_PATTERN_0229,TXN_03332516,4
PATTERN_TXN_1968,AML_PATTERN_0229,TXN_03332518,5
PATTERN_TXN_1969,AML_PATTERN_0229,TXN_03332520,6
PATTERN_TXN_1970,AML_PATTERN_0229,TXN_03332521,7
PATTERN_TXN_1971,AML_PATTERN_0229,TXN_03332523,8
PATTERN_TXN_1972,AML_PATTERN_0229,TXN_03332524,9
PATTERN_TXN_1973,AML_PATTERN_0229,TXN_03332526,10
PATTERN_TXN_1974,AML_PATTERN_0229,TXN_03332528,11
PATTERN_TXN_1975,AML_PATTERN_0229,TXN_03332530,12
PATTERN_TXN_1976,AML_PATTERN_0230,TXN_03342048,1
PATTERN_TXN_1977,AML_PATTERN_0230,TXN_03342050,2
PATTERN_TXN_1978,AML_PATTERN_0230,TXN_03342052,3
PATTERN_TXN_1979,AML_PATTERN_0230,TXN_03342053,4
PATTERN_TXN_1980,AML_PATTERN_0231,TXN_03351989,1
PATTERN_TXN_1981,AML_PATTERN_0231,TXN_03351991,2
PATTERN_TXN_1982,AML_PATTERN_0231,TXN_03351992,3
PATTERN_TXN_1983,AML_PATTERN_0231,TXN_03351994,4
PATTERN_TXN_1984,AML_PATTERN_0231,TXN_03351995,5
PATTERN_TXN_1985,AML_PATTERN_0231,TXN_03351996,6
PATTERN_TXN_1986,AML_PATTERN_0231,TXN_03351998,7
PATTERN_TXN_1987,AML_PATTERN_0231,TXN_03352000,8
PATTERN_TXN_1988,AML_PATTERN_0231,TXN_03352001,9
PATTERN_TXN_1989,AML_PATTERN_0231,TXN_03352004,10
PATTERN_TXN_1990,AML_PATTERN_0231,TXN_03352006,11
PATTERN_TXN_1991,AML_PATTERN_0231,TXN_03352008,12
PATTERN_TXN_1992,AML_PATTERN_0232,TXN_03352009,1
PATTERN_TXN_1993,AML_PATTERN_0232,TXN_03352010,2
PATTERN_TXN_1994,AML_PATTERN_0232,TXN_03352012,3
PATTERN_TXN_1995,AML_PATTERN_0232,TXN_03352014,4
PATTERN_TXN_1996,AML_PATTERN_0232,TXN_03352016,5
PATTERN_TXN_1997,AML_PATTERN_0232,TXN_03352018,6
PATTERN_TXN_1998,AML_PATTERN_0232,TXN_03352021,7
PATTERN_TXN_1999,AML_PATTERN_0233,TXN_03365975,1
PATTERN_TXN_2000,AML_PATTERN_0234,TXN_03395874,1
PATTERN_TXN_2001,AML_PATTERN_0234,TXN_03395875,2
PATTERN_TXN_2002,AML_PATTERN_0234,TXN_03395876,3
PATTERN_TXN_2003,AML_PATTERN_0234,TXN_03395877,4
PATTERN_TXN_2004,AML_PATTERN_0234,TXN_03395878,5
PATTERN_TXN_2005,AML_PATTERN_0234,TXN_03395880,6
PATTERN_TXN_2006,AML_PATTERN_0234,TXN_03395881,7
PATTERN_TXN_2007,AML_PATTERN_0234,TXN_03395882,8
PATTERN_TXN_2008,AML_PATTERN_0235,TXN_03411038,1
PATTERN_TXN_2009,AML_PATTERN_0235,TXN_03411039,2
PATTERN_TXN_2010,AML_PATTERN_0236,TXN_03411041,1
PATTERN_TXN_2011,AML_PATTERN_0236,TXN_03411044,2
PATTERN_TXN_2012,AML_PATTERN_0236,TXN_03411046,3
PATTERN_TXN_2013,AML_PATTERN_0236,TXN_03411048,4
PATTERN_TXN_2014,AML_PATTERN_0236,TXN_03411049,5
PATTERN_TXN_2015,AML_PATTERN_0236,TXN_03411050,6
PATTERN_TXN_2016,AML_PATTERN_0236,TXN_03411051,7
PATTERN_TXN_2017,AML_PATTERN_0236,TXN_03411052,8
PATTERN_TXN_2018,AML_PATTERN_0236,TXN_03411053,9
PATTERN_TXN_2019,AML_PATTERN_0236,TXN_03411054,10
PATTERN_TXN_2020,AML_PATTERN_0236,TXN_03411056,11
PATTERN_TXN_2021,AML_PATTERN_0236,TXN_03411058,12
PATTERN_TXN_2022,AML_PATTERN_0236,TXN_03411060,13
PATTERN_TXN_2023,AML_PATTERN_0236,TXN_03411062,14
PATTERN_TXN_2024,AML_PATTERN_0236,TXN_03411064,15
PATTERN_TXN_2025,AML_PATTERN_0236,TXN_03411066,16
PATTERN_TXN_2026,AML_PATTERN_0236,TXN_03411067,17
PATTERN_TXN_2027,AML_PATTERN_0236,TXN_03411068,18
PATTERN_TXN_2028,AML_PATTERN_0236,TXN_03411070,19
PATTERN_TXN_2029,AML_PATTERN_0236,TXN_03411072,20
PATTERN_TXN_2030,AML_PATTERN_0236,TXN_03411073,21
PATTERN_TXN_2031,AML_PATTERN_0236,TXN_03411075,22
PATTERN_TXN_2032,AML_PATTERN_0236,TXN_03411076,23
PATTERN_TXN_2033,AML_PATTERN_0236,TXN_03411077,24
PATTERN_TXN_2034,AML_PATTERN_0236,TXN_03411079,25
PATTERN_TXN_2035,AML_PATTERN_0236,TXN_03411082,26
PATTERN_TXN_2036,AML_PATTERN_0237,TXN_03420795,1
PATTERN_TXN_2037,AML_PATTERN_0237,TXN_03420797,2
PATTERN_TXN_2038,AML_PATTERN_0237,TXN_03420799,3
PATTERN_TXN_2039,AML_PATTERN_0237,TXN_03420801,4
PATTERN_TXN_2040,AML_PATTERN_0237,TXN_03420803,5
PATTERN_TXN_2041,AML_PATTERN_0237,TXN_03420805,6
PATTERN_TXN_2042,AML_PATTERN_0238,TXN_03430404,1
PATTERN_TXN_2043,AML_PATTERN_0239,TXN_03444528,1
PATTERN_TXN_2044,AML_PATTERN_0239,TXN_03444529,2
PATTERN_TXN_2045,AML_PATTERN_0239,TXN_03444531,3
PATTERN_TXN_2046,AML_PATTERN_0239,TXN_03444532,4
PATTERN_TXN_2047,AML_PATTERN_0239,TXN_03444533,5
PATTERN_TXN_2048,AML_PATTERN_0239,TXN_03444534,6
PATTERN_TXN_2049,AML_PATTERN_0239,TXN_03444535,7
PATTERN_TXN_2050,AML_PATTERN_0239,TXN_03444537,8
PATTERN_TXN_2051,AML_PATTERN_0239,TXN_03444539,9
PATTERN_TXN_2052,AML_PATTERN_0239,TXN_03444540,10
PATTERN_TXN_2053,AML_PATTERN_0239,TXN_03444541,11
PATTERN_TXN_2054,AML_PATTERN_0239,TXN_03444542,12
PATTERN_TXN_2055,AML_PATTERN_0239,TXN_03444543,13
PATTERN_TXN_2056,AML_PATTERN_0239,TXN_03444545,14
PATTERN_TXN_2057,AML_PATTERN_0240,TXN_03459489,1
PATTERN_TXN_2058,AML_PATTERN_0240,TXN_03459491,2
PATTERN_TXN_2059,AML_PATTERN_0240,TXN_03459493,3
PATTERN_TXN_2060,AML_PATTERN_0240,TXN_03459496,4
PATTERN_TXN_2061,AML_PATTERN_0240,TXN_03459498,5
PATTERN_TXN_2062,AML_PATTERN_0240,TXN_03459500,6
PATTERN_TXN_2063,AML_PATTERN_0240,TXN_03459502,7
PATTERN_TXN_2064,AML_PATTERN_0240,TXN_03459504,8
PATTERN_TXN_2065,AML_PATTERN_0240,TXN_03459506,9
PATTERN_TXN_2066,AML_PATTERN_0240,TXN_03459508,10
PATTERN_TXN_2067,AML_PATTERN_0240,TXN_03459510,11
PATTERN_TXN_2068,AML_PATTERN_0240,TXN_03459511,12
PATTERN_TXN_2069,AML_PATTERN_0240,TXN_03459513,13
PATTERN_TXN_2070,AML_PATTERN_0240,TXN_03459515,14
PATTERN_TXN_2071,AML_PATTERN_0240,TXN_03459517,15
PATTERN_TXN_2072,AML_PATTERN_0240,TXN_03459519,16
PATTERN_TXN_2073,AML_PATTERN_0240,TXN_03459521,17
PATTERN_TXN_2074,AML_PATTERN_0240,TXN_03459524,18
PATTERN_TXN_2075,AML_PATTERN_0240,TXN_03459526,19
PATTERN_TXN_2076,AML_PATTERN_0240,TXN_03459528,20
PATTERN_TXN_2077,AML_PATTERN_0240,TXN_03459529,21
PATTERN_TXN_2078,AML_PATTERN_0240,TXN_03459530,22
PATTERN_TXN_2079,AML_PATTERN_0240,TXN_03459532,23
PATTERN_TXN_2080,AML_PATTERN_0240,TXN_03459534,24
PATTERN_TXN_2081,AML_PATTERN_0240,TXN_03459536,25
PATTERN_TXN_2082,AML_PATTERN_0240,TXN_03459538,26
PATTERN_TXN_2083,AML_PATTERN_0240,TXN_03459540,27
PATTERN_TXN_2084,AML_PATTERN_0240,TXN_03459542,28
PATTERN_TXN_2085,AML_PATTERN_0240,TXN_03459544,29
PATTERN_TXN_2086,AML_PATTERN_0240,TXN_03459546,30
PATTERN_TXN_2087,AML_PATTERN_0241,TXN_03463852,1
PATTERN_TXN_2088,AML_PATTERN_0241,TXN_03463853,2
PATTERN_TXN_2089,AML_PATTERN_0242,TXN_03469177,1
PATTERN_TXN_2090,AML_PATTERN_0242,TXN_03469179,2
PATTERN_TXN_2091,AML_PATTERN_0242,TXN_03469181,3
PATTERN_TXN_2092,AML_PATTERN_0242,TXN_03469183,4
PATTERN_TXN_2093,AML_PATTERN_0242,TXN_03469185,5
PATTERN_TXN_2094,AML_PATTERN_0242,TXN_03469187,6
PATTERN_TXN_2095,AML_PATTERN_0242,TXN_03469188,7
PATTERN_TXN_2096,AML_PATTERN_0242,TXN_03469190,8
PATTERN_TXN_2097,AML_PATTERN_0242,TXN_03469192,9
PATTERN_TXN_2098,AML_PATTERN_0242,TXN_03469194,10
PATTERN_TXN_2099,AML_PATTERN_0242,TXN_03469196,11
PATTERN_TXN_2100,AML_PATTERN_0242,TXN_03469198,12
PATTERN_TXN_2101,AML_PATTERN_0242,TXN_03469200,13
PATTERN_TXN_2102,AML_PATTERN_0243,TXN_03469216,1
PATTERN_TXN_2103,AML_PATTERN_0243,TXN_03469217,2
PATTERN_TXN_2104,AML_PATTERN_0244,TXN_03498721,1
PATTERN_TXN_2105,AML_PATTERN_0244,TXN_03498723,2
PATTERN_TXN_2106,AML_PATTERN_0245,TXN_03557037,1
PATTERN_TXN_2107,AML_PATTERN_0245,TXN_03557039,2
PATTERN_TXN_2108,AML_PATTERN_0245,TXN_03557041,3
PATTERN_TXN_2109,AML_PATTERN_0245,TXN_03557043,4
PATTERN_TXN_2110,AML_PATTERN_0245,TXN_03557045,5
PATTERN_TXN_2111,AML_PATTERN_0245,TXN_03557046,6
PATTERN_TXN_2112,AML_PATTERN_0245,TXN_03557048,7
PATTERN_TXN_2113,AML_PATTERN_0245,TXN_03557050,8
PATTERN_TXN_2114,AML_PATTERN_0245,TXN_03557052,9
PATTERN_TXN_2115,AML_PATTERN_0245,TXN_03557054,10
PATTERN_TXN_2116,AML_PATTERN_0245,TXN_03557056,11
PATTERN_TXN_2117,AML_PATTERN_0245,TXN_03557057,12
PATTERN_TXN_2118,AML_PATTERN_0246,TXN_03586638,1
PATTERN_TXN_2119,AML_PATTERN_0246,TXN_03586640,2
PATTERN_TXN_2120,AML_PATTERN_0246,TXN_03586642,3
PATTERN_TXN_2121,AML_PATTERN_0247,TXN_03586645,1
PATTERN_TXN_2122,AML_PATTERN_0247,TXN_03586647,2
PATTERN_TXN_2123,AML_PATTERN_0247,TXN_03586649,3
PATTERN_TXN_2124,AML_PATTERN_0247,TXN_03586651,4
PATTERN_TXN_2125,AML_PATTERN_0247,TXN_03586653,5
PATTERN_TXN_2126,AML_PATTERN_0247,TXN_03586655,6
PATTERN_TXN_2127,AML_PATTERN_0247,TXN_03586657,7
PATTERN_TXN_2128,AML_PATTERN_0247,TXN_03586659,8
PATTERN_TXN_2129,AML_PATTERN_0247,TXN_03586661,9
PATTERN_TXN_2130,AML_PATTERN_0247,TXN_03586662,10
PATTERN_TXN_2131,AML_PATTERN_0247,TXN_03586664,11
PATTERN_TXN_2132,AML_PATTERN_0247,TXN_03586666,12
PATTERN_TXN_2133,AML_PATTERN_0247,TXN_03586668,13
PATTERN_TXN_2134,AML_PATTERN_0248,TXN_03596545,1
PATTERN_TXN_2135,AML_PATTERN_0248,TXN_03596548,2
PATTERN_TXN_2136,AML_PATTERN_0248,TXN_03596551,3
PATTERN_TXN_2137,AML_PATTERN_0248,TXN_03596554,4
PATTERN_TXN_2138,AML_PATTERN_0248,TXN_03596557,5
PATTERN_TXN_2139,AML_PATTERN_0249,TXN_03625765,1
PATTERN_TXN_2140,AML_PATTERN_0249,TXN_03625766,2
PATTERN_TXN_2141,AML_PATTERN_0249,TXN_03625768,3
PATTERN_TXN_2142,AML_PATTERN_0249,TXN_03625770,4
PATTERN_TXN_2143,AML_PATTERN_0249,TXN_03625771,5
PATTERN_TXN_2144,AML_PATTERN_0250,TXN_03625783,1
PATTERN_TXN_2145,AML_PATTERN_0250,TXN_03625785,2
PATTERN_TXN_2146,AML_PATTERN_0251,TXN_03625786,1
PATTERN_TXN_2147,AML_PATTERN_0251,TXN_03625787,2
PATTERN_TXN_2148,AML_PATTERN_0251,TXN_03625788,3
PATTERN_TXN_2149,AML_PATTERN_0251,TXN_03625789,4
PATTERN_TXN_2150,AML_PATTERN_0251,TXN_03625790,5
PATTERN_TXN_2151,AML_PATTERN_0251,TXN_03625792,6
PATTERN_TXN_2152,AML_PATTERN_0251,TXN_03625794,7
PATTERN_TXN_2153,AML_PATTERN_0251,TXN_03625795,8
PATTERN_TXN_2154,AML_PATTERN_0252,TXN_03635772,1
PATTERN_TXN_2155,AML_PATTERN_0252,TXN_03635773,2
PATTERN_TXN_2156,AML_PATTERN_0252,TXN_03635775,3
PATTERN_TXN_2157,AML_PATTERN_0252,TXN_03635777,4
PATTERN_TXN_2158,AML_PATTERN_0252,TXN_03635779,5
PATTERN_TXN_2159,AML_PATTERN_0252,TXN_03635781,6
PATTERN_TXN_2160,AML_PATTERN_0252,TXN_03635783,7
PATTERN_TXN_2161,AML_PATTERN_0252,TXN_03635785,8
PATTERN_TXN_2162,AML_PATTERN_0252,TXN_03635787,9
PATTERN_TXN_2163,AML_PATTERN_0252,TXN_03635789,10
PATTERN_TXN_2164,AML_PATTERN_0252,TXN_03635790,11
PATTERN_TXN_2165,AML_PATTERN_0252,TXN_03635791,12
PATTERN_TXN_2166,AML_PATTERN_0252,TXN_03635793,13
PATTERN_TXN_2167,AML_PATTERN_0252,TXN_03635795,14
PATTERN_TXN_2168,AML_PATTERN_0253,TXN_03635823,1
PATTERN_TXN_2169,AML_PATTERN_0253,TXN_03635825,2
PATTERN_TXN_2170,AML_PATTERN_0253,TXN_03635827,3
PATTERN_TXN_2171,AML_PATTERN_0253,TXN_03635829,4
PATTERN_TXN_2172,AML_PATTERN_0253,TXN_03635831,5
PATTERN_TXN_2173,AML_PATTERN_0253,TXN_03635833,6
PATTERN_TXN_2174,AML_PATTERN_0253,TXN_03635835,7
PATTERN_TXN_2175,AML_PATTERN_0253,TXN_03635837,8
PATTERN_TXN_2176,AML_PATTERN_0254,TXN_03664341,1
PATTERN_TXN_2177,AML_PATTERN_0254,TXN_03664342,2
PATTERN_TXN_2178,AML_PATTERN_0254,TXN_03664343,3
PATTERN_TXN_2179,AML_PATTERN_0254,TXN_03664345,4
PATTERN_TXN_2180,AML_PATTERN_0254,TXN_03664346,5
PATTERN_TXN_2181,AML_PATTERN_0254,TXN_03664347,6
PATTERN_TXN_2182,AML_PATTERN_0254,TXN_03664348,7
PATTERN_TXN_2183,AML_PATTERN_0254,TXN_03664349,8
PATTERN_TXN_2184,AML_PATTERN_0254,TXN_03664350,9
PATTERN_TXN_2185,AML_PATTERN_0254,TXN_03664351,10
PATTERN_TXN_2186,AML_PATTERN_0254,TXN_03664352,11
PATTERN_TXN_2187,AML_PATTERN_0254,TXN_03664353,12
PATTERN_TXN_2188,AML_PATTERN_0255,TXN_03683931,1
PATTERN_TXN_2189,AML_PATTERN_0255,TXN_03683933,2
PATTERN_TXN_2190,AML_PATTERN_0255,TXN_03683935,3
PATTERN_TXN_2191,AML_PATTERN_0255,TXN_03683937,4
PATTERN_TXN_2192,AML_PATTERN_0255,TXN_03683938,5
PATTERN_TXN_2193,AML_PATTERN_0255,TXN_03683940,6
PATTERN_TXN_2194,AML_PATTERN_0255,TXN_03683942,7
PATTERN_TXN_2195,AML_PATTERN_0255,TXN_03683944,8
PATTERN_TXN_2196,AML_PATTERN_0255,TXN_03683945,9
PATTERN_TXN_2197,AML_PATTERN_0255,TXN_03683948,10
PATTERN_TXN_2198,AML_PATTERN_0255,TXN_03683949,11
PATTERN_TXN_2199,AML_PATTERN_0255,TXN_03683951,12
PATTERN_TXN_2200,AML_PATTERN_0256,TXN_03703285,1
PATTERN_TXN_2201,AML_PATTERN_0256,TXN_03703286,2
PATTERN_TXN_2202,AML_PATTERN_0256,TXN_03703287,3
PATTERN_TXN_2203,AML_PATTERN_0256,TXN_03703290,4
PATTERN_TXN_2204,AML_PATTERN_0256,TXN_03703292,5
PATTERN_TXN_2205,AML_PATTERN_0256,TXN_03703294,6
PATTERN_TXN_2206,AML_PATTERN_0256,TXN_03703296,7
PATTERN_TXN_2207,AML_PATTERN_0256,TXN_03703298,8
PATTERN_TXN_2208,AML_PATTERN_0256,TXN_03703300,9
PATTERN_TXN_2209,AML_PATTERN_0256,TXN_03703302,10
PATTERN_TXN_2210,AML_PATTERN_0256,TXN_03703304,11
PATTERN_TXN_2211,AML_PATTERN_0256,TXN_03703305,12
PATTERN_TXN_2212,AML_PATTERN_0256,TXN_03703307,13
PATTERN_TXN_2213,AML_PATTERN_0256,TXN_03703309,14
PATTERN_TXN_2214,AML_PATTERN_0256,TXN_03703310,15
PATTERN_TXN_2215,AML_PATTERN_0256,TXN_03703311,16
PATTERN_TXN_2216,AML_PATTERN_0257,TXN_03712857,1
PATTERN_TXN_2217,AML_PATTERN_0258,TXN_03732446,1
PATTERN_TXN_2218,AML_PATTERN_0258,TXN_03732447,2
PATTERN_TXN_2219,AML_PATTERN_0258,TXN_03732450,3
PATTERN_TXN_2220,AML_PATTERN_0258,TXN_03732452,4
PATTERN_TXN_2221,AML_PATTERN_0258,TXN_03732454,5
PATTERN_TXN_2222,AML_PATTERN_0258,TXN_03732456,6
PATTERN_TXN_2223,AML_PATTERN_0258,TXN_03732458,7
PATTERN_TXN_2224,AML_PATTERN_0258,TXN_03732461,8
PATTERN_TXN_2225,AML_PATTERN_0259,TXN_03732497,1
PATTERN_TXN_2226,AML_PATTERN_0259,TXN_03732498,2
PATTERN_TXN_2227,AML_PATTERN_0259,TXN_03732499,3
PATTERN_TXN_2228,AML_PATTERN_0259,TXN_03732500,4
PATTERN_TXN_2229,AML_PATTERN_0259,TXN_03732501,5
PATTERN_TXN_2230,AML_PATTERN_0259,TXN_03732502,6
PATTERN_TXN_2231,AML_PATTERN_0260,TXN_03742883,1
PATTERN_TXN_2232,AML_PATTERN_0260,TXN_03742884,2
PATTERN_TXN_2233,AML_PATTERN_0260,TXN_03742886,3
PATTERN_TXN_2234,AML_PATTERN_0260,TXN_03742887,4
PATTERN_TXN_2235,AML_PATTERN_0260,TXN_03742888,5
PATTERN_TXN_2236,AML_PATTERN_0260,TXN_03742889,6
PATTERN_TXN_2237,AML_PATTERN_0260,TXN_03742891,7
PATTERN_TXN_2238,AML_PATTERN_0260,TXN_03742893,8
PATTERN_TXN_2239,AML_PATTERN_0260,TXN_03742894,9
PATTERN_TXN_2240,AML_PATTERN_0260,TXN_03742896,10
PATTERN_TXN_2241,AML_PATTERN_0261,TXN_03756237,1
PATTERN_TXN_2242,AML_PATTERN_0261,TXN_03756238,2
PATTERN_TXN_2243,AML_PATTERN_0262,TXN_03756239,1
PATTERN_TXN_2244,AML_PATTERN_0262,TXN_03756240,2
PATTERN_TXN_2245,AML_PATTERN_0262,TXN_03756242,3
PATTERN_TXN_2246,AML_PATTERN_0262,TXN_03756244,4
PATTERN_TXN_2247,AML_PATTERN_0262,TXN_03756245,5
PATTERN_TXN_2248,AML_PATTERN_0262,TXN_03756248,6
PATTERN_TXN_2249,AML_PATTERN_0262,TXN_03756249,7
PATTERN_TXN_2250,AML_PATTERN_0262,TXN_03756251,8
PATTERN_TXN_2251,AML_PATTERN_0262,TXN_03756252,9
PATTERN_TXN_2252,AML_PATTERN_0262,TXN_03756255,10
PATTERN_TXN_2253,AML_PATTERN_0262,TXN_03756256,11
PATTERN_TXN_2254,AML_PATTERN_0262,TXN_03756258,12
PATTERN_TXN_2255,AML_PATTERN_0262,TXN_03756260,13
PATTERN_TXN_2256,AML_PATTERN_0262,TXN_03756262,14
PATTERN_TXN_2257,AML_PATTERN_0263,TXN_03780587,1
PATTERN_TXN_2258,AML_PATTERN_0263,TXN_03780588,2
PATTERN_TXN_2259,AML_PATTERN_0264,TXN_03785799,1
PATTERN_TXN_2260,AML_PATTERN_0264,TXN_03785800,2
PATTERN_TXN_2261,AML_PATTERN_0264,TXN_03785803,3
PATTERN_TXN_2262,AML_PATTERN_0264,TXN_03785806,4
PATTERN_TXN_2263,AML_PATTERN_0264,TXN_03785807,5
PATTERN_TXN_2264,AML_PATTERN_0264,TXN_03785810,6
PATTERN_TXN_2265,AML_PATTERN_0265,TXN_03805111,1
PATTERN_TXN_2266,AML_PATTERN_0265,TXN_03805113,2
PATTERN_TXN_2267,AML_PATTERN_0265,TXN_03805115,3
PATTERN_TXN_2268,AML_PATTERN_0265,TXN_03805117,4
PATTERN_TXN_2269,AML_PATTERN_0265,TXN_03805118,5
PATTERN_TXN_2270,AML_PATTERN_0265,TXN_03805120,6
PATTERN_TXN_2271,AML_PATTERN_0265,TXN_03805122,7
PATTERN_TXN_2272,AML_PATTERN_0265,TXN_03805123,8
PATTERN_TXN_2273,AML_PATTERN_0265,TXN_03805125,9
PATTERN_TXN_2274,AML_PATTERN_0265,TXN_03805127,10
PATTERN_TXN_2275,AML_PATTERN_0265,TXN_03805129,11
PATTERN_TXN_2276,AML_PATTERN_0265,TXN_03805130,12
PATTERN_TXN_2277,AML_PATTERN_0265,TXN_03805132,13
PATTERN_TXN_2278,AML_PATTERN_0266,TXN_03805152,1
PATTERN_TXN_2279,AML_PATTERN_0266,TXN_03805154,2
PATTERN_TXN_2280,AML_PATTERN_0266,TXN_03805156,3
PATTERN_TXN_2281,AML_PATTERN_0266,TXN_03805158,4
PATTERN_TXN_2282,AML_PATTERN_0266,TXN_03805160,5
PATTERN_TXN_2283,AML_PATTERN_0266,TXN_03805162,6
PATTERN_TXN_2284,AML_PATTERN_0266,TXN_03805164,7
PATTERN_TXN_2285,AML_PATTERN_0266,TXN_03805165,8
PATTERN_TXN_2286,AML_PATTERN_0266,TXN_03805167,9
PATTERN_TXN_2287,AML_PATTERN_0266,TXN_03805169,10
PATTERN_TXN_2288,AML_PATTERN_0266,TXN_03805170,11
PATTERN_TXN_2289,AML_PATTERN_0266,TXN_03805172,12
PATTERN_TXN_2290,AML_PATTERN_0266,TXN_03805173,13
PATTERN_TXN_2291,AML_PATTERN_0266,TXN_03805175,14
PATTERN_TXN_2292,AML_PATTERN_0266,TXN_03805177,15
PATTERN_TXN_2293,AML_PATTERN_0266,TXN_03805179,16
PATTERN_TXN_2294,AML_PATTERN_0267,TXN_03838862,1
PATTERN_TXN_2295,AML_PATTERN_0268,TXN_03857991,1
PATTERN_TXN_2296,AML_PATTERN_0269,TXN_03863624,1
PATTERN_TXN_2297,AML_PATTERN_0269,TXN_03863625,2
PATTERN_TXN_2298,AML_PATTERN_0269,TXN_03863626,3
PATTERN_TXN_2299,AML_PATTERN_0269,TXN_03863627,4
PATTERN_TXN_2300,AML_PATTERN_0269,TXN_03863628,5
PATTERN_TXN_2301,AML_PATTERN_0269,TXN_03863630,6
PATTERN_TXN_2302,AML_PATTERN_0269,TXN_03863632,7
PATTERN_TXN_2303,AML_PATTERN_0269,TXN_03863634,8
PATTERN_TXN_2304,AML_PATTERN_0269,TXN_03863636,9
PATTERN_TXN_2305,AML_PATTERN_0269,TXN_03863639,10
PATTERN_TXN_2306,AML_PATTERN_0269,TXN_03863640,11
PATTERN_TXN_2307,AML_PATTERN_0269,TXN_03863641,12
PATTERN_TXN_2308,AML_PATTERN_0269,TXN_03863643,13
PATTERN_TXN_2309,AML_PATTERN_0269,TXN_03863645,14
PATTERN_TXN_2310,AML_PATTERN_0269,TXN_03863646,15
PATTERN_TXN_2311,AML_PATTERN_0269,TXN_03863648,16
PATTERN_TXN_2312,AML_PATTERN_0269,TXN_03863650,17
PATTERN_TXN_2313,AML_PATTERN_0269,TXN_03863652,18
PATTERN_TXN_2314,AML_PATTERN_0269,TXN_03863654,19
PATTERN_TXN_2315,AML_PATTERN_0269,TXN_03863657,20
PATTERN_TXN_2316,AML_PATTERN_0269,TXN_03863659,21
PATTERN_TXN_2317,AML_PATTERN_0269,TXN_03863661,22
PATTERN_TXN_2318,AML_PATTERN_0269,TXN_03863663,23
PATTERN_TXN_2319,AML_PATTERN_0269,TXN_03863665,24
PATTERN_TXN_2320,AML_PATTERN_0269,TXN_03863666,25
PATTERN_TXN_2321,AML_PATTERN_0269,TXN_03863667,26
PATTERN_TXN_2322,AML_PATTERN_0270,TXN_03902213,1
PATTERN_TXN_2323,AML_PATTERN_0270,TXN_03902215,2
PATTERN_TXN_2324,AML_PATTERN_0270,TXN_03902217,3
PATTERN_TXN_2325,AML_PATTERN_0270,TXN_03902218,4
PATTERN_TXN_2326,AML_PATTERN_0270,TXN_03902220,5
PATTERN_TXN_2327,AML_PATTERN_0270,TXN_03902222,6
PATTERN_TXN_2328,AML_PATTERN_0270,TXN_03902224,7
PATTERN_TXN_2329,AML_PATTERN_0270,TXN_03902226,8
PATTERN_TXN_2330,AML_PATTERN_0270,TXN_03902228,9
PATTERN_TXN_2331,AML_PATTERN_0270,TXN_03902229,10
PATTERN_TXN_2332,AML_PATTERN_0270,TXN_03902230,11
PATTERN_TXN_2333,AML_PATTERN_0270,TXN_03902232,12
PATTERN_TXN_2334,AML_PATTERN_0270,TXN_03902233,13
PATTERN_TXN_2335,AML_PATTERN_0271,TXN_03906784,1
PATTERN_TXN_2336,AML_PATTERN_0271,TXN_03906786,2
PATTERN_TXN_2337,AML_PATTERN_0271,TXN_03906788,3
PATTERN_TXN_2338,AML_PATTERN_0271,TXN_03906790,4
PATTERN_TXN_2339,AML_PATTERN_0271,TXN_03906791,5
PATTERN_TXN_2340,AML_PATTERN_0271,TXN_03906792,6
PATTERN_TXN_2341,AML_PATTERN_0271,TXN_03906794,7
PATTERN_TXN_2342,AML_PATTERN_0271,TXN_03906796,8
PATTERN_TXN_2343,AML_PATTERN_0271,TXN_03906797,9
PATTERN_TXN_2344,AML_PATTERN_0271,TXN_03906799,10
PATTERN_TXN_2345,AML_PATTERN_0271,TXN_03906801,11
PATTERN_TXN_2346,AML_PATTERN_0271,TXN_03906803,12
PATTERN_TXN_2347,AML_PATTERN_0271,TXN_03906804,13
PATTERN_TXN_2348,AML_PATTERN_0271,TXN_03906805,14
PATTERN_TXN_2349,AML_PATTERN_0271,TXN_03906806,15
PATTERN_TXN_2350,AML_PATTERN_0271,TXN_03906807,16
PATTERN_TXN_2351,AML_PATTERN_0271,TXN_03906808,17
PATTERN_TXN_2352,AML_PATTERN_0271,TXN_03906809,18
PATTERN_TXN_2353,AML_PATTERN_0271,TXN_03906811,19
PATTERN_TXN_2354,AML_PATTERN_0271,TXN_03906813,20
PATTERN_TXN_2355,AML_PATTERN_0271,TXN_03906815,21
PATTERN_TXN_2356,AML_PATTERN_0271,TXN_03906817,22
PATTERN_TXN_2357,AML_PATTERN_0272,TXN_03951307,1
PATTERN_TXN_2358,AML_PATTERN_0272,TXN_03951309,2
PATTERN_TXN_2359,AML_PATTERN_0272,TXN_03951311,3
PATTERN_TXN_2360,AML_PATTERN_0272,TXN_03951313,4
PATTERN_TXN_2361,AML_PATTERN_0272,TXN_03951315,5
PATTERN_TXN_2362,AML_PATTERN_0272,TXN_03951317,6
PATTERN_TXN_2363,AML_PATTERN_0272,TXN_03951318,7
PATTERN_TXN_2364,AML_PATTERN_0272,TXN_03951320,8
PATTERN_TXN_2365,AML_PATTERN_0272,TXN_03951322,9
PATTERN_TXN_2366,AML_PATTERN_0272,TXN_03951324,10
PATTERN_TXN_2367,AML_PATTERN_0272,TXN_03951326,11
PATTERN_TXN_2368,AML_PATTERN_0272,TXN_03951328,12
PATTERN_TXN_2369,AML_PATTERN_0273,TXN_03961335,1
PATTERN_TXN_2370,AML_PATTERN_0273,TXN_03961337,2
PATTERN_TXN_2371,AML_PATTERN_0273,TXN_03961338,3
PATTERN_TXN_2372,AML_PATTERN_0273,TXN_03961340,4
PATTERN_TXN_2373,AML_PATTERN_0273,TXN_03961341,5
PATTERN_TXN_2374,AML_PATTERN_0273,TXN_03961342,6
PATTERN_TXN_2375,AML_PATTERN_0273,TXN_03961344,7
PATTERN_TXN_2376,AML_PATTERN_0273,TXN_03961346,8
PATTERN_TXN_2377,AML_PATTERN_0273,TXN_03961348,9
PATTERN_TXN_2378,AML_PATTERN_0273,TXN_03961350,10
PATTERN_TXN_2379,AML_PATTERN_0273,TXN_03961352,11
PATTERN_TXN_2380,AML_PATTERN_0273,TXN_03961354,12
PATTERN_TXN_2381,AML_PATTERN_0273,TXN_03961355,13
PATTERN_TXN_2382,AML_PATTERN_0273,TXN_03961357,14
PATTERN_TXN_2383,AML_PATTERN_0274,TXN_03970853,1
PATTERN_TXN_2384,AML_PATTERN_0274,TXN_03970855,2
PATTERN_TXN_2385,AML_PATTERN_0274,TXN_03970857,3
PATTERN_TXN_2386,AML_PATTERN_0274,TXN_03970859,4
PATTERN_TXN_2387,AML_PATTERN_0274,TXN_03970860,5
PATTERN_TXN_2388,AML_PATTERN_0274,TXN_03970862,6
PATTERN_TXN_2389,AML_PATTERN_0274,TXN_03970864,7
PATTERN_TXN_2390,AML_PATTERN_0274,TXN_03970866,8
PATTERN_TXN_2391,AML_PATTERN_0274,TXN_03970867,9
PATTERN_TXN_2392,AML_PATTERN_0274,TXN_03970869,10
PATTERN_TXN_2393,AML_PATTERN_0275,TXN_03990432,1
PATTERN_TXN_2394,AML_PATTERN_0276,TXN_04010242,1
PATTERN_TXN_2395,AML_PATTERN_0276,TXN_04010243,2
PATTERN_TXN_2396,AML_PATTERN_0277,TXN_04029571,1
PATTERN_TXN_2397,AML_PATTERN_0277,TXN_04029572,2
PATTERN_TXN_2398,AML_PATTERN_0277,TXN_04029573,3
PATTERN_TXN_2399,AML_PATTERN_0278,TXN_04043821,1
PATTERN_TXN_2400,AML_PATTERN_0278,TXN_04043822,2
PATTERN_TXN_2401,AML_PATTERN_0278,TXN_04043823,3
PATTERN_TXN_2402,AML_PATTERN_0278,TXN_04043824,4
PATTERN_TXN_2403,AML_PATTERN_0278,TXN_04043826,5
PATTERN_TXN_2404,AML_PATTERN_0278,TXN_04043827,6
PATTERN_TXN_2405,AML_PATTERN_0278,TXN_04043829,7
PATTERN_TXN_2406,AML_PATTERN_0278,TXN_04043830,8
PATTERN_TXN_2407,AML_PATTERN_0278,TXN_04043831,9
PATTERN_TXN_2408,AML_PATTERN_0279,TXN_04049283,1
PATTERN_TXN_2409,AML_PATTERN_0280,TXN_04059214,1
PATTERN_TXN_2410,AML_PATTERN_0281,TXN_04059232,1
PATTERN_TXN_2411,AML_PATTERN_0281,TXN_04059234,2
PATTERN_TXN_2412,AML_PATTERN_0281,TXN_04059236,3
PATTERN_TXN_2413,AML_PATTERN_0281,TXN_04059238,4
PATTERN_TXN_2414,AML_PATTERN_0281,TXN_04059239,5
PATTERN_TXN_2415,AML_PATTERN_0281,TXN_04059240,6
PATTERN_TXN_2416,AML_PATTERN_0281,TXN_04059242,7
PATTERN_TXN_2417,AML_PATTERN_0281,TXN_04059244,8
PATTERN_TXN_2418,AML_PATTERN_0281,TXN_04059246,9
PATTERN_TXN_2419,AML_PATTERN_0282,TXN_04088404,1
PATTERN_TXN_2420,AML_PATTERN_0282,TXN_04088406,2
PATTERN_TXN_2421,AML_PATTERN_0282,TXN_04088408,3
PATTERN_TXN_2422,AML_PATTERN_0282,TXN_04088410,4
PATTERN_TXN_2423,AML_PATTERN_0282,TXN_04088413,5
PATTERN_TXN_2424,AML_PATTERN_0282,TXN_04088414,6
PATTERN_TXN_2425,AML_PATTERN_0282,TXN_04088416,7
PATTERN_TXN_2426,AML_PATTERN_0282,TXN_04088419,8
PATTERN_TXN_2427,AML_PATTERN_0283,TXN_04102733,1
PATTERN_TXN_2428,AML_PATTERN_0283,TXN_04102734,2
PATTERN_TXN_2429,AML_PATTERN_0283,TXN_04102736,3
PATTERN_TXN_2430,AML_PATTERN_0283,TXN_04102738,4
PATTERN_TXN_2431,AML_PATTERN_0283,TXN_04102739,5
PATTERN_TXN_2432,AML_PATTERN_0283,TXN_04102740,6
PATTERN_TXN_2433,AML_PATTERN_0283,TXN_04102741,7
PATTERN_TXN_2434,AML_PATTERN_0284,TXN_04117755,1
PATTERN_TXN_2435,AML_PATTERN_0284,TXN_04117757,2
PATTERN_TXN_2436,AML_PATTERN_0284,TXN_04117758,3
PATTERN_TXN_2437,AML_PATTERN_0284,TXN_04117759,4
PATTERN_TXN_2438,AML_PATTERN_0284,TXN_04117760,5
PATTERN_TXN_2439,AML_PATTERN_0284,TXN_04117763,6
PATTERN_TXN_2440,AML_PATTERN_0284,TXN_04117765,7
PATTERN_TXN_2441,AML_PATTERN_0284,TXN_04117767,8
PATTERN_TXN_2442,AML_PATTERN_0284,TXN_04117769,9
PATTERN_TXN_2443,AML_PATTERN_0284,TXN_04117771,10
PATTERN_TXN_2444,AML_PATTERN_0284,TXN_04117773,11
PATTERN_TXN_2445,AML_PATTERN_0284,TXN_04117774,12
PATTERN_TXN_2446,AML_PATTERN_0284,TXN_04117776,13
PATTERN_TXN_2447,AML_PATTERN_0284,TXN_04117777,14
PATTERN_TXN_2448,AML_PATTERN_0285,TXN_04127852,1
PATTERN_TXN_2449,AML_PATTERN_0285,TXN_04127853,2
PATTERN_TXN_2450,AML_PATTERN_0285,TXN_04127855,3
PATTERN_TXN_2451,AML_PATTERN_0285,TXN_04127857,4
PATTERN_TXN_2452,AML_PATTERN_0285,TXN_04127858,5
PATTERN_TXN_2453,AML_PATTERN_0285,TXN_04127860,6
PATTERN_TXN_2454,AML_PATTERN_0285,TXN_04127862,7
PATTERN_TXN_2455,AML_PATTERN_0285,TXN_04127864,8
PATTERN_TXN_2456,AML_PATTERN_0285,TXN_04127865,9
PATTERN_TXN_2457,AML_PATTERN_0285,TXN_04127867,10
PATTERN_TXN_2458,AML_PATTERN_0285,TXN_04127868,11
PATTERN_TXN_2459,AML_PATTERN_0285,TXN_04127869,12
PATTERN_TXN_2460,AML_PATTERN_0285,TXN_04127870,13
PATTERN_TXN_2461,AML_PATTERN_0285,TXN_04127872,14
PATTERN_TXN_2462,AML_PATTERN_0285,TXN_04127873,15
PATTERN_TXN_2463,AML_PATTERN_0285,TXN_04127875,16
PATTERN_TXN_2464,AML_PATTERN_0286,TXN_04157031,1
PATTERN_TXN_2465,AML_PATTERN_0286,TXN_04157033,2
PATTERN_TXN_2466,AML_PATTERN_0287,TXN_04214941,1
PATTERN_TXN_2467,AML_PATTERN_0288,TXN_04214954,1
PATTERN_TXN_2468,AML_PATTERN_0288,TXN_04214956,2
PATTERN_TXN_2469,AML_PATTERN_0288,TXN_04214957,3
PATTERN_TXN_2470,AML_PATTERN_0288,TXN_04214959,4
PATTERN_TXN_2471,AML_PATTERN_0288,TXN_04214960,5
PATTERN_TXN_2472,AML_PATTERN_0288,TXN_04214962,6
PATTERN_TXN_2473,AML_PATTERN_0288,TXN_04214963,7
PATTERN_TXN_2474,AML_PATTERN_0288,TXN_04214965,8
PATTERN_TXN_2475,AML_PATTERN_0288,TXN_04214967,9
PATTERN_TXN_2476,AML_PATTERN_0288,TXN_04214970,10
PATTERN_TXN_2477,AML_PATTERN_0288,TXN_04214972,11
PATTERN_TXN_2478,AML_PATTERN_0288,TXN_04214973,12
PATTERN_TXN_2479,AML_PATTERN_0288,TXN_04214975,13
PATTERN_TXN_2480,AML_PATTERN_0288,TXN_04214977,14
PATTERN_TXN_2481,AML_PATTERN_0288,TXN_04214979,15
PATTERN_TXN_2482,AML_PATTERN_0288,TXN_04214980,16
PATTERN_TXN_2483,AML_PATTERN_0288,TXN_04214982,17
PATTERN_TXN_2484,AML_PATTERN_0288,TXN_04214983,18
PATTERN_TXN_2485,AML_PATTERN_0288,TXN_04214985,19
PATTERN_TXN_2486,AML_PATTERN_0288,TXN_04214987,20
PATTERN_TXN_2487,AML_PATTERN_0288,TXN_04214989,21
PATTERN_TXN_2488,AML_PATTERN_0288,TXN_04214990,22
PATTERN_TXN_2489,AML_PATTERN_0288,TXN_04214992,23
PATTERN_TXN_2490,AML_PATTERN_0288,TXN_04214993,24
PATTERN_TXN_2491,AML_PATTERN_0288,TXN_04214994,25
PATTERN_TXN_2492,AML_PATTERN_0288,TXN_04214996,26
PATTERN_TXN_2493,AML_PATTERN_0289,TXN_04214997,1
PATTERN_TXN_2494,AML_PATTERN_0289,TXN_04214998,2
PATTERN_TXN_2495,AML_PATTERN_0290,TXN_04242446,1
PATTERN_TXN_2496,AML_PATTERN_0290,TXN_04242449,2
PATTERN_TXN_2497,AML_PATTERN_0290,TXN_04242451,3
PATTERN_TXN_2498,AML_PATTERN_0290,TXN_04242454,4
PATTERN_TXN_2499,AML_PATTERN_0290,TXN_04242456,5
PATTERN_TXN_2500,AML_PATTERN_0290,TXN_04242459,6
PATTERN_TXN_2501,AML_PATTERN_0290,TXN_04242461,7
PATTERN_TXN_2502,AML_PATTERN_0290,TXN_04242462,8
PATTERN_TXN_2503,AML_PATTERN_0291,TXN_04269439,1
PATTERN_TXN_2504,AML_PATTERN_0291,TXN_04269440,2
PATTERN_TXN_2505,AML_PATTERN_0291,TXN_04269442,3
PATTERN_TXN_2506,AML_PATTERN_0291,TXN_04269444,4
PATTERN_TXN_2507,AML_PATTERN_0291,TXN_04269445,5
PATTERN_TXN_2508,AML_PATTERN_0292,TXN_04269447,1
PATTERN_TXN_2509,AML_PATTERN_0293,TXN_04269454,1
PATTERN_TXN_2510,AML_PATTERN_0293,TXN_04269455,2
PATTERN_TXN_2511,AML_PATTERN_0293,TXN_04269456,3
PATTERN_TXN_2512,AML_PATTERN_0293,TXN_04269457,4
PATTERN_TXN_2513,AML_PATTERN_0293,TXN_04269458,5
PATTERN_TXN_2514,AML_PATTERN_0293,TXN_04269459,6
PATTERN_TXN_2515,AML_PATTERN_0293,TXN_04269460,7
PATTERN_TXN_2516,AML_PATTERN_0293,TXN_04269461,8
PATTERN_TXN_2517,AML_PATTERN_0293,TXN_04269463,9
PATTERN_TXN_2518,AML_PATTERN_0293,TXN_04269464,10
PATTERN_TXN_2519,AML_PATTERN_0293,TXN_04269465,11
PATTERN_TXN_2520,AML_PATTERN_0294,TXN_04296458,1
PATTERN_TXN_2521,AML_PATTERN_0294,TXN_04296459,2
PATTERN_TXN_2522,AML_PATTERN_0294,TXN_04296460,3
PATTERN_TXN_2523,AML_PATTERN_0294,TXN_04296461,4
PATTERN_TXN_2524,AML_PATTERN_0295,TXN_04315612,1
PATTERN_TXN_2525,AML_PATTERN_0295,TXN_04315613,2
PATTERN_TXN_2526,AML_PATTERN_0295,TXN_04315615,3
PATTERN_TXN_2527,AML_PATTERN_0295,TXN_04315616,4
PATTERN_TXN_2528,AML_PATTERN_0295,TXN_04315617,5
PATTERN_TXN_2529,AML_PATTERN_0295,TXN_04315619,6
PATTERN_TXN_2530,AML_PATTERN_0295,TXN_04315620,7
PATTERN_TXN_2531,AML_PATTERN_0295,TXN_04315621,8
PATTERN_TXN_2532,AML_PATTERN_0295,TXN_04315622,9
PATTERN_TXN_2533,AML_PATTERN_0295,TXN_04315623,10
PATTERN_TXN_2534,AML_PATTERN_0296,TXN_04376196,1
PATTERN_TXN_2535,AML_PATTERN_0296,TXN_04376197,2
PATTERN_TXN_2536,AML_PATTERN_0296,TXN_04376198,3
PATTERN_TXN_2537,AML_PATTERN_0296,TXN_04376199,4
PATTERN_TXN_2538,AML_PATTERN_0296,TXN_04376201,5
PATTERN_TXN_2539,AML_PATTERN_0296,TXN_04376203,6
PATTERN_TXN_2540,AML_PATTERN_0296,TXN_04376204,7
PATTERN_TXN_2541,AML_PATTERN_0297,TXN_04389482,1
PATTERN_TXN_2542,AML_PATTERN_0297,TXN_04389483,2
PATTERN_TXN_2543,AML_PATTERN_0298,TXN_04389499,1
PATTERN_TXN_2544,AML_PATTERN_0298,TXN_04389501,2
PATTERN_TXN_2545,AML_PATTERN_0298,TXN_04389503,3
PATTERN_TXN_2546,AML_PATTERN_0298,TXN_04389505,4
PATTERN_TXN_2547,AML_PATTERN_0298,TXN_04389507,5
PATTERN_TXN_2548,AML_PATTERN_0298,TXN_04389509,6
PATTERN_TXN_2549,AML_PATTERN_0298,TXN_04389511,7
PATTERN_TXN_2550,AML_PATTERN_0298,TXN_04389513,8
PATTERN_TXN_2551,AML_PATTERN_0298,TXN_04389515,9
PATTERN_TXN_2552,AML_PATTERN_0298,TXN_04389517,10
PATTERN_TXN_2553,AML_PATTERN_0298,TXN_04389519,11
PATTERN_TXN_2554,AML_PATTERN_0299,TXN_04421676,1
PATTERN_TXN_2555,AML_PATTERN_0299,TXN_04421678,2
PATTERN_TXN_2556,AML_PATTERN_0299,TXN_04421679,3
PATTERN_TXN_2557,AML_PATTERN_0299,TXN_04421681,4
PATTERN_TXN_2558,AML_PATTERN_0299,TXN_04421683,5
PATTERN_TXN_2559,AML_PATTERN_0299,TXN_04421685,6
PATTERN_TXN_2560,AML_PATTERN_0300,TXN_04449047,1
PATTERN_TXN_2561,AML_PATTERN_0300,TXN_04449049,2
PATTERN_TXN_2562,AML_PATTERN_0300,TXN_04449051,3
PATTERN_TXN_2563,AML_PATTERN_0300,TXN_04449053,4
PATTERN_TXN_2564,AML_PATTERN_0300,TXN_04449055,5
PATTERN_TXN_2565,AML_PATTERN_0300,TXN_04449057,6
PATTERN_TXN_2566,AML_PATTERN_0300,TXN_04449059,7
PATTERN_TXN_2567,AML_PATTERN_0300,TXN_04449061,8
PATTERN_TXN_2568,AML_PATTERN_0300,TXN_04449063,9
PATTERN_TXN_2569,AML_PATTERN_0300,TXN_04449065,10
PATTERN_TXN_2570,AML_PATTERN_0300,TXN_04449067,11
PATTERN_TXN_2571,AML_PATTERN_0300,TXN_04449069,12
PATTERN_TXN_2572,AML_PATTERN_0300,TXN_04449071,13
PATTERN_TXN_2573,AML_PATTERN_0300,TXN_04449073,14
PATTERN_TXN_2574,AML_PATTERN_0300,TXN_04449075,15
PATTERN_TXN_2575,AML_PATTERN_0300,TXN_04449077,16
PATTERN_TXN_2576,AML_PATTERN_0300,TXN_04449079,17
PATTERN_TXN_2577,AML_PATTERN_0300,TXN_04449081,18
PATTERN_TXN_2578,AML_PATTERN_0300,TXN_04449083,19
PATTERN_TXN_2579,AML_PATTERN_0300,TXN_04449085,20
PATTERN_TXN_2580,AML_PATTERN_0300,TXN_04449087,21
PATTERN_TXN_2581,AML_PATTERN_0300,TXN_04449089,22
PATTERN_TXN_2582,AML_PATTERN_0301,TXN_04456269,1
PATTERN_TXN_2583,AML_PATTERN_0301,TXN_04456270,2
PATTERN_TXN_2584,AML_PATTERN_0302,TXN_04483533,1
PATTERN_TXN_2585,AML_PATTERN_0302,TXN_04483534,2
PATTERN_TXN_2586,AML_PATTERN_0302,TXN_04483536,3
PATTERN_TXN_2587,AML_PATTERN_0302,TXN_04483538,4
PATTERN_TXN_2588,AML_PATTERN_0302,TXN_04483540,5
PATTERN_TXN_2589,AML_PATTERN_0302,TXN_04483542,6
PATTERN_TXN_2590,AML_PATTERN_0302,TXN_04483544,7
PATTERN_TXN_2591,AML_PATTERN_0302,TXN_04483546,8
PATTERN_TXN_2592,AML_PATTERN_0302,TXN_04483547,9
PATTERN_TXN_2593,AML_PATTERN_0303,TXN_04483577,1
PATTERN_TXN_2594,AML_PATTERN_0304,TXN_04510167,1
PATTERN_TXN_2595,AML_PATTERN_0304,TXN_04510168,2
PATTERN_TXN_2596,AML_PATTERN_0304,TXN_04510169,3
PATTERN_TXN_2597,AML_PATTERN_0304,TXN_04510171,4
PATTERN_TXN_2598,AML_PATTERN_0304,TXN_04510173,5
PATTERN_TXN_2599,AML_PATTERN_0304,TXN_04510174,6
PATTERN_TXN_2600,AML_PATTERN_0304,TXN_04510175,7
PATTERN_TXN_2601,AML_PATTERN_0304,TXN_04510177,8
PATTERN_TXN_2602,AML_PATTERN_0304,TXN_04510179,9
PATTERN_TXN_2603,AML_PATTERN_0304,TXN_04510181,10
PATTERN_TXN_2604,AML_PATTERN_0304,TXN_04510182,11
PATTERN_TXN_2605,AML_PATTERN_0304,TXN_04510184,12
PATTERN_TXN_2606,AML_PATTERN_0304,TXN_04510186,13
PATTERN_TXN_2607,AML_PATTERN_0304,TXN_04510188,14
PATTERN_TXN_2608,AML_PATTERN_0304,TXN_04510190,15
PATTERN_TXN_2609,AML_PATTERN_0304,TXN_04510191,16
PATTERN_TXN_2610,AML_PATTERN_0304,TXN_04510193,17
PATTERN_TXN_2611,AML_PATTERN_0304,TXN_04510195,18
PATTERN_TXN_2612,AML_PATTERN_0304,TXN_04510197,19
PATTERN_TXN_2613,AML_PATTERN_0304,TXN_04510199,20
PATTERN_TXN_2614,AML_PATTERN_0304,TXN_04510201,21
PATTERN_TXN_2615,AML_PATTERN_0304,TXN_04510203,22
PATTERN_TXN_2616,AML_PATTERN_0304,TXN_04510205,23
PATTERN_TXN_2617,AML_PATTERN_0304,TXN_04510207,24
PATTERN_TXN_2618,AML_PATTERN_0304,TXN_04510208,25
PATTERN_TXN_2619,AML_PATTERN_0304,TXN_04510209,26
PATTERN_TXN_2620,AML_PATTERN_0304,TXN_04510211,27
PATTERN_TXN_2621,AML_PATTERN_0305,TXN_04529475,1
PATTERN_TXN_2622,AML_PATTERN_0305,TXN_04529476,2
PATTERN_TXN_2623,AML_PATTERN_0305,TXN_04529478,3
PATTERN_TXN_2624,AML_PATTERN_0305,TXN_04529479,4
PATTERN_TXN_2625,AML_PATTERN_0305,TXN_04529480,5
PATTERN_TXN_2626,AML_PATTERN_0305,TXN_04529481,6
PATTERN_TXN_2627,AML_PATTERN_0305,TXN_04529482,7
PATTERN_TXN_2628,AML_PATTERN_0305,TXN_04529483,8
PATTERN_TXN_2629,AML_PATTERN_0305,TXN_04529484,9
PATTERN_TXN_2630,AML_PATTERN_0305,TXN_04529485,10
PATTERN_TXN_2631,AML_PATTERN_0305,TXN_04529486,11
PATTERN_TXN_2632,AML_PATTERN_0305,TXN_04529487,12
PATTERN_TXN_2633,AML_PATTERN_0305,TXN_04529488,13
PATTERN_TXN_2634,AML_PATTERN_0306,TXN_04550033,1
PATTERN_TXN_2635,AML_PATTERN_0306,TXN_04550035,2
PATTERN_TXN_2636,AML_PATTERN_0306,TXN_04550036,3
PATTERN_TXN_2637,AML_PATTERN_0306,TXN_04550038,4
PATTERN_TXN_2638,AML_PATTERN_0306,TXN_04550040,5
PATTERN_TXN_2639,AML_PATTERN_0306,TXN_04550042,6
PATTERN_TXN_2640,AML_PATTERN_0306,TXN_04550043,7
PATTERN_TXN_2641,AML_PATTERN_0306,TXN_04550044,8
PATTERN_TXN_2642,AML_PATTERN_0306,TXN_04550045,9
PATTERN_TXN_2643,AML_PATTERN_0306,TXN_04550047,10
PATTERN_TXN_2644,AML_PATTERN_0306,TXN_04550048,11
PATTERN_TXN_2645,AML_PATTERN_0306,TXN_04550049,12
PATTERN_TXN_2646,AML_PATTERN_0306,TXN_04550051,13
PATTERN_TXN_2647,AML_PATTERN_0306,TXN_04550053,14
PATTERN_TXN_2648,AML_PATTERN_0306,TXN_04550054,15
PATTERN_TXN_2649,AML_PATTERN_0306,TXN_04550055,16
PATTERN_TXN_2650,AML_PATTERN_0306,TXN_04550057,17
PATTERN_TXN_2651,AML_PATTERN_0306,TXN_04550059,18
PATTERN_TXN_2652,AML_PATTERN_0306,TXN_04550061,19
PATTERN_TXN_2653,AML_PATTERN_0306,TXN_04550063,20
PATTERN_TXN_2654,AML_PATTERN_0306,TXN_04550065,21
PATTERN_TXN_2655,AML_PATTERN_0306,TXN_04550066,22
PATTERN_TXN_2656,AML_PATTERN_0306,TXN_04550068,23
PATTERN_TXN_2657,AML_PATTERN_0306,TXN_04550070,24
PATTERN_TXN_2658,AML_PATTERN_0306,TXN_04550072,25
PATTERN_TXN_2659,AML_PATTERN_0306,TXN_04550074,26
PATTERN_TXN_2660,AML_PATTERN_0307,TXN_04563188,1
PATTERN_TXN_2661,AML_PATTERN_0307,TXN_04563190,2
PATTERN_TXN_2662,AML_PATTERN_0307,TXN_04563192,3
PATTERN_TXN_2663,AML_PATTERN_0307,TXN_04563194,4
PATTERN_TXN_2664,AML_PATTERN_0307,TXN_04563196,5
PATTERN_TXN_2665,AML_PATTERN_0307,TXN_04563198,6
PATTERN_TXN_2666,AML_PATTERN_0307,TXN_04563200,7
PATTERN_TXN_2667,AML_PATTERN_0307,TXN_04563202,8
PATTERN_TXN_2668,AML_PATTERN_0307,TXN_04563204,9
PATTERN_TXN_2669,AML_PATTERN_0307,TXN_04563206,10
PATTERN_TXN_2670,AML_PATTERN_0307,TXN_04563208,11
PATTERN_TXN_2671,AML_PATTERN_0307,TXN_04563210,12
PATTERN_TXN_2672,AML_PATTERN_0307,TXN_04563212,13
PATTERN_TXN_2673,AML_PATTERN_0307,TXN_04563214,14
PATTERN_TXN_2674,AML_PATTERN_0307,TXN_04563216,15
PATTERN_TXN_2675,AML_PATTERN_0307,TXN_04563218,16
PATTERN_TXN_2676,AML_PATTERN_0308,TXN_04563451,1
PATTERN_TXN_2677,AML_PATTERN_0308,TXN_04563453,2
PATTERN_TXN_2678,AML_PATTERN_0308,TXN_04563454,3
PATTERN_TXN_2679,AML_PATTERN_0308,TXN_04563456,4
PATTERN_TXN_2680,AML_PATTERN_0308,TXN_04563458,5
PATTERN_TXN_2681,AML_PATTERN_0308,TXN_04563460,6
PATTERN_TXN_2682,AML_PATTERN_0308,TXN_04563462,7
PATTERN_TXN_2683,AML_PATTERN_0308,TXN_04563464,8
PATTERN_TXN_2684,AML_PATTERN_0309,TXN_04569283,1
PATTERN_TXN_2685,AML_PATTERN_0309,TXN_04569285,2
PATTERN_TXN_2686,AML_PATTERN_0309,TXN_04569287,3
PATTERN_TXN_2687,AML_PATTERN_0309,TXN_04569289,4
PATTERN_TXN_2688,AML_PATTERN_0309,TXN_04569291,5
PATTERN_TXN_2689,AML_PATTERN_0309,TXN_04569293,6
PATTERN_TXN_2690,AML_PATTERN_0309,TXN_04569295,7
PATTERN_TXN_2691,AML_PATTERN_0309,TXN_04569297,8
PATTERN_TXN_2692,AML_PATTERN_0309,TXN_04569299,9
PATTERN_TXN_2693,AML_PATTERN_0309,TXN_04569301,10
PATTERN_TXN_2694,AML_PATTERN_0309,TXN_04569303,11
PATTERN_TXN_2695,AML_PATTERN_0310,TXN_04616273,1
PATTERN_TXN_2696,AML_PATTERN_0311,TXN_04635774,1
PATTERN_TXN_2697,AML_PATTERN_0312,TXN_04656358,1
PATTERN_TXN_2698,AML_PATTERN_0313,TXN_04656371,1
PATTERN_TXN_2699,AML_PATTERN_0313,TXN_04656372,2
PATTERN_TXN_2700,AML_PATTERN_0313,TXN_04656373,3
PATTERN_TXN_2701,AML_PATTERN_0314,TXN_04683024,1
PATTERN_TXN_2702,AML_PATTERN_0314,TXN_04683026,2
PATTERN_TXN_2703,AML_PATTERN_0314,TXN_04683028,3
PATTERN_TXN_2704,AML_PATTERN_0314,TXN_04683030,4
PATTERN_TXN_2705,AML_PATTERN_0315,TXN_04696406,1
PATTERN_TXN_2706,AML_PATTERN_0316,TXN_04723743,1
PATTERN_TXN_2707,AML_PATTERN_0316,TXN_04723744,2
PATTERN_TXN_2708,AML_PATTERN_0316,TXN_04723746,3
PATTERN_TXN_2709,AML_PATTERN_0316,TXN_04723748,4
PATTERN_TXN_2710,AML_PATTERN_0316,TXN_04723750,5
PATTERN_TXN_2711,AML_PATTERN_0316,TXN_04723752,6
PATTERN_TXN_2712,AML_PATTERN_0316,TXN_04723754,7
PATTERN_TXN_2713,AML_PATTERN_0316,TXN_04723755,8
PATTERN_TXN_2714,AML_PATTERN_0316,TXN_04723757,9
PATTERN_TXN_2715,AML_PATTERN_0316,TXN_04723759,10
PATTERN_TXN_2716,AML_PATTERN_0316,TXN_04723760,11
PATTERN_TXN_2717,AML_PATTERN_0317,TXN_04723764,1
PATTERN_TXN_2718,AML_PATTERN_0317,TXN_04723765,2
PATTERN_TXN_2719,AML_PATTERN_0317,TXN_04723766,3
PATTERN_TXN_2720,AML_PATTERN_0317,TXN_04723767,4
PATTERN_TXN_2721,AML_PATTERN_0317,TXN_04723768,5
PATTERN_TXN_2722,AML_PATTERN_0317,TXN_04723769,6
PATTERN_TXN_2723,AML_PATTERN_0317,TXN_04723770,7
PATTERN_TXN_2724,AML_PATTERN_0317,TXN_04723771,8
PATTERN_TXN_2725,AML_PATTERN_0317,TXN_04723772,9
PATTERN_TXN_2726,AML_PATTERN_0317,TXN_04723774,10
PATTERN_TXN_2727,AML_PATTERN_0317,TXN_04723775,11
PATTERN_TXN_2728,AML_PATTERN_0317,TXN_04723776,12
PATTERN_TXN_2729,AML_PATTERN_0317,TXN_04723777,13
PATTERN_TXN_2730,AML_PATTERN_0317,TXN_04723778,14
PATTERN_TXN_2731,AML_PATTERN_0317,TXN_04723779,15
PATTERN_TXN_2732,AML_PATTERN_0317,TXN_04723780,16
PATTERN_TXN_2733,AML_PATTERN_0317,TXN_04723781,17
PATTERN_TXN_2734,AML_PATTERN_0317,TXN_04723782,18
PATTERN_TXN_2735,AML_PATTERN_0317,TXN_04723783,19
PATTERN_TXN_2736,AML_PATTERN_0317,TXN_04723784,20
PATTERN_TXN_2737,AML_PATTERN_0317,TXN_04723785,21
PATTERN_TXN_2738,AML_PATTERN_0317,TXN_04723787,22
PATTERN_TXN_2739,AML_PATTERN_0317,TXN_04723788,23
PATTERN_TXN_2740,AML_PATTERN_0317,TXN_04723789,24
PATTERN_TXN_2741,AML_PATTERN_0318,TXN_04737274,1
PATTERN_TXN_2742,AML_PATTERN_0319,TXN_04737276,1
PATTERN_TXN_2743,AML_PATTERN_0319,TXN_04737277,2
PATTERN_TXN_2744,AML_PATTERN_0319,TXN_04737279,3
PATTERN_TXN_2745,AML_PATTERN_0319,TXN_04737280,4
PATTERN_TXN_2746,AML_PATTERN_0319,TXN_04737281,5
PATTERN_TXN_2747,AML_PATTERN_0319,TXN_04737282,6
PATTERN_TXN_2748,AML_PATTERN_0319,TXN_04737284,7
PATTERN_TXN_2749,AML_PATTERN_0319,TXN_04737286,8
PATTERN_TXN_2750,AML_PATTERN_0320,TXN_04737295,1
PATTERN_TXN_2751,AML_PATTERN_0320,TXN_04737297,2
PATTERN_TXN_2752,AML_PATTERN_0320,TXN_04737299,3
PATTERN_TXN_2753,AML_PATTERN_0320,TXN_04737301,4
PATTERN_TXN_2754,AML_PATTERN_0320,TXN_04737303,5
PATTERN_TXN_2755,AML_PATTERN_0320,TXN_04737304,6
PATTERN_TXN_2756,AML_PATTERN_0320,TXN_04737306,7
PATTERN_TXN_2757,AML_PATTERN_0320,TXN_04737308,8
PATTERN_TXN_2758,AML_PATTERN_0320,TXN_04737310,9
PATTERN_TXN_2759,AML_PATTERN_0320,TXN_04737312,10
PATTERN_TXN_2760,AML_PATTERN_0320,TXN_04737314,11
PATTERN_TXN_2761,AML_PATTERN_0320,TXN_04737316,12
PATTERN_TXN_2762,AML_PATTERN_0320,TXN_04737318,13
PATTERN_TXN_2763,AML_PATTERN_0320,TXN_04737320,14
PATTERN_TXN_2764,AML_PATTERN_0320,TXN_04737322,15
PATTERN_TXN_2765,AML_PATTERN_0321,TXN_04750568,1
PATTERN_TXN_2766,AML_PATTERN_0321,TXN_04750570,2
PATTERN_TXN_2767,AML_PATTERN_0321,TXN_04750571,3
PATTERN_TXN_2768,AML_PATTERN_0321,TXN_04750572,4
PATTERN_TXN_2769,AML_PATTERN_0321,TXN_04750573,5
PATTERN_TXN_2770,AML_PATTERN_0321,TXN_04750575,6
PATTERN_TXN_2771,AML_PATTERN_0321,TXN_04750577,7
PATTERN_TXN_2772,AML_PATTERN_0321,TXN_04750579,8
PATTERN_TXN_2773,AML_PATTERN_0321,TXN_04750581,9
PATTERN_TXN_2774,AML_PATTERN_0321,TXN_04750583,10
PATTERN_TXN_2775,AML_PATTERN_0321,TXN_04750585,11
PATTERN_TXN_2776,AML_PATTERN_0321,TXN_04750586,12
PATTERN_TXN_2777,AML_PATTERN_0321,TXN_04750588,13
PATTERN_TXN_2778,AML_PATTERN_0321,TXN_04750590,14
PATTERN_TXN_2779,AML_PATTERN_0321,TXN_04750592,15
PATTERN_TXN_2780,AML_PATTERN_0321,TXN_04750594,16
PATTERN_TXN_2781,AML_PATTERN_0321,TXN_04750596,17
PATTERN_TXN_2782,AML_PATTERN_0321,TXN_04750597,18
PATTERN_TXN_2783,AML_PATTERN_0321,TXN_04750599,19
PATTERN_TXN_2784,AML_PATTERN_0321,TXN_04750601,20
PATTERN_TXN_2785,AML_PATTERN_0321,TXN_04750603,21
PATTERN_TXN_2786,AML_PATTERN_0321,TXN_04750605,22
PATTERN_TXN_2787,AML_PATTERN_0321,TXN_04750607,23
PATTERN_TXN_2788,AML_PATTERN_0321,TXN_04750609,24
PATTERN_TXN_2789,AML_PATTERN_0321,TXN_04750611,25
PATTERN_TXN_2790,AML_PATTERN_0322,TXN_04756596,1
PATTERN_TXN_2791,AML_PATTERN_0322,TXN_04756597,2
PATTERN_TXN_2792,AML_PATTERN_0323,TXN_04763825,1
PATTERN_TXN_2793,AML_PATTERN_0323,TXN_04763827,2
PATTERN_TXN_2794,AML_PATTERN_0323,TXN_04763830,3
PATTERN_TXN_2795,AML_PATTERN_0323,TXN_04763832,4
PATTERN_TXN_2796,AML_PATTERN_0323,TXN_04763833,5
PATTERN_TXN_2797,AML_PATTERN_0323,TXN_04763836,6
PATTERN_TXN_2798,AML_PATTERN_0323,TXN_04763837,7
PATTERN_TXN_2799,AML_PATTERN_0323,TXN_04763838,8
PATTERN_TXN_2800,AML_PATTERN_0323,TXN_04763840,9
PATTERN_TXN_2801,AML_PATTERN_0324,TXN_04777013,1
PATTERN_TXN_2802,AML_PATTERN_0324,TXN_04777015,2
PATTERN_TXN_2803,AML_PATTERN_0324,TXN_04777017,3
PATTERN_TXN_2804,AML_PATTERN_0324,TXN_04777018,4
PATTERN_TXN_2805,AML_PATTERN_0324,TXN_04777021,5
PATTERN_TXN_2806,AML_PATTERN_0324,TXN_04777023,6
PATTERN_TXN_2807,AML_PATTERN_0324,TXN_04777026,7
PATTERN_TXN_2808,AML_PATTERN_0324,TXN_04777028,8
PATTERN_TXN_2809,AML_PATTERN_0324,TXN_04777030,9
PATTERN_TXN_2810,AML_PATTERN_0324,TXN_04777031,10
PATTERN_TXN_2811,AML_PATTERN_0325,TXN_04790062,1
PATTERN_TXN_2812,AML_PATTERN_0325,TXN_04790064,2
PATTERN_TXN_2813,AML_PATTERN_0325,TXN_04790066,3
PATTERN_TXN_2814,AML_PATTERN_0325,TXN_04790068,4
PATTERN_TXN_2815,AML_PATTERN_0325,TXN_04790069,5
PATTERN_TXN_2816,AML_PATTERN_0325,TXN_04790070,6
PATTERN_TXN_2817,AML_PATTERN_0325,TXN_04790072,7
PATTERN_TXN_2818,AML_PATTERN_0325,TXN_04790073,8
PATTERN_TXN_2819,AML_PATTERN_0325,TXN_04790075,9
PATTERN_TXN_2820,AML_PATTERN_0325,TXN_04790076,10
PATTERN_TXN_2821,AML_PATTERN_0325,TXN_04790077,11
PATTERN_TXN_2822,AML_PATTERN_0325,TXN_04790079,12
PATTERN_TXN_2823,AML_PATTERN_0325,TXN_04790081,13
PATTERN_TXN_2824,AML_PATTERN_0325,TXN_04790082,14
PATTERN_TXN_2825,AML_PATTERN_0325,TXN_04790084,15
PATTERN_TXN_2826,AML_PATTERN_0325,TXN_04790087,16
PATTERN_TXN_2827,AML_PATTERN_0325,TXN_04790088,17
PATTERN_TXN_2828,AML_PATTERN_0326,TXN_04795909,1
PATTERN_TXN_2829,AML_PATTERN_0326,TXN_04795910,2
PATTERN_TXN_2830,AML_PATTERN_0327,TXN_04803010,1
PATTERN_TXN_2831,AML_PATTERN_0327,TXN_04803012,2
PATTERN_TXN_2832,AML_PATTERN_0327,TXN_04803015,3
PATTERN_TXN_2833,AML_PATTERN_0328,TXN_04803035,1
PATTERN_TXN_2834,AML_PATTERN_0328,TXN_04803037,2
PATTERN_TXN_2835,AML_PATTERN_0329,TXN_04803057,1
PATTERN_TXN_2836,AML_PATTERN_0329,TXN_04803059,2
PATTERN_TXN_2837,AML_PATTERN_0329,TXN_04803061,3
PATTERN_TXN_2838,AML_PATTERN_0329,TXN_04803064,4
PATTERN_TXN_2839,AML_PATTERN_0329,TXN_04803066,5
PATTERN_TXN_2840,AML_PATTERN_0329,TXN_04803069,6
PATTERN_TXN_2841,AML_PATTERN_0329,TXN_04803071,7
PATTERN_TXN_2842,AML_PATTERN_0329,TXN_04803072,8
PATTERN_TXN_2843,AML_PATTERN_0329,TXN_04803073,9
PATTERN_TXN_2844,AML_PATTERN_0329,TXN_04803075,10
PATTERN_TXN_2845,AML_PATTERN_0329,TXN_04803078,11
PATTERN_TXN_2846,AML_PATTERN_0330,TXN_04809091,1
PATTERN_TXN_2847,AML_PATTERN_0331,TXN_04856049,1
PATTERN_TXN_2848,AML_PATTERN_0331,TXN_04856051,2
PATTERN_TXN_2849,AML_PATTERN_0331,TXN_04856053,3
PATTERN_TXN_2850,AML_PATTERN_0331,TXN_04856055,4
PATTERN_TXN_2851,AML_PATTERN_0331,TXN_04856057,5
PATTERN_TXN_2852,AML_PATTERN_0331,TXN_04856059,6
PATTERN_TXN_2853,AML_PATTERN_0331,TXN_04856061,7
PATTERN_TXN_2854,AML_PATTERN_0331,TXN_04856063,8
PATTERN_TXN_2855,AML_PATTERN_0331,TXN_04856064,9
PATTERN_TXN_2856,AML_PATTERN_0331,TXN_04856066,10
PATTERN_TXN_2857,AML_PATTERN_0331,TXN_04856068,11
PATTERN_TXN_2858,AML_PATTERN_0331,TXN_04856069,12
PATTERN_TXN_2859,AML_PATTERN_0331,TXN_04856071,13
PATTERN_TXN_2860,AML_PATTERN_0331,TXN_04856073,14
PATTERN_TXN_2861,AML_PATTERN_0331,TXN_04856075,15
PATTERN_TXN_2862,AML_PATTERN_0331,TXN_04856077,16
PATTERN_TXN_2863,AML_PATTERN_0331,TXN_04856078,17
PATTERN_TXN_2864,AML_PATTERN_0331,TXN_04856080,18
PATTERN_TXN_2865,AML_PATTERN_0331,TXN_04856081,19
PATTERN_TXN_2866,AML_PATTERN_0331,TXN_04856083,20
PATTERN_TXN_2867,AML_PATTERN_0331,TXN_04856085,21
PATTERN_TXN_2868,AML_PATTERN_0331,TXN_04856087,22
PATTERN_TXN_2869,AML_PATTERN_0331,TXN_04856089,23
PATTERN_TXN_2870,AML_PATTERN_0331,TXN_04856091,24
PATTERN_TXN_2871,AML_PATTERN_0331,TXN_04856093,25
PATTERN_TXN_2872,AML_PATTERN_0331,TXN_04856095,26
PATTERN_TXN_2873,AML_PATTERN_0332,TXN_04887987,1
PATTERN_TXN_2874,AML_PATTERN_0332,TXN_04887989,2
PATTERN_TXN_2875,AML_PATTERN_0332,TXN_04887991,3
PATTERN_TXN_2876,AML_PATTERN_0332,TXN_04887993,4
PATTERN_TXN_2877,AML_PATTERN_0332,TXN_04887994,5
PATTERN_TXN_2878,AML_PATTERN_0332,TXN_04887995,6
PATTERN_TXN_2879,AML_PATTERN_0332,TXN_04887998,7
PATTERN_TXN_2880,AML_PATTERN_0332,TXN_04888000,8
PATTERN_TXN_2881,AML_PATTERN_0332,TXN_04888001,9
PATTERN_TXN_2882,AML_PATTERN_0332,TXN_04888003,10
PATTERN_TXN_2883,AML_PATTERN_0332,TXN_04888005,11
PATTERN_TXN_2884,AML_PATTERN_0332,TXN_04888007,12
PATTERN_TXN_2885,AML_PATTERN_0332,TXN_04888008,13
PATTERN_TXN_2886,AML_PATTERN_0332,TXN_04888010,14
PATTERN_TXN_2887,AML_PATTERN_0332,TXN_04888011,15
PATTERN_TXN_2888,AML_PATTERN_0332,TXN_04888012,16
PATTERN_TXN_2889,AML_PATTERN_0332,TXN_04888013,17
PATTERN_TXN_2890,AML_PATTERN_0333,TXN_04904711,1
PATTERN_TXN_2891,AML_PATTERN_0333,TXN_04904714,2
PATTERN_TXN_2892,AML_PATTERN_0333,TXN_04904716,3
PATTERN_TXN_2893,AML_PATTERN_0333,TXN_04904718,4
PATTERN_TXN_2894,AML_PATTERN_0333,TXN_04904719,5
PATTERN_TXN_2895,AML_PATTERN_0333,TXN_04904722,6
PATTERN_TXN_2896,AML_PATTERN_0333,TXN_04904725,7
PATTERN_TXN_2897,AML_PATTERN_0333,TXN_04904727,8
PATTERN_TXN_2898,AML_PATTERN_0334,TXN_04908711,1
PATTERN_TXN_2899,AML_PATTERN_0334,TXN_04908713,2
PATTERN_TXN_2900,AML_PATTERN_0334,TXN_04908715,3
PATTERN_TXN_2901,AML_PATTERN_0334,TXN_04908717,4
PATTERN_TXN_2902,AML_PATTERN_0334,TXN_04908719,5
PATTERN_TXN_2903,AML_PATTERN_0334,TXN_04908721,6
PATTERN_TXN_2904,AML_PATTERN_0334,TXN_04908722,7
PATTERN_TXN_2905,AML_PATTERN_0334,TXN_04908725,8
PATTERN_TXN_2906,AML_PATTERN_0334,TXN_04908727,9
PATTERN_TXN_2907,AML_PATTERN_0334,TXN_04908730,10
PATTERN_TXN_2908,AML_PATTERN_0334,TXN_04908732,11
PATTERN_TXN_2909,AML_PATTERN_0334,TXN_04908734,12
PATTERN_TXN_2910,AML_PATTERN_0334,TXN_04908735,13
PATTERN_TXN_2911,AML_PATTERN_0334,TXN_04908738,14
PATTERN_TXN_2912,AML_PATTERN_0334,TXN_04908739,15
PATTERN_TXN_2913,AML_PATTERN_0334,TXN_04908742,16
PATTERN_TXN_2914,AML_PATTERN_0334,TXN_04908743,17
PATTERN_TXN_2915,AML_PATTERN_0334,TXN_04908745,18
PATTERN_TXN_2916,AML_PATTERN_0334,TXN_04908747,19
PATTERN_TXN_2917,AML_PATTERN_0334,TXN_04908750,20
PATTERN_TXN_2918,AML_PATTERN_0334,TXN_04908752,21
PATTERN_TXN_2919,AML_PATTERN_0334,TXN_04908754,22
PATTERN_TXN_2920,AML_PATTERN_0334,TXN_04908755,23
PATTERN_TXN_2921,AML_PATTERN_0334,TXN_04908757,24
PATTERN_TXN_2922,AML_PATTERN_0334,TXN_04908758,25
PATTERN_TXN_2923,AML_PATTERN_0334,TXN_04908760,26
PATTERN_TXN_2924,AML_PATTERN_0334,TXN_04908762,27
PATTERN_TXN_2925,AML_PATTERN_0334,TXN_04908764,28
PATTERN_TXN_2926,AML_PATTERN_0334,TXN_04908766,29
PATTERN_TXN_2927,AML_PATTERN_0334,TXN_04908768,30
PATTERN_TXN_2928,AML_PATTERN_0334,TXN_04908770,31
PATTERN_TXN_2929,AML_PATTERN_0334,TXN_04908772,32
PATTERN_TXN_2930,AML_PATTERN_0335,TXN_04908866,1
PATTERN_TXN_2931,AML_PATTERN_0335,TXN_04908867,2
PATTERN_TXN_2932,AML_PATTERN_0336,TXN_04908897,1
PATTERN_TXN_2933,AML_PATTERN_0336,TXN_04908898,2
PATTERN_TXN_2934,AML_PATTERN_0337,TXN_04913026,1
PATTERN_TXN_2935,AML_PATTERN_0337,TXN_04913029,2
PATTERN_TXN_2936,AML_PATTERN_0337,TXN_04913031,3
PATTERN_TXN_2937,AML_PATTERN_0337,TXN_04913033,4
PATTERN_TXN_2938,AML_PATTERN_0338,TXN_04917031,1
PATTERN_TXN_2939,AML_PATTERN_0338,TXN_04917032,2
PATTERN_TXN_2940,AML_PATTERN_0338,TXN_04917034,3
PATTERN_TXN_2941,AML_PATTERN_0338,TXN_04917035,4
PATTERN_TXN_2942,AML_PATTERN_0338,TXN_04917037,5
PATTERN_TXN_2943,AML_PATTERN_0338,TXN_04917038,6
PATTERN_TXN_2944,AML_PATTERN_0339,TXN_04917048,1
PATTERN_TXN_2945,AML_PATTERN_0339,TXN_04917049,2
PATTERN_TXN_2946,AML_PATTERN_0340,TXN_04917051,1
PATTERN_TXN_2947,AML_PATTERN_0340,TXN_04917053,2
PATTERN_TXN_2948,AML_PATTERN_0340,TXN_04917055,3
PATTERN_TXN_2949,AML_PATTERN_0340,TXN_04917057,4
PATTERN_TXN_2950,AML_PATTERN_0340,TXN_04917058,5
PATTERN_TXN_2951,AML_PATTERN_0341,TXN_04925461,1
PATTERN_TXN_2952,AML_PATTERN_0341,TXN_04925463,2
PATTERN_TXN_2953,AML_PATTERN_0341,TXN_04925465,3
PATTERN_TXN_2954,AML_PATTERN_0341,TXN_04925467,4
PATTERN_TXN_2955,AML_PATTERN_0341,TXN_04925469,5
PATTERN_TXN_2956,AML_PATTERN_0341,TXN_04925471,6
PATTERN_TXN_2957,AML_PATTERN_0341,TXN_04925473,7
PATTERN_TXN_2958,AML_PATTERN_0341,TXN_04925475,8
PATTERN_TXN_2959,AML_PATTERN_0341,TXN_04925477,9
PATTERN_TXN_2960,AML_PATTERN_0341,TXN_04925479,10
PATTERN_TXN_2961,AML_PATTERN_0342,TXN_04929646,1
PATTERN_TXN_2962,AML_PATTERN_0342,TXN_04929647,2
PATTERN_TXN_2963,AML_PATTERN_0342,TXN_04929648,3
PATTERN_TXN_2964,AML_PATTERN_0342,TXN_04929649,4
PATTERN_TXN_2965,AML_PATTERN_0342,TXN_04929650,5
PATTERN_TXN_2966,AML_PATTERN_0342,TXN_04929651,6
PATTERN_TXN_2967,AML_PATTERN_0342,TXN_04929653,7
PATTERN_TXN_2968,AML_PATTERN_0342,TXN_04929655,8
PATTERN_TXN_2969,AML_PATTERN_0343,TXN_04941702,1
PATTERN_TXN_2970,AML_PATTERN_0343,TXN_04941703,2
PATTERN_TXN_2971,AML_PATTERN_0344,TXN_04954183,1
PATTERN_TXN_2972,AML_PATTERN_0344,TXN_04954185,2
PATTERN_TXN_2973,AML_PATTERN_0344,TXN_04954187,3
PATTERN_TXN_2974,AML_PATTERN_0344,TXN_04954189,4
PATTERN_TXN_2975,AML_PATTERN_0344,TXN_04954190,5
PATTERN_TXN_2976,AML_PATTERN_0344,TXN_04954192,6
PATTERN_TXN_2977,AML_PATTERN_0344,TXN_04954194,7
PATTERN_TXN_2978,AML_PATTERN_0344,TXN_04954195,8
PATTERN_TXN_2979,AML_PATTERN_0345,TXN_04958138,1
PATTERN_TXN_2980,AML_PATTERN_0345,TXN_04958139,2
PATTERN_TXN_2981,AML_PATTERN_0345,TXN_04958140,3
PATTERN_TXN_2982,AML_PATTERN_0345,TXN_04958141,4
PATTERN_TXN_2983,AML_PATTERN_0345,TXN_04958142,5
PATTERN_TXN_2984,AML_PATTERN_0345,TXN_04958143,6
PATTERN_TXN_2985,AML_PATTERN_0345,TXN_04958145,7
PATTERN_TXN_2986,AML_PATTERN_0345,TXN_04958146,8
PATTERN_TXN_2987,AML_PATTERN_0345,TXN_04958147,9
PATTERN_TXN_2988,AML_PATTERN_0345,TXN_04958148,10
PATTERN_TXN_2989,AML_PATTERN_0345,TXN_04958149,11
PATTERN_TXN_2990,AML_PATTERN_0345,TXN_04958150,12
PATTERN_TXN_2991,AML_PATTERN_0345,TXN_04958151,13
PATTERN_TXN_2992,AML_PATTERN_0345,TXN_04958152,14
PATTERN_TXN_2993,AML_PATTERN_0345,TXN_04958153,15
PATTERN_TXN_2994,AML_PATTERN_0346,TXN_04962196,1
PATTERN_TXN_2995,AML_PATTERN_0346,TXN_04962198,2
PATTERN_TXN_2996,AML_PATTERN_0346,TXN_04962199,3
PATTERN_TXN_2997,AML_PATTERN_0346,TXN_04962200,4
PATTERN_TXN_2998,AML_PATTERN_0346,TXN_04962202,5
PATTERN_TXN_2999,AML_PATTERN_0346,TXN_04962204,6
PATTERN_TXN_3000,AML_PATTERN_0346,TXN_04962206,7
PATTERN_TXN_3001,AML_PATTERN_0346,TXN_04962207,8
PATTERN_TXN_3002,AML_PATTERN_0346,TXN_04962208,9
PATTERN_TXN_3003,AML_PATTERN_0346,TXN_04962209,10
PATTERN_TXN_3004,AML_PATTERN_0346,TXN_04962210,11
PATTERN_TXN_3005,AML_PATTERN_0346,TXN_04962212,12
PATTERN_TXN_3006,AML_PATTERN_0346,TXN_04962214,13
PATTERN_TXN_3007,AML_PATTERN_0346,TXN_04962215,14
PATTERN_TXN_3008,AML_PATTERN_0346,TXN_04962217,15
PATTERN_TXN_3009,AML_PATTERN_0346,TXN_04962218,16
PATTERN_TXN_3010,AML_PATTERN_0346,TXN_04962220,17
PATTERN_TXN_3011,AML_PATTERN_0346,TXN_04962221,18
PATTERN_TXN_3012,AML_PATTERN_0346,TXN_04962222,19
PATTERN_TXN_3013,AML_PATTERN_0346,TXN_04962224,20
PATTERN_TXN_3014,AML_PATTERN_0346,TXN_04962225,21
PATTERN_TXN_3015,AML_PATTERN_0346,TXN_04962226,22
PATTERN_TXN_3016,AML_PATTERN_0347,TXN_04974351,1
PATTERN_TXN_3017,AML_PATTERN_0347,TXN_04974353,2
PATTERN_TXN_3018,AML_PATTERN_0347,TXN_04974355,3
PATTERN_TXN_3019,AML_PATTERN_0347,TXN_04974357,4
PATTERN_TXN_3020,AML_PATTERN_0347,TXN_04974359,5
PATTERN_TXN_3021,AML_PATTERN_0347,TXN_04974361,6
PATTERN_TXN_3022,AML_PATTERN_0348,TXN_04978350,1
PATTERN_TXN_3023,AML_PATTERN_0348,TXN_04978351,2
PATTERN_TXN_3024,AML_PATTERN_0348,TXN_04978353,3
PATTERN_TXN_3025,AML_PATTERN_0348,TXN_04978355,4
PATTERN_TXN_3026,AML_PATTERN_0348,TXN_04978356,5
PATTERN_TXN_3027,AML_PATTERN_0348,TXN_04978358,6
PATTERN_TXN_3028,AML_PATTERN_0348,TXN_04978360,7
PATTERN_TXN_3029,AML_PATTERN_0348,TXN_04978361,8
PATTERN_TXN_3030,AML_PATTERN_0348,TXN_04978363,9
PATTERN_TXN_3031,AML_PATTERN_0349,TXN_04982396,1
PATTERN_TXN_3032,AML_PATTERN_0349,TXN_04982398,2
PATTERN_TXN_3033,AML_PATTERN_0349,TXN_04982399,3
PATTERN_TXN_3034,AML_PATTERN_0349,TXN_04982401,4
PATTERN_TXN_3035,AML_PATTERN_0349,TXN_04982403,5
PATTERN_TXN_3036,AML_PATTERN_0349,TXN_04982405,6
PATTERN_TXN_3037,AML_PATTERN_0349,TXN_04982406,7
PATTERN_TXN_3038,AML_PATTERN_0349,TXN_04982408,8
PATTERN_TXN_3039,AML_PATTERN_0349,TXN_04982410,9
PATTERN_TXN_3040,AML_PATTERN_0349,TXN_04982412,10
PATTERN_TXN_3041,AML_PATTERN_0349,TXN_04982413,11
PATTERN_TXN_3042,AML_PATTERN_0349,TXN_04982415,12
PATTERN_TXN_3043,AML_PATTERN_0349,TXN_04982416,13
PATTERN_TXN_3044,AML_PATTERN_0350,TXN_04992082,1
PATTERN_TXN_3045,AML_PATTERN_0350,TXN_04992083,2
PATTERN_TXN_3046,AML_PATTERN_0350,TXN_04992084,3
PATTERN_TXN_3047,AML_PATTERN_0350,TXN_04992085,4
PATTERN_TXN_3048,AML_PATTERN_0350,TXN_04992087,5
PATTERN_TXN_3049,AML_PATTERN_0350,TXN_04992089,6
PATTERN_TXN_3050,AML_PATTERN_0350,TXN_04992090,7
PATTERN_TXN_3051,AML_PATTERN_0350,TXN_04992091,8
PATTERN_TXN_3052,AML_PATTERN_0351,TXN_05003709,1
PATTERN_TXN_3053,AML_PATTERN_0352,TXN_05003710,1
PATTERN_TXN_3054,AML_PATTERN_0352,TXN_05003711,2
PATTERN_TXN_3055,AML_PATTERN_0352,TXN_05003712,3
PATTERN_TXN_3056,AML_PATTERN_0352,TXN_05003714,4
PATTERN_TXN_3057,AML_PATTERN_0352,TXN_05003715,5
PATTERN_TXN_3058,AML_PATTERN_0352,TXN_05003716,6
PATTERN_TXN_3059,AML_PATTERN_0352,TXN_05003717,7
PATTERN_TXN_3060,AML_PATTERN_0352,TXN_05003718,8
PATTERN_TXN_3061,AML_PATTERN_0353,TXN_05005941,1
PATTERN_TXN_3062,AML_PATTERN_0353,TXN_05005942,2
PATTERN_TXN_3063,AML_PATTERN_0353,TXN_05005944,3
PATTERN_TXN_3064,AML_PATTERN_0353,TXN_05005945,4
PATTERN_TXN_3065,AML_PATTERN_0353,TXN_05005946,5
PATTERN_TXN_3066,AML_PATTERN_0353,TXN_05005948,6
PATTERN_TXN_3067,AML_PATTERN_0353,TXN_05005949,7
PATTERN_TXN_3068,AML_PATTERN_0353,TXN_05005951,8
PATTERN_TXN_3069,AML_PATTERN_0353,TXN_05005952,9
PATTERN_TXN_3070,AML_PATTERN_0353,TXN_05005954,10
PATTERN_TXN_3071,AML_PATTERN_0353,TXN_05005956,11
PATTERN_TXN_3072,AML_PATTERN_0353,TXN_05005957,12
PATTERN_TXN_3073,AML_PATTERN_0353,TXN_05005959,13
PATTERN_TXN_3074,AML_PATTERN_0354,TXN_05011772,1
PATTERN_TXN_3075,AML_PATTERN_0354,TXN_05011773,2
PATTERN_TXN_3076,AML_PATTERN_0354,TXN_05011775,3
PATTERN_TXN_3077,AML_PATTERN_0354,TXN_05011776,4
PATTERN_TXN_3078,AML_PATTERN_0354,TXN_05011777,5
PATTERN_TXN_3079,AML_PATTERN_0354,TXN_05011778,6
PATTERN_TXN_3080,AML_PATTERN_0354,TXN_05011779,7
PATTERN_TXN_3081,AML_PATTERN_0354,TXN_05011780,8
PATTERN_TXN_3082,AML_PATTERN_0354,TXN_05011781,9
PATTERN_TXN_3083,AML_PATTERN_0354,TXN_05011782,10
PATTERN_TXN_3084,AML_PATTERN_0355,TXN_05014048,1
PATTERN_TXN_3085,AML_PATTERN_0355,TXN_05014049,2
PATTERN_TXN_3086,AML_PATTERN_0356,TXN_05018214,1
PATTERN_TXN_3087,AML_PATTERN_0356,TXN_05018216,2
PATTERN_TXN_3088,AML_PATTERN_0356,TXN_05018218,3
PATTERN_TXN_3089,AML_PATTERN_0356,TXN_05018219,4
PATTERN_TXN_3090,AML_PATTERN_0356,TXN_05018221,5
PATTERN_TXN_3091,AML_PATTERN_0356,TXN_05018223,6
PATTERN_TXN_3092,AML_PATTERN_0356,TXN_05018225,7
PATTERN_TXN_3093,AML_PATTERN_0356,TXN_05018226,8
PATTERN_TXN_3094,AML_PATTERN_0356,TXN_05018228,9
PATTERN_TXN_3095,AML_PATTERN_0356,TXN_05018231,10
PATTERN_TXN_3096,AML_PATTERN_0356,TXN_05018233,11
PATTERN_TXN_3097,AML_PATTERN_0356,TXN_05018235,12
PATTERN_TXN_3098,AML_PATTERN_0356,TXN_05018236,13
PATTERN_TXN_3099,AML_PATTERN_0356,TXN_05018239,14
PATTERN_TXN_3100,AML_PATTERN_0357,TXN_05018293,1
PATTERN_TXN_3101,AML_PATTERN_0357,TXN_05018296,2
PATTERN_TXN_3102,AML_PATTERN_0357,TXN_05018297,3
PATTERN_TXN_3103,AML_PATTERN_0357,TXN_05018300,4
PATTERN_TXN_3104,AML_PATTERN_0357,TXN_05018301,5
PATTERN_TXN_3105,AML_PATTERN_0357,TXN_05018303,6
PATTERN_TXN_3106,AML_PATTERN_0357,TXN_05018306,7
PATTERN_TXN_3107,AML_PATTERN_0357,TXN_05018307,8
PATTERN_TXN_3108,AML_PATTERN_0357,TXN_05018310,9
PATTERN_TXN_3109,AML_PATTERN_0357,TXN_05018312,10
PATTERN_TXN_3110,AML_PATTERN_0357,TXN_05018315,11
PATTERN_TXN_3111,AML_PATTERN_0358,TXN_05029934,1
PATTERN_TXN_3112,AML_PATTERN_0359,TXN_05033904,1
PATTERN_TXN_3113,AML_PATTERN_0359,TXN_05033906,2
PATTERN_TXN_3114,AML_PATTERN_0359,TXN_05033908,3
PATTERN_TXN_3115,AML_PATTERN_0359,TXN_05033910,4
PATTERN_TXN_3116,AML_PATTERN_0359,TXN_05033911,5
PATTERN_TXN_3117,AML_PATTERN_0359,TXN_05033912,6
PATTERN_TXN_3118,AML_PATTERN_0359,TXN_05033914,7
PATTERN_TXN_3119,AML_PATTERN_0359,TXN_05033915,8
PATTERN_TXN_3120,AML_PATTERN_0359,TXN_05033917,9
PATTERN_TXN_3121,AML_PATTERN_0359,TXN_05033920,10
PATTERN_TXN_3122,AML_PATTERN_0360,TXN_05033922,1
PATTERN_TXN_3123,AML_PATTERN_0360,TXN_05033924,2
PATTERN_TXN_3124,AML_PATTERN_0360,TXN_05033925,3
PATTERN_TXN_3125,AML_PATTERN_0360,TXN_05033926,4
PATTERN_TXN_3126,AML_PATTERN_0360,TXN_05033928,5
PATTERN_TXN_3127,AML_PATTERN_0360,TXN_05033930,6
PATTERN_TXN_3128,AML_PATTERN_0360,TXN_05033932,7
PATTERN_TXN_3129,AML_PATTERN_0360,TXN_05033934,8
PATTERN_TXN_3130,AML_PATTERN_0360,TXN_05033936,9
PATTERN_TXN_3131,AML_PATTERN_0360,TXN_05033938,10
PATTERN_TXN_3132,AML_PATTERN_0360,TXN_05033939,11
PATTERN_TXN_3133,AML_PATTERN_0360,TXN_05033940,12
PATTERN_TXN_3134,AML_PATTERN_0360,TXN_05033942,13
PATTERN_TXN_3135,AML_PATTERN_0360,TXN_05033944,14
PATTERN_TXN_3136,AML_PATTERN_0360,TXN_05033946,15
PATTERN_TXN_3137,AML_PATTERN_0360,TXN_05033948,16
PATTERN_TXN_3138,AML_PATTERN_0360,TXN_05033950,17
PATTERN_TXN_3139,AML_PATTERN_0360,TXN_05033952,18
PATTERN_TXN_3140,AML_PATTERN_0360,TXN_05033954,19
PATTERN_TXN_3141,AML_PATTERN_0360,TXN_05033955,20
PATTERN_TXN_3142,AML_PATTERN_0360,TXN_05033957,21
PATTERN_TXN_3143,AML_PATTERN_0360,TXN_05033959,22
PATTERN_TXN_3144,AML_PATTERN_0360,TXN_05033961,23
PATTERN_TXN_3145,AML_PATTERN_0360,TXN_05033962,24
PATTERN_TXN_3146,AML_PATTERN_0360,TXN_05033964,25
PATTERN_TXN_3147,AML_PATTERN_0360,TXN_05033966,26
PATTERN_TXN_3148,AML_PATTERN_0361,TXN_05033968,1
PATTERN_TXN_3149,AML_PATTERN_0361,TXN_05033971,2
PATTERN_TXN_3150,AML_PATTERN_0361,TXN_05033973,3
PATTERN_TXN_3151,AML_PATTERN_0361,TXN_05033975,4
PATTERN_TXN_3152,AML_PATTERN_0361,TXN_05033977,5
PATTERN_TXN_3153,AML_PATTERN_0361,TXN_05033979,6
PATTERN_TXN_3154,AML_PATTERN_0361,TXN_05033981,7
PATTERN_TXN_3155,AML_PATTERN_0361,TXN_05033983,8
PATTERN_TXN_3156,AML_PATTERN_0361,TXN_05033985,9
PATTERN_TXN_3157,AML_PATTERN_0361,TXN_05033988,10
PATTERN_TXN_3158,AML_PATTERN_0361,TXN_05033990,11
PATTERN_TXN_3159,AML_PATTERN_0361,TXN_05033993,12
PATTERN_TXN_3160,AML_PATTERN_0361,TXN_05033995,13
PATTERN_TXN_3161,AML_PATTERN_0361,TXN_05033997,14
PATTERN_TXN_3162,AML_PATTERN_0361,TXN_05033999,15
PATTERN_TXN_3163,AML_PATTERN_0361,TXN_05034002,16
PATTERN_TXN_3164,AML_PATTERN_0361,TXN_05034004,17
PATTERN_TXN_3165,AML_PATTERN_0361,TXN_05034006,18
PATTERN_TXN_3166,AML_PATTERN_0361,TXN_05034008,19
PATTERN_TXN_3167,AML_PATTERN_0361,TXN_05034010,20
PATTERN_TXN_3168,AML_PATTERN_0361,TXN_05034012,21
PATTERN_TXN_3169,AML_PATTERN_0361,TXN_05034014,22
PATTERN_TXN_3170,AML_PATTERN_0361,TXN_05034016,23
PATTERN_TXN_3171,AML_PATTERN_0361,TXN_05034018,24
PATTERN_TXN_3172,AML_PATTERN_0361,TXN_05034020,25
PATTERN_TXN_3173,AML_PATTERN_0361,TXN_05034021,26
PATTERN_TXN_3174,AML_PATTERN_0361,TXN_05034023,27
PATTERN_TXN_3175,AML_PATTERN_0361,TXN_05034026,28
PATTERN_TXN_3176,AML_PATTERN_0362,TXN_05038125,1
PATTERN_TXN_3177,AML_PATTERN_0362,TXN_05038126,2
PATTERN_TXN_3178,AML_PATTERN_0362,TXN_05038127,3
PATTERN_TXN_3179,AML_PATTERN_0362,TXN_05038128,4
PATTERN_TXN_3180,AML_PATTERN_0362,TXN_05038129,5
PATTERN_TXN_3181,AML_PATTERN_0362,TXN_05038130,6
PATTERN_TXN_3182,AML_PATTERN_0363,TXN_05039875,1
PATTERN_TXN_3183,AML_PATTERN_0363,TXN_05039876,2
PATTERN_TXN_3184,AML_PATTERN_0364,TXN_05043842,1
PATTERN_TXN_3185,AML_PATTERN_0365,TXN_05046027,1
PATTERN_TXN_3186,AML_PATTERN_0365,TXN_05046028,2
PATTERN_TXN_3187,AML_PATTERN_0365,TXN_05046030,3
PATTERN_TXN_3188,AML_PATTERN_0365,TXN_05046032,4
PATTERN_TXN_3189,AML_PATTERN_0365,TXN_05046033,5
PATTERN_TXN_3190,AML_PATTERN_0365,TXN_05046034,6
PATTERN_TXN_3191,AML_PATTERN_0365,TXN_05046036,7
PATTERN_TXN_3192,AML_PATTERN_0366,TXN_05054169,1
PATTERN_TXN_3193,AML_PATTERN_0367,TXN_05056025,1
PATTERN_TXN_3194,AML_PATTERN_0367,TXN_05056027,2
PATTERN_TXN_3195,AML_PATTERN_0367,TXN_05056029,3
PATTERN_TXN_3196,AML_PATTERN_0368,TXN_05058314,1
PATTERN_TXN_3197,AML_PATTERN_0368,TXN_05058316,2
PATTERN_TXN_3198,AML_PATTERN_0368,TXN_05058318,3
PATTERN_TXN_3199,AML_PATTERN_0368,TXN_05058320,4
PATTERN_TXN_3200,AML_PATTERN_0368,TXN_05058321,5
PATTERN_TXN_3201,AML_PATTERN_0368,TXN_05058323,6
PATTERN_TXN_3202,AML_PATTERN_0368,TXN_05058325,7
PATTERN_TXN_3203,AML_PATTERN_0368,TXN_05058327,8
PATTERN_TXN_3204,AML_PATTERN_0368,TXN_05058329,9
PATTERN_TXN_3205,AML_PATTERN_0368,TXN_05058331,10
PATTERN_TXN_3206,AML_PATTERN_0368,TXN_05058333,11
PATTERN_TXN_3207,AML_PATTERN_0368,TXN_05058335,12
PATTERN_TXN_3208,AML_PATTERN_0369,TXN_05070507,1
PATTERN_TXN_3209,AML_PATTERN_0370,TXN_05074240,1
