bank_id,bank_name
1,Arbor Savings Bank
3,China Bank #14
4,China Bank #3
5,UK Bank #0
6,India Bank #0
7,India Bank #25
8,Canada Bank #12
9,Russia Bank #16
10,National Bank of Laramie
11,Finland Bank #0
12,National Bank of the East
14,China Bank #13
15,Japan Bank #0
16,India Bank #32
19,Australia Bank #3
20,China Bank #6
21,Japan Bank #18
22,Germany Bank #65
23,Germany Bank #18
24,Japan Bank #41
26,UK Bank #32
27,Mexico Bank #8
28,Australia Bank #0
29,Brazil Bank #10
70,Oasis Thrift
71,India Bank #2
110,Brazil Bank #7
112,Switzerland Bank #11
113,Israel Bank #1
115,Brazil Bank #6
116,Switzerland Bank #9
117,Switzerland Bank #10
118,Switzerland Bank #8
119,Israel Bank #6
121,Saudi Arabia Bank #6
124,Crytpo Bank #4
126,Crytpo Bank #5
210,Canada Bank #27
211,UK Bank #29
212,UK Bank #7
213,Mexico Bank #0
214,Canada Bank #26
217,Israel Bank #5
220,National Bank of Pittsburgh
222,Saudi Arabia Bank #5
223,Saudi Arabia Bank #4
225,Crytpo Bank #9
287,Russia Bank #63
410,Germany Bank #126
513,National Bank of New Orleans
701,First Bank of Springfield
795,First Bank of Montpelier
908,Plandor Savings Bank
1024,France Bank #51
1047,Flagstone Federal Bank
1068,National Bank of Detroit
1124,First Bank of Plattsburg
1132,Mexico Bank #16
1198,Israel Bank #7
1241,Flagstone Bancorp
1244,Bank of Arkadelphia
1267,China Bank #2
1292,Savings Bank of Seattle
1299,France Bank #40
1362,Golden Bancorp
1411,Bank of the South
1412,First Bank of Indianapolis
1420,Golden Bancorp
1457,National Bank of Helena
1467,Plandor Trust Bank
1490,Italy Bank #95
1501,Germany Bank #239
1502,Portugal Bank #43
1522,Spain Bank #23
1547,Italy Bank #49
1588,National Bank of Boston
1601,Acme Cooperative Bank
1655,Germany Bank #10
1665,Savings Bank of Los Angeles
1669,Germany Bank #38
1674,Savings Bank of Topeka
1686,Brownstone Credit Union
1688,Arbor Thrift
1729,Willows Bancorp
1853,Bank of New York
1916,Slovakia Bank #106
2053,First Bank of Tampa
2385,Hearthstone Savings Bank
2439,Savings Bank of Huron
2454,Spruce Community Bank
2467,Germany Bank #88
2591,France Bank #75
2627,Mountain Trust Bank
2824,Future Cooperative Bank
2843,Sappo Bancorp
2845,Sea Bank
2915,France Bank #85
2947,Savings Bank of Butte
2952,Sunrise Credit Union
2991,Savings Bank of Sacramento
3045,Austria Bank #20
3051,Acme Community Bank
3123,Spain Bank #64
3144,Savings Bank of Phoenix
3149,Acme Federal Bank
3198,National Bank of Madison
3199,Savings Bank of Houston
3204,Spain Bank #437
3206,Bank of Watertown
3208,Sappo Cooperative Bank
3209,National Bank of Fort Wayne
3210,Fieldstone Trust Bank
3211,Savings Bank of Houston
3212,Savings Bank of Arkadelphia
3214,Belgium Bank #3886
3216,Italy Bank #4211
3218,Latvia Bank #130
3219,Finland Bank #4339
3220,Italy Bank #4364
3221,Belgium Bank #142
3223,Greece Bank #136
3224,Germany Bank #156
3226,Cyprus Bank #4122
3227,Italy Bank #3889
3228,France Bank #129
3229,Arbor Savings Bank
3232,Savings Bank of Fairfield
3233,Bank of Springfield
3234,First Bank of the West
3236,Arbor Trust Bank
3237,National Bank of Tuscon
3238,Savings Bank of the South
3239,First Bank of Albany
3241,National Bank of Billings
3242,Plateau Community Bank
3243,Slovakia Bank #138
3244,Arbor Community Bank
3245,First Bank of Seattle
3246,First Bank of the South
3247,National Bank of Huron
3248,Savings Bank of the South
3250,Willows Community Bank
3254,Savings Bank of Huron
3258,Belgium Bank #3885
3260,Italy Bank #132
3261,Netherlands Bank #4805
3262,National Bank of Lincoln
3264,Bank of Detroit
3268,Germany Bank #141
3271,Spain Bank #158
3272,Bank of Helena
3274,National Bank of Los Angeles
3276,Regents Bancorp
3278,Baltech Community Bank
3279,Italy Bank #4508
3283,First Bank of Fairfield
3284,First Bank of Portsmouth
3286,Savings Bank of Indianapolis
3288,National Bank of Fairfield
3290,National Bank of Detroit
3291,Desert Credit Union
3292,Savings Bank of Springfield
3293,First Bank of Providence
3296,Bank of Miami
3298,Bank of Omaha
3301,Capital Bancorp
3303,First Bank of Albany
3305,First Bank of Dallas
3307,Slovenia Bank #3891
3308,Greece Bank #144
3309,Germany Bank #297
3311,Germany Bank #134
3314,Heath Federal Bank
3316,Germany Bank #3916
3318,Germany Bank #143
3322,France Bank #140
3323,Belgium Bank #135
3325,Greece Bank #11
3329,First Bank of Plattsburg
3331,National Bank of Newbury
3333,First Bank of Boston
3335,Spain Bank #450
3336,Sappo Bank
3337,Golden Credit Union
3341,Sappo Federal Bank
3343,Germany Bank #3893
3346,Ireland Bank #172
3347,Italy Bank #4115
3348,Italy Bank #197
3352,Belgium Bank #4154
3354,Belgium Bank #1114
3357,Italy Bank #3900
3358,Spain Bank #3909
3360,Italy Bank #438
3361,Germany Bank #165
3362,Germany Bank #149
3365,Savings Bank of Dallas
3369,Bank of Watertown
3370,Bank of Boston
3371,France Bank #148
3373,City National Federal Bank
3374,Golden Federal Bank
3376,Savings Bank of Tampa
3377,Golden Trust Bank
3378,Sea Thrift
3381,Austria Bank #3762
3382,Future Community Bank
3385,National Bank of Denver
3387,Bank of Hartford
3388,Savings Bank of Providence
3389,Regents Bank
3390,Hilltop Federal Bank
3391,Acme Federal Bank
3392,First Bank of Boston
3393,First Bank of Omaha
3396,National Bank of the East
3399,Bank of Los Angeles
3401,First Bank of Fort Wayne
3404,Capital Bank
3405,Bank of Omaha
3406,National Bank of Omaha
3408,Germany Bank #176
3409,Spain Bank #145
3410,Slovakia Bank #146
3411,Spain Bank #161
3412,Germany Bank #147
3414,Germany Bank #3677
3418,France Bank #150
3420,Savings Bank of Huron
3423,Oasis Thrift
3425,Savings Bank of Seattle
3426,Baltech Community Bank
3428,First Bank of Fairfield
3429,Savings Bank of Huron
3431,National Bank of the South
3432,Oasis Bancorp
3433,National Bank of Omaha
3435,Desert Bancorp
3437,Flagstone Bancorp
3438,Savings Bank of Detroit
3442,Savings Bank of Los Angeles
3443,Germany Bank #3694
3444,Spain Bank #4509
3445,France Bank #153
3449,Spain Bank #3887
3451,Germany Bank #4119
3452,Germany Bank #4116
3454,Italy Bank #155
3455,Netherlands Bank #4121
3457,France Bank #584
3459,Ireland Bank #3614
3460,Italy Bank #3162
3461,Belgium Bank #154
3462,First Bank of Newbury
3464,Germany Bank #187
3465,Germany Bank #3787
3466,Savings Bank of Denver
3469,National Bank of Albany
3470,Bank of Harrisburg
3472,Future Bancorp
3473,Austria Bank #217
3475,Sea Community Bank
3476,Italy Bank #289
3477,Savings Bank of New York
3480,Sea Thrift
3481,Acme Credit Union
3482,National Bank of Watertown
3484,Savings Bank of Albany
3485,First Bank of Portsmouth
3486,Heath Bank
3487,Arbor Federal Bank
3488,Savings Bank of Philadelphia
3489,Ireland Bank #71
3490,France Bank #4120
3494,Savings Bank of Dallas
3498,France Bank #157
3500,France Bank #487
3502,Netherlands Bank #3364
3506,France Bank #196
3508,Spain Bank #170
3512,Plateau Federal Bank
3514,France Bank #28
3515,Germany Bank #191
3516,Italy Bank #162
3517,Germany Bank #3901
3518,Germany Bank #163
3520,Croatia Bank #3888
3521,Spain Bank #4674
3522,Germany Bank #3920
3526,France Bank #3884
3527,Greece Bank #205
3528,Spain Bank #674
3529,Greece Bank #3898
3530,Germany Bank #166
3533,First Bank of Montpelier
3536,Savings Bank of Columbus
3537,Dawn Savings Bank
3539,City National Savings Bank
3540,First Bank of Watertown
3542,First Bank of Fort Wayne
3545,National Bank of Topeka
3546,First Bank of Newport
3548,First Bank of the South
3552,Plateau Federal Bank
3553,Dawn Bank
3554,The Pine Savings Bank
3555,Sunrise Cooperative Bank
3557,Arbor Thrift
3558,Savings Bank of Phoenix
3559,Hearthstone Federal Bank
3560,The Pine Cooperative Bank
3561,Bank of Arkadelphia
3562,France Bank #4368
3563,Spain Bank #181
3566,Spain Bank #3908
3567,Germany Bank #167
3568,Greece Bank #200
3570,Italy Bank #168
3571,France Bank #3892
3572,Croatia Bank #169
3573,Italy Bank #4683
3575,Spain Bank #242
3578,Germany Bank #4033
3579,France Bank #185
3581,Italy Bank #209
3582,Italy Bank #3941
3586,Spain Bank #175
3587,National Bank of Madison
3590,Oasis Trust Bank
3592,Flagstone Trust Bank
3593,Savings Bank of Newport
3595,National Bank of Lacrosse
3596,Bank of Providence
3597,Heath Community Bank
3600,Savings Bank of Augusta
3601,Bank of Madison
3602,First Bank of Portland
3603,First Bank of Portsmouth
3605,Germany Bank #366
3607,Savings Bank of Springfield
3608,National Bank of Los Angeles
3615,Golden Savings Bank
3618,National Bank of Albany
3619,First Bank of Hartford
3622,Savings Bank of Portland
3624,First Bank of Detroit
3626,National Bank of Harrisburg
3628,Savings Bank of Dallas
3630,Savings Bank of Pittsburgh
3632,Bank of Seattle
3633,Savings Bank of the North
3639,Savings Bank of Billings
3641,National Bank of Newbury
3646,Slovakia Bank #183
3647,Slovakia Bank #184
3650,China Bank #70
3652,China Bank #72
3653,China Bank #862
3655,Netherlands Bank #72
3657,Spain Bank #186
3659,Italy Bank #4806
3660,France Bank #4547
3662,Italy Bank #4938
3663,Spain Bank #193
3664,Germany Bank #190
3666,France Bank #3325
3672,First Bank of Arkadelphia
3673,Sunrise Community Bank
3675,Hilltop Credit Union
3676,First Bank of Denver
3677,National Bank of Columbus
3678,National Bank of Indianapolis
3679,Sappo Cooperative Bank
3680,Savings Bank of Phoenix
3683,National Bank of the West
3685,First Bank of New Orleans
3688,Dawn Bancorp
3689,Plateau Federal Bank
3690,Slovakia Bank #1007
3693,Bank of the South
3695,First Bank of Los Angeles
3698,First Bank of Springfield
3699,First Bank of Laramie
3700,National Bank of Indianapolis
3701,First Bank of Lincoln
3702,National Bank of the East
3703,First Bank of Cleveland
3704,Baltech Bank
3705,First Bank of the West
3706,Regents Bancorp
3707,First Bank of Columbus
3708,National Bank of Bridgeport
3709,National Bank of Harrisburg
3710,Capital Bank
3711,National Bank of Portland
3712,Heath Savings Bank
3715,Sappo Bank
3717,Sappo Cooperative Bank
3718,Savings Bank of Springfield
3727,Savings Bank of Chicago
3730,Bank of the Valley
3731,First Bank of Danbury
3732,Bank of Sacramento
3735,Bank of Milford
3737,City National Trust Bank
3742,Savings Bank of Tampa
3744,Bank of Dallas
3745,Arbor Thrift
3746,Savings Bank of Providence
3747,First Bank of Cleveland
3748,Desert Cooperative Bank
3749,First Bank of Fairfield
3753,Bank of Cleveland
3755,Bank of Philadelphia
3760,Savings Bank of Chicago
3762,National Bank of Los Angeles
3763,Baltech Savings Bank
3764,Bank of Montpelier
3767,Croatia Bank #3919
3769,Austria Bank #188
3777,Spain Bank #368
3780,Germany Bank #244
3781,Greece Bank #3927
3784,First Bank of the East
3785,Bank of Dallas
3787,Desert Federal Bank
3788,Portugal Bank #211
3790,Bank of Portland
3792,Baltech Trust Bank
3793,Dawn Federal Bank
3794,First Bank of the Valley
3796,City National Thrift
3799,Sunrise Cooperative Bank
3800,Baltech Thrift
3801,Brownstone Cooperative Bank
3802,Bank of Chicago
3805,First Bank of Omaha
3806,Oasis Federal Bank
3808,First Bank of Sacramento
3810,First Bank of Providence
3812,National Bank of the Valley
3820,Oak Federal Bank
3821,Bank of Lincoln
3823,Savings Bank of Philadelphia
3824,Bank of Lacrosse
3829,Desert Federal Bank
3831,Savings Bank of Tuscon
3832,National Bank of Indianapolis
3836,National Bank of Denver
3837,First Bank of Helena
3838,National Bank of Portsmouth
3839,Fieldstone Savings Bank
3842,Brownstone Savings Bank
3843,First Bank of Newport
3849,Germany Bank #220
3850,Savings Bank of Chicago
3852,Arbor Cooperative Bank
3854,National Bank of Indianapolis
3855,Hearthstone Credit Union
3856,Lithuania Bank #406
3857,France Bank #199
3858,Netherlands Bank #344
3862,Greece Bank #4156
3863,Italy Bank #4349
3864,Italy Bank #253
3867,Italy Bank #3890
3870,Germany Bank #391
3872,Germany Bank #198
3875,Spain Bank #743
3878,Italy Bank #229
3880,Belgium Bank #203
3881,France Bank #33
3883,Ireland Bank #222
3884,Spain Bank #206
3885,Germany Bank #3664
3887,Spain Bank #4117
3889,Germany Bank #267
3890,Malta Bank #355
3891,National Bank of Phoenix
3892,First Bank of Seattle
3893,Bank of Columbus
3895,Savings Bank of the South
3896,First Bank of Billings
3901,Arbor Bank
3903,The Pine Trust Bank
3904,National Bank of Sacramento
3905,First Bank of the West
3907,National Bank of Watertown
3909,Netherlands Bank #3874
3911,France Bank #250
3912,Finland Bank #4187
3913,Spain Bank #223
3914,Netherlands Bank #241
3916,Savings Bank of Providence
3917,Greece Bank #1380
3919,Germany Bank #212
3920,Regents Thrift
3922,Hearthstone Thrift
3923,Regents Cooperative Bank
3926,Bank of Arkadelphia
3928,Bank of Huron
3931,Oak Federal Bank
3932,Bank of Topeka
3934,First Bank of Lincoln
3938,First Bank of Huron
3939,France Bank #213
3940,France Bank #3944
3945,The Pine Federal Bank
3946,First Bank of Laramie
3948,Savings Bank of Newport
3949,Mountain Bancorp
3950,Sunrise Thrift
3951,Savings Bank of Omaha
3953,Bank of Madison
3956,Savings Bank of Springfield
3957,Oasis Credit Union
3958,National Bank of Fairfield
3959,Desert Savings Bank
3960,National Bank of Dallas
3961,Plateau Community Bank
3963,Hearthstone Community Bank
3964,Arbor Bank
3966,First Bank of Augusta
3967,Savings Bank of Lincoln
3969,First Bank of Springfield
3970,Plandor Federal Bank
3973,Acme Cooperative Bank
3976,National Bank of Fairfield
3977,National Bank of New York
3978,Oak Thrift
3979,Bank of Butte
3981,Brook Bancorp
3982,National Bank of Denver
3983,Brook Bancorp
3985,National Bank of Sacramento
3988,Savings Bank of New York
3990,Savings Bank of the West
3994,Savings Bank of Montpelier
3997,Mountain Community Bank
4242,National Bank of Portland
4259,Germany Bank #21
4403,Spruce Trust Bank
4503,Golden Thrift
4523,Savings Bank of Detroit
4600,Spain Bank #123
4726,Savings Bank of Huron
4766,First Bank of Fort Wayne
4866,First Bank of Los Angeles
5140,Bank of Laramie
5175,Germany Bank #59
5328,Germany Bank #553
5329,Belgium Bank #252
5365,France Bank #656
5394,First Bank of Danbury
5425,Germany Bank #536
5464,Italy Bank #86
5466,Italy Bank #98
5627,China Bank #9
5836,Savings Bank of New York
6010,Bank of Fort Wayne
6030,Netherlands Bank #55
6052,Germany Bank #317
6075,Savings Bank of Billings
6129,National Bank of Boston
6156,Bank of Cleveland
6179,Acme Trust Bank
6276,National Bank of Tuscon
6625,Portugal Bank #128
6803,First Bank of Lacrosse
7042,Sappo Federal Bank
7195,Spain Bank #68
7478,Savings Bank of Huron
7548,Germany Bank #7
7675,Germany Bank #1
8074,Spain Bank #642
8248,China Bank #39
8354,Bank of Pittsburgh
8455,Slovenia Bank #777
8539,Netherlands Bank #411
8595,First Bank of Watertown
8623,Savings Bank of Fairfield
8771,Sappo Bank
8798,National Bank of Arkadelphia
8805,National Bank of Denver
8823,France Bank #658
8888,Belgium Bank #417
9129,National Bank of Danbury
9209,China Bank #67
9328,China Bank #11
9371,Future Bank
9417,China Bank #23
9482,Future Bancorp
9571,China Bank #65
9587,China Bank #69
9608,China Bank #105
9665,Japan Bank #42
9679,Japan Bank #8
9691,China Bank #24
10057,Japan Bank #13
10060,Japan Bank #22
10099,Japan Bank #46
10232,Regents Thrift
10344,First Bank of Tampa
10404,Italy Bank #685
10441,Germany Bank #133
10581,Japan Bank #63
10605,Japan Bank #49
10614,National Bank of Arkadelphia
10642,First Bank of Springfield
10656,Japan Bank #24
10709,Italy Bank #1106
10813,Japan Bank #55
11030,City National Trust Bank
11056,Germany Bank #214
11107,Savings Bank of New Orleans
11128,Japan Bank #52
11157,Savings Bank of Miami
11296,Savings Bank of Milford
11318,First Bank of Arkadelphia
11402,Japan Bank #53
11405,Savings Bank of Dallas
11471,Willows Community Bank
11474,First Bank of Butte
11642,First Bank of New Orleans
11657,Italy Bank #73
11687,Japan Bank #62
11808,Japan Bank #58
11813,Savings Bank of Fairfield
11838,Japan Bank #235
11852,Netherlands Bank #4
11899,Bank of Butte
11904,Bank of Billings
11974,The Pine Federal Bank
12004,Italy Bank #53
12019,Japan Bank #47
12129,Japan Bank #148
12278,China Bank #62
12359,First Bank of Tuscon
12381,Bank of the East
12446,Bank of Boston
12461,France Bank #192
12513,Germany Bank #74
12561,Spain Bank #37
12585,The Pine Credit Union
12719,Bank of New Orleans
12735,Bank of Hartford
12797,Italy Bank #304
12803,National Bank of Milford
12893,Savings Bank of the South
12963,Belgium Bank #79
12979,Savings Bank of Albany
13029,India Bank #59
13037,First Bank of Hartford
13057,France Bank #35
13067,China Bank #204
13078,India Bank #36
13083,Italy Bank #17
13145,First Bank of Dallas
13154,India Bank #38
13157,India Bank #40
13184,India Bank #17
13264,First Bank of Los Angeles
13265,Germany Bank #137
13327,Hilltop Community Bank
13345,Netherlands Bank #113
13432,Hearthstone Savings Bank
13516,Germany Bank #16
13554,France Bank #8
13649,China Bank #303
13659,India Bank #44
13667,India Bank #127
13858,Italy Bank #97
13862,Germany Bank #58
13917,Bank of Laramie
13959,Belgium Bank #258
13969,India Bank #58
14011,Germany Bank #105
14077,Bank of Portland
14099,Willows Thrift
14233,Germany Bank #57
14254,Italy Bank #587
14277,Belgium Bank #677
14290,Germany Bank #116
14325,National Bank of Huron
14329,Austria Bank #466
14381,India Bank #49
14387,Bank of Montpelier
14433,Bank of Springfield
14549,Savings Bank of Fairfield
14629,India Bank #148
14650,Greece Bank #44
14657,Germany Bank #80
14663,Germany Bank #234
14757,India Bank #41
14766,India Bank #67
14804,Spruce Savings Bank
14814,India Bank #50
14838,India Bank #31
15010,France Bank #290
15040,First Bank of Harrisburg
15055,Germany Bank #92
15085,National Bank of Laramie
15180,Austria Bank #31
15231,Finland Bank #109
15266,India Bank #63
15385,India Bank #54
15447,National Bank of Philadelphia
15625,National Bank of the East
15643,Spain Bank #114
15695,National Bank of Harrisburg
15723,Baltech Community Bank
15730,Regents Trust Bank
15747,First Bank of Lacrosse
15750,Germany Bank #256
15768,First Bank of Madison
15863,Germany Bank #39
15895,India Bank #46
15916,Bank of Augusta
15964,Spain Bank #208
15980,Hilltop Bancorp
16011,Austria Bank #107
16031,Savings Bank of Phoenix
16109,Acme Federal Bank
16136,Heath Savings Bank
16163,First Bank of Boston
16224,Capital Trust Bank
16254,Belgium Bank #152
16333,Plateau Credit Union
16354,Germany Bank #124
16384,India Bank #68
16388,Germany Bank #19
16408,India Bank #702
16418,Germany Bank #62
16431,Germany Bank #159
16450,France Bank #119
16513,India Bank #245
16515,India Bank #33
16535,The Pine Trust Bank
16586,Savings Bank of Danbury
16606,Mountain Bank
16643,Italy Bank #6
16649,Russia Bank #13
16678,Russia Bank #23
16733,Savings Bank of Springfield
16787,Russia Bank #18
16788,Savings Bank of Sacramento
16792,Russia Bank #25
16847,Belgium Bank #886
16871,Italy Bank #194
16927,Russia Bank #21
16941,Spain Bank #66
16991,Netherlands Bank #127
17120,Russia Bank #24
17174,Germany Bank #305
17222,First Bank of Houston
17246,Savings Bank of Newport
17321,Austria Bank #233
17327,First Bank of Danbury
17400,National Bank of Springfield
17401,National Bank of the Valley
17425,Baltech Thrift
17491,Russia Bank #180
17554,Russia Bank #53
17610,Italy Bank #201
17615,Germany Bank #32
17649,Spain Bank #992
17708,Mountain Savings Bank
17729,Bank of Laramie
17732,First Bank of Albany
17748,Bank of Cleveland
17753,City National Bank
17769,Netherlands Bank #507
17854,Italy Bank #293
17861,Germany Bank #207
17863,Spain Bank #341
17907,National Bank of Topeka
18015,First Bank of Tampa
18049,Spain Bank #1392
18067,China Bank #4
18097,China Bank #8
18107,China Bank #37
18135,China Bank #310
18180,Spain Bank #499
18196,China Bank #29
18200,China Bank #10
18230,France Bank #523
18324,Savings Bank of Topeka
18405,Russia Bank #40
18428,Italy Bank #13
18460,Portugal Bank #473
18475,China Bank #20
18511,Bank of Denver
18549,National Bank of Omaha
18617,First Bank of Detroit
18679,Savings Bank of Plattsburg
18819,Savings Bank of Newport
18902,Sea Bank
18951,Italy Bank #527
19023,Portugal Bank #371
19318,China Bank #38
19329,First Bank of Chicago
19353,Russia Bank #34
19474,National Bank of the South
19477,China Bank #41
19535,First Bank of Tampa
19542,Germany Bank #151
19560,Russia Bank #573
19593,China Bank #59
19601,Bank of Portsmouth
19705,China Bank #56
19723,China Bank #15
19729,Heath Community Bank
19740,China Bank #16
19746,First Bank of Tuscon
19777,Spain Bank #1115
19818,China Bank #64
19888,Savings Bank of Butte
19890,Hearthstone Bancorp
19907,Russia Bank #351
19914,Russia Bank #80
19925,Japan Bank #36
20226,Spruce Bank
20248,Ireland Bank #369
20486,UK Bank #34
20727,Germany Bank #164
20822,China Bank #35
20846,Spain Bank #1116
20861,France Bank #747
20898,Bank of Seattle
21142,Netherlands Bank #470
21174,Bank of the West
21258,Brownstone Trust Bank
21360,Bank of Providence
21381,China Bank #30
21387,Greece Bank #77
21550,First Bank of New Orleans
21568,UK Bank #30
21575,First Bank of the North
21611,The Pine Thrift
21615,China Bank #340
21641,Japan Bank #68
21745,Austria Bank #2
21749,Spain Bank #9
21813,First Bank of Los Angeles
21831,Germany Bank #179
21884,UK Bank #33
21918,Belgium Bank #87
21922,Italy Bank #1275
21940,First Bank of Tampa
22062,Germany Bank #851
22091,UK Bank #44
22155,UK Bank #40
22164,Spruce Cooperative Bank
22205,Bank of the West
22345,Savings Bank of Harrisburg
22422,UK Bank #41
22541,UK Bank #47
22575,UK Bank #5
22732,Brook Federal Bank
22736,Plandor Savings Bank
22758,Germany Bank #120
22775,Austria Bank #90
22806,Germany Bank #160
22828,Bank of Chicago
22957,UK Bank #43
23003,Spain Bank #112
23146,China Bank #19
23289,UK Bank #94
23331,UK Bank #62
23344,Germany Bank #99
23370,UK Bank #175
23402,Bank of Fairfield
23497,UK Bank #4
23501,UK Bank #8
23525,France Bank #100
23537,Capital Trust Bank
23538,Bank of the West
23554,France Bank #400
23555,Ireland Bank #96
23673,UK Bank #58
23691,Spain Bank #81
23700,UK Bank #307
23731,UK Bank #51
23776,UK Bank #63
23833,Arbor Federal Bank
23842,First Bank of Dallas
23885,Brownstone Bancorp
23886,UK Bank #208
24032,Desert Bancorp
24132,Savings Bank of Indianapolis
24144,France Bank #52
24161,First Bank of Chicago
24224,UK Bank #53
24424,Bank of Dallas
24482,France Bank #103
24515,Savings Bank of Fairfield
24544,China Bank #225
24550,National Bank of Springfield
24779,Canada Bank #1
24811,Germany Bank #594
24840,Croatia Bank #36
24850,Italy Bank #84
24856,Canada Bank #11
24869,Savings Bank of Seattle
24922,Canada Bank #33
24941,Canada Bank #15
24963,Germany Bank #60
25075,National Bank of Harrisburg
25113,Canada Bank #32
25170,Canada Bank #28
25202,Canada Bank #36
25309,Croatia Bank #546
25337,Austria Bank #1754
25382,France Bank #189
25534,Canada Bank #43
25536,Belgium Bank #26
25547,First Bank of Phoenix
25637,Arbor Bancorp
25665,Canada Bank #25
25749,Fieldstone Federal Bank
25768,France Bank #46
25847,Canada Bank #10
25866,Spain Bank #110
25960,Finland Bank #1277
25981,Bank of Helena
26024,Hilltop Trust Bank
26174,Canada Bank #63
26302,Canada Bank #51
26414,Canada Bank #46
26442,National Bank of Fort Wayne
26463,Germany Bank #286
26580,Lithuania Bank #122
26592,National Bank of Los Angeles
26624,France Bank #54
26698,Savings Bank of Lacrosse
26818,Germany Bank #261
26860,Spain Bank #12
27103,Germany Bank #898
27120,Canada Bank #57
27140,Germany Bank #76
27144,Canada Bank #64
27151,Canada Bank #88
27217,Germany Bank #543
27241,Germany Bank #48
27288,Belgium Bank #226
27291,Canada Bank #423
27365,Netherlands Bank #27
27402,Germany Bank #589
27444,Savings Bank of Fairfield
27535,Germany Bank #862
27564,Savings Bank of Newbury
27616,Italy Bank #243
27621,Australia Bank #20
27637,Spruce Bancorp
27684,Ireland Bank #358
27755,Australia Bank #47
27920,France Bank #1005
27954,Brownstone Community Bank
27995,Australia Bank #16
28094,Australia Bank #27
28183,Slovakia Bank #547
28222,Australia Bank #33
28237,Australia Bank #26
28248,Australia Bank #44
28255,Bank of Augusta
28317,Australia Bank #30
28416,Australia Bank #45
28531,Australia Bank #52
28603,Australia Bank #43
28611,Australia Bank #162
28627,Portugal Bank #5
28628,Australia Bank #38
28629,Italy Bank #364
28663,Australia Bank #28
28690,Australia Bank #34
28693,National Bank of Albany
28694,Desert Bancorp
28711,Germany Bank #360
28717,Germany Bank #711
28726,Netherlands Bank #195
28733,Regents Bank
28768,Australia Bank #63
28771,Savings Bank of Lacrosse
28779,Australia Bank #62
28800,National Bank of Montpelier
28827,First Bank of Tuscon
29003,The Pine Savings Bank
29056,Australia Bank #161
29064,Australia Bank #49
29069,France Bank #444
29089,Acme Thrift
29115,Australia Bank #268
29145,Australia Bank #19
29191,China Bank #374
29251,Bank of Detroit
29279,National Bank of Tuscon
29292,First Bank of Lincoln
29317,Bank of Watertown
29404,Savings Bank of Laramie
29435,France Bank #1273
29467,Japan Bank #35
29620,Australia Bank #48
29645,Australia Bank #85
29664,Australia Bank #39
29685,The Pine Credit Union
29715,China Bank #61
29770,Australia Bank #82
29788,China Bank #26
29794,Italy Bank #392
29802,First Bank of Fort Wayne
29814,Spain Bank #56
29944,China Bank #68
29992,China Bank #71
30039,Australia Bank #248
30075,Australia Bank #401
30150,Australia Bank #125
30380,China Bank #75
30416,China Bank #52
30465,China Bank #119
30474,China Bank #162
30637,Australia Bank #445
30697,France Bank #47
30775,Bank of Augusta
30850,Italy Bank #1481
30851,Bank of Arkadelphia
30974,First Bank of Hartford
31000,First Bank of Fairfield
31001,Bank of Billings
31008,Bank of Lacrosse
31011,Brownstone Federal Bank
31012,Acme Federal Bank
31014,Bank of Pittsburgh
31017,National Bank of Butte
31018,Italy Bank #4344
31019,Bank of Hartford
31021,Savings Bank of Portland
31023,National Bank of Madison
31024,Sunrise Community Bank
31030,National Bank of Newbury
31031,Bank of Boston
31032,France Bank #216
31034,Portugal Bank #236
31035,Germany Bank #3894
31036,Italy Bank #2966
31037,Italy Bank #218
31043,First Bank of Indianapolis
31045,Baltech Bank
31047,Desert Savings Bank
31050,Acme Community Bank
31054,National Bank of Denver
31056,Savings Bank of Philadelphia
31057,Hearthstone Trust Bank
31058,Bank of Watertown
31059,Bank of Fairfield
31060,Desert Bank
31061,Savings Bank of Philadelphia
31062,Savings Bank of New York
31064,France Bank #4123
31065,Spain Bank #224
31067,Germany Bank #231
31069,Greece Bank #801
31070,Slovakia Bank #221
31073,Netherlands Bank #3977
31074,France Bank #232
31075,Germany Bank #4675
31076,Belgium Bank #4337
31077,National Bank of Houston
31078,First Bank of Newbury
31079,First Bank of Newport
31080,The Pine Thrift
31082,First Bank of the East
31083,Savings Bank of Providence
31084,National Bank of New York
31085,Bank of Hartford
31086,Germany Bank #225
31088,Willows Cooperative Bank
31091,Oasis Thrift
31092,Savings Bank of Albany
31093,National Bank of Lacrosse
31094,Heath Thrift
31096,Bank of Denver
31097,Bank of Portsmouth
31098,First Bank of Chicago
31101,Savings Bank of Cleveland
31102,First Bank of Watertown
31103,Bank of Detroit
31104,Regents Bank
31107,Savings Bank of Montpelier
31108,Savings Bank of Danbury
31111,France Bank #4511
31113,Spain Bank #455
31114,Future Bancorp
31116,Bank of Milford
31118,First Bank of Phoenix
31119,Arbor Federal Bank
31120,National Bank of Springfield
31121,Hilltop Bank
31122,Savings Bank of Lincoln
31123,Savings Bank of Watertown
31124,Bank of Indianapolis
31125,Bank of Chicago
31126,Spruce Bancorp
31127,First Bank of Madison
31128,Oasis Community Bank
31129,Desert Trust Bank
31130,Capital Cooperative Bank
31131,Acme Bancorp
31132,Heath Credit Union
31136,Italy Bank #4299
31137,Italy Bank #4989
31138,France Bank #4510
31139,Bank of Tuscon
31140,Bank of Fairfield
31141,First Bank of Lincoln
31144,Netherlands Bank #1414
31145,Italy Bank #4124
31148,Brook Federal Bank
31149,France Bank #202
31152,Sea Cooperative Bank
31153,Sappo Thrift
31154,National Bank of Newbury
31155,Bank of the East
31157,First Bank of Milford
31158,Savings Bank of Springfield
31159,Dawn Credit Union
31161,National Bank of Topeka
31162,Savings Bank of Madison
31166,Bank of Laramie
31167,Desert Community Bank
31169,Bank of Tampa
31171,First Bank of Boston
31173,Savings Bank of Huron
31176,City National Bancorp
31177,First Bank of Portsmouth
31188,Willows Bank
31192,National Bank of Miami
31193,Fieldstone Community Bank
31194,First Bank of Seattle
31195,Belgium Bank #227
31199,Savings Bank of Philadelphia
31200,First Bank of New York
31205,Bank of Seattle
31208,National Bank of Albany
31209,National Bank of Columbus
31212,Sea Bank
31216,Bank of Plattsburg
31218,Sea Credit Union
31220,Fieldstone Bank
31221,Bank of the West
31223,National Bank of Laramie
31224,Bank of Newport
31226,Spruce Thrift
31227,Fieldstone Bank
31231,Italy Bank #240
31232,Italy Bank #3896
31233,Spain Bank #228
31234,First Bank of Houston
31235,Mountain Bank
31238,Spain Bank #238
31239,Greece Bank #230
31240,Finland Bank #4338
31243,Bank of Topeka
31245,First Bank of Dallas
31247,Fieldstone Federal Bank
31248,Future Thrift
31249,National Bank of Helena
31251,Oasis Bancorp
31253,Savings Bank of Laramie
31254,Regents Savings Bank
31256,Bank of Phoenix
31258,Bank of Newbury
31260,First Bank of Butte
31261,Savings Bank of Madison
31263,City National Bank
31265,First Bank of Houston
31266,National Bank of New York
31268,Savings Bank of Seattle
31269,Bank of the East
31270,National Bank of New Orleans
31271,First Bank of Seattle
31272,Acme Credit Union
31274,National Bank of Portland
31276,Savings Bank of Montpelier
31277,First Bank of the South
31278,National Bank of Los Angeles
31279,First Bank of Augusta
31281,Flagstone Credit Union
31283,First Bank of Columbus
31284,National Bank of Laramie
31286,First Bank of Laramie
31287,Brook Bank
31291,Bank of Newbury
31293,Italy Bank #4287
31295,China Bank #73
31298,China Bank #0
31300,China Bank #435
31301,China Bank #42
31303,China Bank #97
31305,China Bank #95
31306,Spain Bank #237
31307,Regents Bancorp
31311,China Bank #884
31312,China Bank #80
31314,China Bank #960
31316,China Bank #74
31319,China Bank #79
31321,China Bank #1022
31323,China Bank #885
31325,Italy Bank #3895
31326,Savings Bank of Tampa
31327,Bank of Bridgeport
31328,National Bank of Seattle
31330,Spain Bank #3597
31333,Germany Bank #275
31335,Netherlands Bank #247
31336,Italy Bank #268
31338,Portugal Bank #259
31340,Spain Bank #4118
31343,Spain Bank #4350
31344,Germany Bank #245
31347,Germany Bank #312
31348,Germany Bank #246
31351,France Bank #260
31352,Spain Bank #349
31355,Oak Bank
31359,Bank of Omaha
31360,Brownstone Federal Bank
31361,First Bank of Billings
31362,National Bank of Portsmouth
31363,First Bank of Miami
31364,First Bank of Chicago
31365,First Bank of Cleveland
31369,Netherlands Bank #3912
31370,France Bank #248
31371,National Bank of Butte
31373,National Bank of Dallas
31375,Flagstone Bank
31376,Spruce Thrift
31377,Fieldstone Federal Bank
31378,Arbor Cooperative Bank
31379,First Bank of Portsmouth
31380,The Pine Community Bank
31381,Arbor Bancorp
31383,Baltech Credit Union
31384,Willows Savings Bank
31385,Bank of Cleveland
31388,Brownstone Savings Bank
31389,Bank of Omaha
31390,Dawn Thrift
31393,Brownstone Thrift
31394,Sea Thrift
31396,Acme Federal Bank
31397,Savings Bank of Columbus
31398,Bank of Butte
31400,First Bank of Laramie
31402,Baltech Savings Bank
31403,National Bank of Watertown
31404,Capital Community Bank
31405,Bank of the South
31407,First Bank of Portland
31408,Hearthstone Bancorp
31410,Hilltop Trust Bank
31411,Savings Bank of Laramie
31415,Bank of Seattle
31416,Savings Bank of the South
31417,Oasis Savings Bank
31421,Savings Bank of New York
31422,Bank of Tuscon
31423,Bank of Detroit
31424,Germany Bank #4676
31425,Sunrise Credit Union
31427,City National Thrift
31428,Hearthstone Cooperative Bank
31429,Fieldstone Federal Bank
31430,National Bank of Portland
31431,Bank of Hartford
31433,Savings Bank of Watertown
31436,National Bank of Montpelier
31438,Savings Bank of Newport
31440,Savings Bank of Boston
31441,Brownstone Thrift
31443,Savings Bank of Watertown
31445,National Bank of Helena
31446,Golden Bank
31447,Finland Bank #300
31449,Italy Bank #249
31453,Ireland Bank #5050
31457,Bank of Lincoln
31458,First Bank of Lincoln
31459,Bank of Danbury
31460,Bank of Phoenix
31461,Savings Bank of Butte
31466,National Bank of Fairfield
31467,Italy Bank #961
31473,Savings Bank of Harrisburg
31474,Bank of Providence
31475,Bank of Denver
31476,Bank of Butte
31479,Bank of Pittsburgh
31484,Future Thrift
31485,National Bank of Philadelphia
31487,The Pine Trust Bank
31488,First Bank of Lacrosse
31489,Savings Bank of Arkadelphia
31490,Plandor Bancorp
31491,First Bank of Augusta
31492,France Bank #254
31493,Germany Bank #5051
31495,Italy Bank #4040
31496,Greece Bank #318
31500,Germany Bank #1209
31504,Sea Thrift
31507,Acme Federal Bank
31509,First Bank of Chicago
31512,Sunrise Cooperative Bank
31513,France Bank #3925
31515,Germany Bank #255
31516,Germany Bank #315
31521,Greece Bank #4677
31523,Germany Bank #4678
31526,Heath Savings Bank
31528,Bank of Butte
31529,Acme Credit Union
31531,National Bank of Helena
31532,Fieldstone Community Bank
31534,Willows Cooperative Bank
31535,Bank of Providence
31536,Acme Bank
31537,City National Savings Bank
31538,National Bank of Fairfield
31540,Dawn Community Bank
31542,First Bank of the East
31543,Bank of Columbus
31545,Savings Bank of Portland
31546,Willows Federal Bank
31548,Sea Credit Union
31549,Hearthstone Credit Union
31550,National Bank of Hartford
31551,Bank of Sacramento
31553,Spruce Federal Bank
31554,National Bank of Topeka
31555,Sunrise Savings Bank
31557,Brownstone Thrift
31559,Savings Bank of Denver
31563,Regents Cooperative Bank
31566,National Bank of Dallas
31568,Greece Bank #1687
31569,France Bank #376
31575,France Bank #263
31576,Germany Bank #276
31577,National Bank of the North
31578,First Bank of New Orleans
31579,France Bank #3194
31587,Savings Bank of Sacramento
31589,National Bank of Huron
31592,Brook Credit Union
31593,Regents Cooperative Bank
31594,Savings Bank of Laramie
31596,Dawn Community Bank
31597,Bank of Cleveland
31598,National Bank of Dallas
31599,Sappo Trust Bank
31600,Flagstone Credit Union
31604,National Bank of Tuscon
31606,National Bank of Watertown
31607,Bank of Tampa
31608,Bank of Dallas
31610,Spruce Community Bank
31611,Golden Federal Bank
31615,Italy Bank #331
31617,National Bank of Miami
31620,Germany Bank #4512
31622,Belgium Bank #270
31623,Italy Bank #405
31624,Desert Credit Union
31630,Germany Bank #4429
31634,France Bank #3935
31638,Germany Bank #779
31641,Italy Bank #264
31642,Spain Bank #277
31646,Italy Bank #611
31648,Portugal Bank #3899
31650,Spain Bank #3932
31653,Savings Bank of Topeka
31654,Italy Bank #15
31655,Germany Bank #493
31657,Germany Bank #3772
31658,Ireland Bank #299
31660,France Bank #291
31661,Italy Bank #1770
31663,Germany Bank #283
31664,Germany Bank #339
31665,Spain Bank #265
31667,France Bank #266
31669,Italy Bank #485
31670,Belgium Bank #448
31671,Belgium Bank #269
31672,France Bank #319
31673,France Bank #581
31676,Italy Bank #316
31679,Netherlands Bank #313
31680,Bank of Seattle
31683,France Bank #271
31685,Spain Bank #350
31686,Austria Bank #3092
31687,Spain Bank #4800
31689,Germany Bank #4062
31691,Germany Bank #3913
31703,Greece Bank #1646
31704,France Bank #4566
31706,Italy Bank #3163
31707,Germany Bank #4138
31710,Italy Bank #307
31720,Germany Bank #323
31722,Fieldstone Community Bank
31723,Bank of Albany
31724,Italy Bank #453
31726,Spain Bank #3902
31727,France Bank #4598
31728,Spain Bank #296
31729,Netherlands Bank #633
31731,Germany Bank #4148
31734,Spain Bank #278
31735,Belgium Bank #401
31740,France Bank #408
31741,Italy Bank #5164
31742,Belgium Bank #295
31743,Germany Bank #5059
31745,Germany Bank #3946
31746,Italy Bank #280
31748,Spain Bank #433
31750,Spain Bank #281
31752,Belgium Bank #314
31753,Germany Bank #5336
31754,Italy Bank #4681
31755,Italy Bank #4548
31756,Portugal Bank #284
31757,France Bank #1777
31758,France Bank #287
31759,Portugal Bank #3274
31760,Germany Bank #285
31762,Brook Savings Bank
31764,Spain Bank #288
31765,China Bank #966
31766,Belgium Bank #333
31769,First Bank of the East
31770,Plateau Credit Union
31772,Fieldstone Savings Bank
31773,Netherlands Bank #294
31775,Germany Bank #3980
31777,France Bank #292
31779,Savings Bank of Watertown
31782,Sunrise Federal Bank
31786,National Bank of Chicago
31788,Plandor Community Bank
31793,First Bank of Tuscon
31794,First Bank of Fort Wayne
31798,First Bank of Lincoln
31799,Netherlands Bank #131
31801,First Bank of New York
31802,First Bank of the East
31804,Brook Cooperative Bank
31805,Bank of Tuscon
31807,Golden Thrift
31808,Savings Bank of Philadelphia
31809,Belgium Bank #708
31811,Hearthstone Savings Bank
31812,National Bank of Fairfield
31813,Savings Bank of Butte
31816,Bank of Newbury
31817,Sea Savings Bank
31819,National Bank of Harrisburg
31820,Italy Bank #441
31822,First Bank of Fort Wayne
31824,Regents Credit Union
31825,Savings Bank of Tuscon
31826,National Bank of Indianapolis
31828,Savings Bank of Huron
31833,Bank of Providence
31836,Capital Savings Bank
31839,Germany Bank #335
31840,Germany Bank #2617
31842,Germany Bank #374
31843,France Bank #303
31844,Spain Bank #301
31845,Italy Bank #22
31847,Latvia Bank #337
31857,National Bank of Chicago
31859,National Bank of Tuscon
31860,Future Bancorp
31867,Bank of Lacrosse
31868,Mountain Credit Union
31869,Mountain Community Bank
31870,Brook Bancorp
31871,First Bank of Seattle
31873,Bank of Danbury
31874,Hearthstone Bancorp
31875,Arbor Federal Bank
31877,Oak Bank
31880,Belgium Bank #306
31882,France Bank #1938
31883,Spain Bank #549
31885,Italy Bank #621
31887,Slovenia Bank #4343
31888,Spain Bank #434
31889,Netherlands Bank #3714
31890,France Bank #3904
31891,France Bank #383
31893,Finland Bank #308
31894,National Bank of Miami
31895,First Bank of the South
31898,Savings Bank of Huron
31899,Flagstone Credit Union
31900,Plandor Community Bank
31903,Brownstone Savings Bank
31906,First Bank of Helena
31907,Bank of Lacrosse
31908,First Bank of Miami
31914,Plateau Bancorp
31915,First Bank of Topeka
31916,Sea Community Bank
31917,Savings Bank of Milford
31921,First Bank of Harrisburg
31922,City National Savings Bank
31923,First Bank of Denver
31924,Plateau Savings Bank
31926,First Bank of Seattle
31927,First Bank of Huron
31929,National Bank of Billings
31930,First Bank of Albany
31931,Savings Bank of Albany
31932,Savings Bank of New Orleans
31934,Regents Savings Bank
31935,First Bank of Boston
31936,Dawn Savings Bank
31937,Bank of Harrisburg
31938,Bank of Miami
31939,Bank of Albany
31941,Italy Bank #3115
31942,Netherlands Bank #310
31943,France Bank #311
31944,Germany Bank #378
31950,First Bank of Detroit
31951,Austria Bank #362
31952,Germany Bank #5617
31953,Portugal Bank #430
31954,Italy Bank #352
31955,Hearthstone Community Bank
31956,First Bank of Arkadelphia
31958,Flagstone Cooperative Bank
31960,Lithuania Bank #615
31961,Spain Bank #2058
31962,Germany Bank #4658
31964,First Bank of Butte
31966,Spain Bank #2256
31972,Germany Bank #4025
31973,Netherlands Bank #4354
31977,France Bank #4513
31979,Italy Bank #4230
31980,Savings Bank of New York
31983,France Bank #904
31985,National Bank of Sacramento
31986,First Bank of Denver
31987,First Bank of Harrisburg
31988,Golden Trust Bank
31990,Sunrise Trust Bank
31991,France Bank #435
31995,Bank of Billings
31997,Spain Bank #4213
31998,Ireland Bank #320
31999,Germany Bank #332
32001,Lithuania Bank #419
32003,France Bank #544
32006,Cyprus Bank #786
32007,Spain Bank #380
32008,Germany Bank #860
32009,Germany Bank #4242
32010,Italy Bank #396
32012,Bank of the West
32013,Savings Bank of Omaha
32014,National Bank of the East
32015,Plandor Thrift
32017,Hilltop Cooperative Bank
32021,Finland Bank #346
32022,First Bank of Tampa
32023,France Bank #4688
32024,Germany Bank #1221
32026,National Bank of Portsmouth
32027,Mountain Bancorp
32031,Acme Bank
32032,National Bank of Houston
32035,First Bank of Augusta
32038,Bank of Arkadelphia
32040,Dawn Bancorp
32041,Baltech Bancorp
32043,Oasis Thrift
32044,Germany Bank #326
32045,Flagstone Trust Bank
32049,Bank of New Orleans
32050,Heath Credit Union
32053,Bank of the Valley
32055,National Bank of Phoenix
32056,Savings Bank of the Valley
32058,First Bank of Detroit
32059,France Bank #1540
32063,Spain Bank #3477
32065,National Bank of Pittsburgh
32070,Spruce Trust Bank
32071,Acme Credit Union
32073,Dawn Bancorp
32074,National Bank of the North
32078,Golden Federal Bank
32079,First Bank of Butte
32082,Willows Bancorp
32084,Bank of Huron
32087,The Pine Bank
32088,Brownstone Cooperative Bank
32090,Bank of Columbus
32094,Bank of Newport
32095,City National Bank
32097,Plandor Federal Bank
32098,The Pine Bank
32100,Savings Bank of Los Angeles
32101,Mountain Bancorp
32103,Bank of Cleveland
32105,Regents Bancorp
32107,National Bank of Miami
32109,First Bank of Miami
32112,First Bank of Lacrosse
32116,First Bank of Los Angeles
32117,National Bank of Arkadelphia
32118,National Bank of the Valley
32120,Savings Bank of Tampa
32121,National Bank of the West
32122,Brownstone Thrift
32124,Savings Bank of Watertown
32125,Austria Bank #327
32127,Savings Bank of Milford
32128,Sunrise Trust Bank
32130,Savings Bank of Danbury
32131,Savings Bank of Fort Wayne
32132,Bank of Springfield
32134,National Bank of Houston
32136,Fieldstone Cooperative Bank
32137,Desert Thrift
32138,Bank of Augusta
32139,The Pine Credit Union
32140,Sappo Thrift
32145,First Bank of Newbury
32146,National Bank of Miami
32148,Spain Bank #359
32150,Belgium Bank #488
32152,Bank of Indianapolis
32153,First Bank of the East
32154,Bank of Danbury
32157,Germany Bank #4698
32158,Spain Bank #329
32160,France Bank #2641
32164,Greece Bank #340
32166,France Bank #4689
32169,Germany Bank #4137
32170,Italy Bank #338
32173,Belgium Bank #3707
32175,Spain Bank #1095
32176,Ireland Bank #4361
32177,Germany Bank #596
32178,Italy Bank #443
32179,First Bank of Butte
32180,Belgium Bank #357
32182,Italy Bank #342
32183,Spain Bank #1561
32185,Spain Bank #385
32187,Germany Bank #3903
32189,France Bank #343
32191,First Bank of Cleveland
32195,Oak Savings Bank
32196,Savings Bank of Denver
32197,Oasis Bancorp
32198,Croatia Bank #4288
32199,National Bank of Fairfield
32201,France Bank #354
32202,Germany Bank #390
32204,Savings Bank of Newbury
32206,First Bank of Lacrosse
32210,Hearthstone Savings Bank
32213,Savings Bank of Watertown
32214,First Bank of Seattle
32216,Baltech Cooperative Bank
32219,National Bank of Houston
32221,First Bank of Columbus
32223,Hearthstone Cooperative Bank
32224,Bank of Springfield
32229,First Bank of Newbury
32231,Arbor Trust Bank
32233,National Bank of Newbury
32235,Bank of Billings
32239,First Bank of the West
32240,Sappo Bank
32241,Hearthstone Thrift
32242,Savings Bank of Fairfield
32245,National Bank of Lacrosse
32246,Bank of Newbury
32249,Sappo Trust Bank
32251,Spain Bank #347
32253,National Bank of Indianapolis
32254,Savings Bank of Portland
32256,First Bank of Newport
32258,First Bank of Indianapolis
32259,Savings Bank of Portsmouth
32260,Savings Bank of Omaha
32261,Bank of New York
32263,Savings Bank of Denver
32264,First Bank of the North
32266,Fieldstone Cooperative Bank
32268,Plateau Bank
32269,Sappo Federal Bank
32272,Future Credit Union
32273,National Bank of Sacramento
32275,First Bank of Hartford
32276,Bank of Providence
32277,Golden Bank
32278,Golden Savings Bank
32280,Bank of Seattle
32281,Bank of Portland
32282,First Bank of Houston
32285,Bank of Lincoln
32286,Bank of the North
32287,Arbor Community Bank
32291,Brook Credit Union
32293,First Bank of Butte
32294,First Bank of Lincoln
32297,First Bank of Helena
32298,Savings Bank of Springfield
32300,City National Bank
32301,National Bank of Tuscon
32304,First Bank of Fort Wayne
32305,First Bank of Detroit
32308,Savings Bank of Plattsburg
32309,Oak Cooperative Bank
32311,Bank of Bridgeport
32312,Bank of Butte
32314,First Bank of Chicago
32315,First Bank of Fort Wayne
32316,First Bank of Philadelphia
32317,France Bank #348
32320,Austria Bank #534
32321,Greece Bank #1579
32323,France Bank #693
32325,First Bank of New Orleans
32326,Savings Bank of Miami
32330,Future Bancorp
32333,First Bank of Plattsburg
32334,France Bank #5615
32336,Spain Bank #5557
32338,Netherlands Bank #356
32342,Brook Credit Union
32344,Germany Bank #3950
32345,France Bank #3897
32349,Italy Bank #353
32351,Spain Bank #367
32354,Germany Bank #3190
32356,Spain Bank #5864
32358,Slovakia Bank #4130
32359,France Bank #469
32367,France Bank #387
32369,France Bank #620
32370,France Bank #618
32371,Ireland Bank #4136
32372,Spain Bank #426
32374,First Bank of Newbury
32375,Hilltop Credit Union
32376,Sappo Thrift
32378,Latvia Bank #3164
32380,City National Bank
32384,First Bank of the East
32385,Willows Trust Bank
32388,Germany Bank #361
32389,Savings Bank of Madison
32390,Capital Federal Bank
32391,Savings Bank of Providence
32392,Bank of Tuscon
32393,Mountain Thrift
32395,Baltech Thrift
32400,National Bank of Los Angeles
32401,France Bank #3763
32402,First Bank of New Orleans
32403,First Bank of Indianapolis
32404,Mountain Thrift
32405,Italy Bank #2133
32406,Spruce Community Bank
32407,Desert Trust Bank
32408,Brownstone Community Bank
32409,Regents Credit Union
32410,Bank of Milford
32411,First Bank of Tuscon
32412,National Bank of Augusta
32413,National Bank of Pittsburgh
32414,Bank of the West
32415,Bank of the South
32416,Savings Bank of Dallas
32417,National Bank of Danbury
32418,Bank of Boston
32421,Baltech Trust Bank
32426,First Bank of Harrisburg
32428,Bank of New Orleans
32430,Germany Bank #3937
32432,China Bank #77
32435,China Bank #844
32436,China Bank #81
32438,China Bank #82
32439,China Bank #170
32440,China Bank #78
32441,Germany Bank #399
32443,Fieldstone Federal Bank
32444,Arbor Federal Bank
32449,Bank of Billings
32450,Acme Cooperative Bank
32454,Bank of Madison
32456,Plandor Savings Bank
32458,Germany Bank #4035
32460,Italy Bank #365
32462,France Bank #410
32463,Belgium Bank #531
32464,Bank of Cleveland
32471,Germany Bank #4167
32475,Germany Bank #395
32476,Italy Bank #370
32478,Belgium Bank #4133
32480,Germany Bank #5005
32481,Belgium Bank #640
32483,Spain Bank #539
32484,Portugal Bank #3600
32486,Savings Bank of Newport
32487,Regents Federal Bank
32488,Oak Cooperative Bank
32489,Heath Cooperative Bank
32491,Italy Bank #375
32493,Future Cooperative Bank
32494,Bank of Miami
32495,National Bank of the South
32497,Dawn Trust Bank
32501,Brook Bank
32502,Desert Bancorp
32503,Bank of Danbury
32504,National Bank of Tampa
32508,National Bank of Laramie
32509,Savings Bank of Fort Wayne
32511,Savings Bank of New York
32514,First Bank of Miami
32516,First Bank of Philadelphia
32517,Austria Bank #379
32520,First Bank of Harrisburg
32521,Bank of the East
32522,First Bank of Tampa
32523,Regents Bank
32524,Bank of Dallas
32525,Sea Savings Bank
32526,City National Bank
32527,Savings Bank of Columbus
32529,First Bank of Helena
32530,First Bank of Lacrosse
32531,National Bank of the North
32536,Spain Bank #5165
32537,France Bank #415
32538,Italy Bank #4515
32539,Germany Bank #4514
32540,Germany Bank #4440
32543,Italy Bank #564
32544,France Bank #4927
32546,France Bank #381
32548,France Bank #4943
32550,Germany Bank #4742
32553,Spain Bank #382
32555,Portugal Bank #604
32556,France Bank #4070
32559,Savings Bank of Albany
32561,Bank of Philadelphia
32564,Mexico Bank #13
32565,Bank of Hartford
32567,National Bank of Fairfield
32568,National Bank of Arkadelphia
32570,National Bank of Dallas
32572,Netherlands Bank #5252
32573,Greece Bank #3
32575,Italy Bank #5216
32578,National Bank of Huron
32579,The Pine Community Bank
32580,Savings Bank of Los Angeles
32581,Bank of Laramie
32582,First Bank of Omaha
32584,Baltech Savings Bank
32585,Savings Bank of Milford
32588,National Bank of Newport
32589,National Bank of Springfield
32590,National Bank of Watertown
32592,Savings Bank of the South
32594,Arbor Bancorp
32595,France Bank #5576
32597,Bank of Butte
32598,City National Credit Union
32599,Savings Bank of Portland
32601,Regents Bank
32604,Spruce Cooperative Bank
32606,Brownstone Trust Bank
32607,Brook Thrift
32609,Savings Bank of Madison
32610,First Bank of Columbus
32611,National Bank of Albany
32612,First Bank of Houston
32613,First Bank of Huron
32616,Slovakia Bank #3113
32618,France Bank #4679
32620,National Bank of Indianapolis
32621,First Bank of Providence
32622,Savings Bank of Phoenix
32623,Oak Cooperative Bank
32625,Regents Bancorp
32626,National Bank of Albany
32627,First Bank of the West
32628,National Bank of Lacrosse
32629,First Bank of Detroit
32631,Belgium Bank #1605
32632,Oasis Trust Bank
32633,Bank of Houston
32637,National Bank of Lincoln
32641,First Bank of Lincoln
32643,Savings Bank of the West
32644,First Bank of Hartford
32645,Bank of Plattsburg
32646,First Bank of the East
32651,National Bank of Danbury
32656,Bank of Newport
32657,Bank of the South
32659,National Bank of Hartford
32667,First Bank of Columbus
32668,First Bank of Dallas
32671,National Bank of Columbus
32672,Savings Bank of Fort Wayne
32673,National Bank of Lacrosse
32675,Desert Bancorp
32677,Desert Bancorp
32678,First Bank of Bridgeport
32679,National Bank of Seattle
32680,First Bank of Milford
32681,Plandor Savings Bank
32682,Sappo Thrift
32686,First Bank of Huron
32688,Croatia Bank #1025
32691,France Bank #5402
32693,Bank of Miami
32694,Germany Bank #1169
32696,Savings Bank of the South
32698,Hearthstone Thrift
32701,Arbor Cooperative Bank
32702,Oasis Cooperative Bank
32703,Bank of Tuscon
32707,First Bank of Pittsburgh
32708,Arbor Credit Union
32710,Bank of Arkadelphia
32711,Bank of Seattle
32712,Bank of Houston
32713,Bank of the North
32714,The Pine Savings Bank
32716,Brook Credit Union
32721,Bank of Newbury
32722,Savings Bank of Laramie
32723,First Bank of Huron
32724,First Bank of Fort Wayne
32725,First Bank of Harrisburg
32726,Bank of Chicago
32727,First Bank of Springfield
32729,National Bank of Dallas
32731,City National Credit Union
32733,National Bank of Tampa
32734,The Pine Savings Bank
32738,Desert Credit Union
32739,Germany Bank #384
32740,Netherlands Bank #4143
32741,Italy Bank #397
32742,Germany Bank #4815
32745,France Bank #386
32749,Germany Bank #4125
32753,Slovakia Bank #4128
32757,Italy Bank #511
32759,Spain Bank #3112
32760,France Bank #4131
32762,Germany Bank #3905
32763,Flagstone Trust Bank
32765,National Bank of Harrisburg
32766,National Bank of the Valley
32768,Savings Bank of Augusta
32769,National Bank of Harrisburg
32770,National Bank of Columbus
32772,National Bank of Helena
32778,First Bank of Tuscon
32779,First Bank of Bridgeport
32781,Bank of Montpelier
32782,First Bank of Tuscon
32783,Spain Bank #428
32784,First Bank of Newport
32787,Bank of Chicago
32789,National Bank of Huron
32790,Italy Bank #451
32791,Austria Bank #4863
32792,France Bank #3191
32796,France Bank #398
32800,Germany Bank #393
32801,Italy Bank #394
32803,Belgium Bank #568
32804,France Bank #3598
32807,Germany Bank #404
32810,Italy Bank #3060
32811,Slovenia Bank #436
32812,Netherlands Bank #4519
32813,Austria Bank #957
32814,Sunrise Federal Bank
32815,First Bank of Chicago
32816,Bank of Plattsburg
32817,Savings Bank of Chicago
32819,Germany Bank #1525
32826,Regents Trust Bank
32828,Brook Savings Bank
32829,Germany Bank #416
32830,Germany Bank #4127
32834,Italy Bank #4286
32835,Italy Bank #4140
32837,Austria Bank #4516
32838,Spain Bank #4939
32840,Belgium Bank #403
32842,Spain Bank #4682
32843,Spain Bank #421
32845,France Bank #431
32846,Spain Bank #4342
32848,Italy Bank #798
32849,Italy Bank #402
32850,Spain Bank #3907
32851,Germany Bank #3788
32852,Germany Bank #407
32853,Oak Trust Bank
32855,Savings Bank of Lacrosse
32856,Netherlands Bank #4684
32857,France Bank #1077
32860,Savings Bank of Omaha
32861,National Bank of Springfield
32865,Bank of Danbury
32866,Willows Credit Union
32868,Bank of the West
32869,Bank of Newport
32870,Sunrise Federal Bank
32875,Italy Bank #412
32876,Baltech Cooperative Bank
32878,Oak Federal Bank
32879,National Bank of Portland
32881,Sea Federal Bank
32885,Savings Bank of Boston
32886,National Bank of Newbury
32888,Bank of Dallas
32889,National Bank of Portland
32890,National Bank of Fort Wayne
32891,Bank of the North
32893,Savings Bank of Albany
32896,Savings Bank of Cleveland
32897,Bank of the East
32898,Savings Bank of Lincoln
32899,Savings Bank of Fairfield
32900,Bank of New Orleans
32903,Germany Bank #830
32904,France Bank #5176
32908,Italy Bank #4144
32910,Germany Bank #482
32911,Germany Bank #4268
32914,Italy Bank #413
32915,Italy Bank #4134
32916,Portugal Bank #910
32917,First Bank of Tuscon
32919,First Bank of Omaha
32921,Brownstone Savings Bank
32922,Hilltop Savings Bank
32923,Regents Savings Bank
32924,Savings Bank of Billings
32925,Savings Bank of Laramie
32926,National Bank of Lincoln
32927,Sunrise Bank
32931,Acme Federal Bank
32934,Arbor Bancorp
32935,Mountain Federal Bank
32942,National Bank of Huron
32943,National Bank of Chicago
32945,Belgium Bank #882
32946,France Bank #414
32949,Italy Bank #2100
32950,France Bank #3459
32951,Slovenia Bank #4730
32952,France Bank #4071
32953,Greece Bank #763
32956,Slovakia Bank #420
32957,France Bank #418
32961,First Bank of Helena
32962,Savings Bank of Portland
32963,Bank of Billings
32964,Germany Bank #518
32965,National Bank of Butte
32967,Bank of Detroit
32968,Plandor Trust Bank
32972,Bank of Sacramento
32975,Hearthstone Federal Bank
32977,National Bank of New Orleans
32978,Bank of Los Angeles
32979,Arbor Bancorp
32981,National Bank of Houston
32982,First Bank of Chicago
32983,Willows Trust Bank
32985,Savings Bank of Springfield
32987,Greece Bank #4059
32989,Austria Bank #465
32990,Italy Bank #3622
32991,Italy Bank #571
32993,France Bank #422
32996,France Bank #423
32997,National Bank of Miami
33001,First Bank of the North
33002,Bank of Huron
33004,City National Bank
33005,Heath Community Bank
33009,Bank of Pittsburgh
33010,The Pine Thrift
33012,First Bank of Laramie
33014,First Bank of Tampa
33017,City National Savings Bank
33018,Bank of Huron
33022,First Bank of Billings
33026,Bank of Billings
33028,First Bank of Denver
33029,National Bank of Helena
33030,National Bank of Cleveland
33032,First Bank of Pittsburgh
33033,Plandor Federal Bank
33035,Bank of Tampa
33036,Plateau Thrift
33038,Mountain Cooperative Bank
33039,Hearthstone Thrift
33040,Savings Bank of New Orleans
33042,Bank of Providence
33043,Heath Community Bank
33045,First Bank of Cleveland
33046,Spain Bank #4941
33047,Bank of Portland
33048,Bank of Arkadelphia
33051,National Bank of Fort Wayne
33056,Hearthstone Trust Bank
33057,National Bank of Portsmouth
33058,Savings Bank of Billings
33061,Brownstone Bank
33068,First Bank of Lincoln
33073,Savings Bank of Huron
33075,Bank of Dallas
33077,Mountain Savings Bank
33079,The Pine Federal Bank
33081,Germany Bank #1924
33082,Italy Bank #427
33084,Germany Bank #5259
33086,Italy Bank #855
33088,Croatia Bank #4126
33090,National Bank of Topeka
33091,First Bank of New York
33092,National Bank of Philadelphia
33094,Flagstone Community Bank
33096,Heath Federal Bank
33098,First Bank of New Orleans
33099,Bank of Madison
33100,Bank of Tuscon
33101,Golden Trust Bank
33102,First Bank of the West
33104,City National Thrift
33106,Brownstone Cooperative Bank
33107,Bank of Pittsburgh
33108,First Bank of Houston
33110,Spain Bank #429
33111,Germany Bank #463
33114,Germany Bank #486
33120,Germany Bank #4184
33121,Germany Bank #432
33124,France Bank #5267
33127,Savings Bank of Pittsburgh
33128,Savings Bank of Milford
33133,Savings Bank of Houston
33136,National Bank of Tampa
33138,Bank of Detroit
33140,Savings Bank of Providence
33143,Bank of Los Angeles
33144,Capital Savings Bank
33147,Savings Bank of Newbury
33148,Bank of Madison
33149,Bank of Milford
33151,Bank of Montpelier
33152,Oak Community Bank
33153,Bank of Newport
33156,Capital Bank
33158,Plandor Trust Bank
33160,Savings Bank of the West
33162,Capital Cooperative Bank
33163,First Bank of Lacrosse
33164,Savings Bank of Tuscon
33167,First Bank of Seattle
33168,National Bank of Harrisburg
33169,Germany Bank #3695
33170,Spain Bank #532
33172,Germany Bank #468
33174,France Bank #606
33175,Germany Bank #467
33177,Savings Bank of Philadelphia
33178,Bank of Newport
33183,Flagstone Credit Union
33184,First Bank of Billings
33186,Bank of Albany
33188,Bank of Indianapolis
33189,Heath Bank
33190,National Bank of Laramie
33191,Savings Bank of the West
33193,Dawn Federal Bank
33195,Netherlands Bank #440
33198,First Bank of Chicago
33200,Italy Bank #2381
33201,Germany Bank #497
33202,Spain Bank #4865
33209,Savings Bank of Columbus
33210,France Bank #4166
33211,First Bank of Tuscon
33213,Baltech Savings Bank
33214,National Bank of Newport
33218,National Bank of Danbury
33221,First Bank of Billings
33222,Sunrise Savings Bank
33223,Bank of Chicago
33226,Bank of Albany
33229,Sappo Trust Bank
33231,First Bank of Augusta
33232,Savings Bank of Portsmouth
33235,Regents Federal Bank
33239,Desert Thrift
33242,Savings Bank of Boston
33244,Future Federal Bank
33245,France Bank #1550
33249,First Bank of Lincoln
33250,National Bank of Detroit
33256,Willows Credit Union
33260,Hilltop Bancorp
33261,Bank of Philadelphia
33262,First Bank of Tuscon
33264,Bank of Portland
33266,Spruce Savings Bank
33268,Germany Bank #576
33270,Germany Bank #4680
33271,First Bank of Plattsburg
33272,Spain Bank #3921
33275,Germany Bank #4139
33276,Portugal Bank #3242
33280,Savings Bank of Springfield
33281,National Bank of Portland
33285,Oasis Bancorp
33286,National Bank of New York
33287,Brownstone Community Bank
33288,City National Trust Bank
33291,Bank of Newbury
33295,Savings Bank of Arkadelphia
33296,Spruce Federal Bank
33299,Spain Bank #5166
33301,Italy Bank #489
33302,Oasis Credit Union
33303,Germany Bank #4196
33304,Bank of New York
33306,France Bank #648
33308,First Bank of Lincoln
33310,Savings Bank of Helena
33311,First Bank of Augusta
33312,First Bank of Portsmouth
33314,First Bank of Tampa
33315,Savings Bank of Madison
33318,National Bank of Denver
33319,First Bank of Tuscon
33320,Savings Bank of New Orleans
33322,Dawn Thrift
33323,Belgium Bank #3766
33325,France Bank #617
33327,Italy Bank #4129
33328,Slovenia Bank #5353
33331,France Bank #4346
33335,First Bank of Sacramento
33338,Savings Bank of the East
33340,Bank of Augusta
33341,First Bank of Fort Wayne
33342,Willows Savings Bank
33343,Italy Bank #446
33344,Bank of New York
33347,Germany Bank #4080
33350,Bank of Dallas
33351,Bank of Bridgeport
33353,Bank of Topeka
33355,Bank of Indianapolis
33361,Dawn Trust Bank
33362,Regents Community Bank
33363,Future Community Bank
33364,National Bank of Phoenix
33366,Lithuania Bank #447
33369,Dawn Credit Union
33371,Savings Bank of Butte
33373,First Bank of Newport
33375,Savings Bank of Springfield
33377,Bank of Portland
33378,National Bank of Tuscon
33379,National Bank of Omaha
33385,National Bank of the West
33387,Sea Credit Union
33388,Spain Bank #1851
33389,First Bank of Columbus
33392,Savings Bank of Springfield
33396,Germany Bank #457
33397,France Bank #626
33398,Netherlands Bank #4197
33399,Germany Bank #4542
33400,Fieldstone Community Bank
33401,Spain Bank #3865
33405,National Bank of Madison
33407,Bank of Indianapolis
33408,Spain Bank #522
33413,France Bank #483
33415,Bank of Bridgeport
33417,Future Trust Bank
33418,Sunrise Credit Union
33420,Hilltop Savings Bank
33422,Willows Savings Bank
33423,Brownstone Credit Union
33425,First Bank of Providence
33426,Sappo Thrift
33429,First Bank of Chicago
33430,Plateau Community Bank
33433,Future Bank
33434,First Bank of Fort Wayne
33435,Bank of Houston
33439,Bank of Tampa
33441,Spain Bank #597
33444,First Bank of New York
33446,Italy Bank #472
33448,France Bank #610
33450,Germany Bank #4132
33451,Italy Bank #870
33452,Croatia Bank #456
33454,Sappo Community Bank
33456,Savings Bank of Boston
33457,Bank of Portsmouth
33460,First Bank of Harrisburg
33461,Flagstone Credit Union
33463,Germany Bank #3947
33464,France Bank #921
33465,Germany Bank #458
33466,Italy Bank #868
33471,National Bank of Harrisburg
33477,Future Thrift
33479,Savings Bank of Philadelphia
33486,Bank of Bridgeport
33491,Netherlands Bank #5191
33495,France Bank #4183
33497,Savings Bank of Madison
33499,First Bank of Boston
33500,Bank of Indianapolis
33501,National Bank of Dallas
33502,Sappo Bancorp
33506,Spain Bank #4341
33507,Italy Bank #521
33510,Desert Trust Bank
33513,Spain Bank #462
33518,Germany Bank #3275
33519,Netherlands Bank #3911
33521,France Bank #496
33522,Germany Bank #893
33523,France Bank #464
33528,Italy Bank #471
33530,France Bank #545
33532,Germany Bank #510
33534,Belgium Bank #474
33535,Netherlands Bank #699
33537,Austria Bank #760
33538,Italy Bank #3798
33539,Germany Bank #475
33540,Germany Bank #3086
33541,Ireland Bank #491
33542,France Bank #476
33543,Germany Bank #4946
33547,Portugal Bank #478
33548,Germany Bank #502
33552,Finland Bank #480
33553,Germany Bank #565
33554,France Bank #820
33555,Spain Bank #5328
33556,Austria Bank #4015
33557,Germany Bank #4378
33558,France Bank #3732
33560,Bank of the South
33561,Savings Bank of Topeka
33562,France Bank #4740
33563,Italy Bank #481
33564,Savings Bank of Milford
33567,France Bank #3960
33570,France Bank #3588
33571,Germany Bank #2756
33572,Belgium Bank #484
33574,Spain Bank #567
33575,Finland Bank #1449
33581,Slovenia Bank #515
33583,Italy Bank #555
33585,Netherlands Bank #561
33586,Italy Bank #4521
33587,Spain Bank #504
33588,Finland Bank #4518
33590,France Bank #3910
33591,Netherlands Bank #1033
33594,France Bank #722
33597,Belgium Bank #492
33600,Spain Bank #1297
33608,Bank of Phoenix
33609,National Bank of Plattsburg
33610,Heath Federal Bank
33611,First Bank of Augusta
33613,Savings Bank of Omaha
33615,Bank of Newport
33616,First Bank of Springfield
33617,Bank of Arkadelphia
33619,Savings Bank of Providence
33621,Sunrise Cooperative Bank
33622,Portugal Bank #689
33623,Germany Bank #1361
33624,Germany Bank #558
33627,Germany Bank #2680
33628,Germany Bank #4812
33629,Austria Bank #822
33631,France Bank #4543
33634,China Bank #83
33635,Russia Bank #645
33637,Netherlands Bank #4555
33638,Arbor Cooperative Bank
33639,Bank of Chicago
33640,Desert Bank
33641,Spruce Cooperative Bank
33644,Regents Bancorp
33647,Savings Bank of Phoenix
33652,Italy Bank #5477
33654,Germany Bank #104
33655,Germany Bank #1159
33657,Sea Savings Bank
33660,Netherlands Bank #5733
33662,France Bank #4965
33663,Germany Bank #712
33664,China Bank #84
33665,France Bank #1098
33666,France Bank #494
33668,Italy Bank #706
33671,Croatia Bank #602
33672,Italy Bank #5731
33675,France Bank #1129
33678,Italy Bank #4852
33679,Italy Bank #4135
33681,China Bank #103
33684,Italy Bank #790
33685,Netherlands Bank #4517
33687,Germany Bank #3906
33688,Spain Bank #766
33690,France Bank #4529
33692,Germany Bank #5096
33693,Germany Bank #764
33696,Italy Bank #557
33701,Austria Bank #664
33702,France Bank #5168
33703,Germany Bank #498
33704,Germany Bank #3929
33706,Germany Bank #569
33707,Ireland Bank #513
33708,Bank of Pittsburgh
33709,Savings Bank of the West
33710,Savings Bank of Newbury
33712,Future Bancorp
33713,Bank of Indianapolis
33715,Fieldstone Community Bank
33716,Bank of Hartford
33719,Savings Bank of Pittsburgh
33720,Plateau Cooperative Bank
33721,First Bank of Springfield
33722,First Bank of Portsmouth
33723,Bank of Albany
33724,Bank of Huron
33725,National Bank of Fairfield
33726,National Bank of Butte
33727,National Bank of Columbus
33728,Savings Bank of Laramie
33730,Capital Bancorp
33732,City National Thrift
33733,Golden Bank
33739,Acme Trust Bank
33741,First Bank of the South
33745,Golden Cooperative Bank
33750,Mexico Bank #24
33751,Heath Thrift
33752,Savings Bank of Hartford
33753,The Pine Federal Bank
33755,Bank of Madison
33757,Acme Savings Bank
33758,Oak Bancorp
33759,Mexico Bank #31
33760,Germany Bank #3915
33761,Arbor Credit Union
33763,Bank of Seattle
33765,Croatia Bank #503
33766,France Bank #505
33767,France Bank #506
33769,Germany Bank #4685
33770,National Bank of the North
33771,Dawn Bank
33772,National Bank of Fort Wayne
33773,National Bank of Lacrosse
33774,Sunrise Community Bank
33775,Oasis Bancorp
33776,First Bank of Indianapolis
33777,Savings Bank of Portsmouth
33780,First Bank of Bridgeport
33781,Bank of Newbury
33782,National Bank of Bridgeport
33783,National Bank of the West
33784,Bank of Omaha
33785,Sappo Community Bank
33786,Future Thrift
33788,Future Trust Bank
33789,First Bank of Indianapolis
33793,Savings Bank of Chicago
33795,National Bank of Danbury
33800,Bank of Omaha
33801,Plandor Thrift
33803,First Bank of Houston
33806,First Bank of Tampa
33808,National Bank of the South
33809,First Bank of Portsmouth
33810,National Bank of Fort Wayne
33811,First Bank of Albany
33812,Hilltop Cooperative Bank
33814,Savings Bank of Laramie
33816,Austria Bank #3319
33818,Germany Bank #643
33821,First Bank of Denver
33822,Oasis Federal Bank
33824,Germany Bank #593
33826,France Bank #541
33828,Italy Bank #5102
33831,Germany Bank #866
33832,Belgium Bank #508
33833,Austria Bank #529
33836,France Bank #509
33839,France Bank #649
33840,Greece Bank #554
33841,Spain Bank #5254
33842,Spain Bank #514
33846,Estonia Bank #5229
33847,Spain Bank #516
33848,Italy Bank #4155
33851,France Bank #1823
33852,Italy Bank #3918
33853,Bank of Helena
33855,National Bank of Billings
33856,Flagstone Savings Bank
33858,First Bank of Plattsburg
33860,Oak Savings Bank
33861,National Bank of Plattsburg
33864,Germany Bank #705
33865,Lithuania Bank #517
33869,Germany Bank #1150
33871,Bank of the North
33872,Germany Bank #662
33873,Greece Bank #519
33874,National Bank of New Orleans
33875,Capital Credit Union
33877,Germany Bank #739
33878,Portugal Bank #533
33880,France Bank #651
33883,Germany Bank #3982
33884,Mexico Bank #141
33887,Savings Bank of Indianapolis
33888,Mountain Credit Union
33889,First Bank of the East
33890,First Bank of Augusta
33892,Bank of Springfield
33893,National Bank of Denver
33894,Bank of Bridgeport
33895,National Bank of Watertown
33896,National Bank of Lacrosse
33898,Bank of Seattle
33899,Savings Bank of Pittsburgh
33903,Fieldstone Credit Union
33904,National Bank of New Orleans
33908,Dawn Thrift
33912,Croatia Bank #4422
33913,France Bank #4940
33914,Spain Bank #872
33917,Germany Bank #4233
33918,First Bank of Hartford
33920,First Bank of Philadelphia
33923,Brownstone Trust Bank
33927,First Bank of Madison
33928,Bank of Springfield
33929,Regents Credit Union
33930,Savings Bank of Tuscon
33931,Savings Bank of Fairfield
33932,Spruce Bancorp
33933,Savings Bank of Houston
33934,National Bank of Columbus
33935,Dawn Bank
33937,Bank of Billings
33938,Fieldstone Trust Bank
33939,First Bank of Augusta
33940,Golden Credit Union
33941,Baltech Bank
33943,First Bank of Plattsburg
33944,Savings Bank of Denver
33945,National Bank of Butte
33946,First Bank of the East
33947,Arbor Thrift
33948,Plandor Trust Bank
33949,Dawn Credit Union
33952,Bank of Huron
33953,Dawn Thrift
33955,National Bank of Montpelier
33956,Sea Credit Union
33957,First Bank of Omaha
33958,Mountain Thrift
33959,Savings Bank of Fort Wayne
33961,Oak Community Bank
33962,Bank of Seattle
33963,Bank of Milford
33968,First Bank of Los Angeles
33970,Sappo Savings Bank
33973,Bank of Billings
33974,Bank of Laramie
33976,Spain Bank #4340
33978,Netherlands Bank #4833
33979,Germany Bank #4898
33980,Italy Bank #5253
33981,City National Community Bank
33982,First Bank of Butte
33984,Plateau Savings Bank
33985,First Bank of Tampa
33987,Regents Community Bank
33991,The Pine Credit Union
33993,First Bank of Butte
33996,City National Savings Bank
33997,National Bank of Pittsburgh
33998,First Bank of the Valley
34002,National Bank of Montpelier
34006,Bank of Topeka
34007,Bank of Montpelier
34012,Plandor Thrift
34017,Desert Savings Bank
34018,France Bank #524
34020,Italy Bank #525
34021,Italy Bank #566
34023,Germany Bank #4419
34026,France Bank #762
34027,France Bank #5255
34030,Savings Bank of Watertown
34032,First Bank of Lacrosse
34034,First Bank of Houston
34035,Savings Bank of Phoenix
34036,Arbor Federal Bank
34038,Desert Credit Union
34039,National Bank of Danbury
34040,Oak Federal Bank
34042,National Bank of Houston
34043,Mountain Bancorp
34046,National Bank of Lacrosse
34050,First Bank of the West
34051,Savings Bank of Plattsburg
34053,Dawn Federal Bank
34054,First Bank of Phoenix
34055,Capital Credit Union
34057,Italy Bank #528
34059,Germany Bank #608
34060,Netherlands Bank #4000
34061,Spain Bank #660
34062,Portugal Bank #526
34066,Bank of Detroit
34067,Savings Bank of New York
34069,First Bank of Omaha
34071,Sappo Savings Bank
34072,Savings Bank of Portsmouth
34074,Bank of Sacramento
34076,Bank of Lacrosse
34077,Fieldstone Bank
34079,Golden Cooperative Bank
34081,National Bank of Omaha
34082,The Pine Thrift
34084,Savings Bank of New York
34088,Mountain Federal Bank
34089,Hearthstone Bank
34092,National Bank of Augusta
34093,First Bank of Lincoln
34095,National Bank of Madison
34097,Bank of Danbury
34098,Regents Federal Bank
34101,Bank of Detroit
34102,First Bank of Lincoln
34103,National Bank of Los Angeles
34104,Savings Bank of New Orleans
34108,National Bank of Phoenix
34109,Bank of Watertown
34110,National Bank of Helena
34111,Savings Bank of Philadelphia
34114,France Bank #89
34115,Greece Bank #4396
34117,Bank of Lacrosse
34118,Savings Bank of Laramie
34121,France Bank #609
34122,Spain Bank #4355
34125,Italy Bank #551
34126,Germany Bank #530
34127,Spain Bank #4386
34128,Germany Bank #4717
34129,Germany Bank #4550
34130,Netherlands Bank #3958
34134,Ireland Bank #4755
34135,France Bank #4673
34137,Acme Credit Union
34140,Sunrise Community Bank
34141,National Bank of Detroit
34142,Bank of Cleveland
34143,Savings Bank of New Orleans
34144,Germany Bank #628
34146,France Bank #629
34147,Slovakia Bank #5167
34148,Germany Bank #3994
34152,Lithuania Bank #538
34153,Spain Bank #637
34155,First Bank of Providence
34156,Bank of Tuscon
34158,Savings Bank of Boston
34161,Germany Bank #574
34163,Germany Bank #1666
34165,Italy Bank #759
34168,First Bank of Chicago
34169,Bank of Tampa
34171,Savings Bank of the South
34172,Savings Bank of Tampa
34174,Oasis Credit Union
34176,National Bank of Houston
34177,Golden Credit Union
34180,First Bank of Springfield
34181,Savings Bank of Laramie
34183,Savings Bank of Detroit
34185,Bank of Helena
34186,Dawn Thrift
34187,Austria Bank #540
34188,Germany Bank #4810
34189,First Bank of Fort Wayne
34190,National Bank of Butte
34192,First Bank of Portsmouth
34193,Desert Cooperative Bank
34196,Bank of Portsmouth
34197,Dawn Credit Union
34198,National Bank of Tuscon
34199,Savings Bank of Tampa
34200,Savings Bank of Milford
34203,Oak Bank
34204,Bank of Topeka
34205,National Bank of Lincoln
34206,Brook Trust Bank
34209,First Bank of Detroit
34211,Italy Bank #556
34212,Portugal Bank #614
34215,Mexico Bank #14
34218,Germany Bank #542
34221,Bank of Portsmouth
34223,National Bank of Miami
34224,Bank of Houston
34226,National Bank of Albany
34228,Germany Bank #4157
34232,France Bank #2999
34235,Italy Bank #978
34236,France Bank #4803
34239,France Bank #4693
34240,Spain Bank #1255
34241,France Bank #765
34244,Cyprus Bank #622
34246,Italy Bank #4972
34249,Germany Bank #548
34254,Germany Bank #559
34256,France Bank #5482
34258,Golden Community Bank
34259,Bank of Newbury
34260,Greece Bank #4290
34261,Germany Bank #550
34262,France Bank #645
34263,Italy Bank #5329
34264,Austria Bank #601
34265,Italy Bank #2313
34266,Slovakia Bank #1474
34270,Italy Bank #4409
34271,Italy Bank #552
34272,Italy Bank #560
34274,Spain Bank #631
34275,Spain Bank #607
34277,Spain Bank #1371
34280,Italy Bank #4889
34282,National Bank of Indianapolis
34284,National Bank of Danbury
34286,First Bank of Cleveland
34287,Bank of the West
34288,Bank of Milford
34289,Baltech Community Bank
34290,Arbor Savings Bank
34291,First Bank of Danbury
34292,First Bank of Philadelphia
34294,Savings Bank of the South
34297,National Bank of Chicago
34302,Baltech Savings Bank
34310,National Bank of Boston
34311,Savings Bank of Columbus
34312,National Bank of Danbury
34313,Arbor Bank
34314,First Bank of Sacramento
34320,Bank of Lincoln
34321,Savings Bank of Topeka
34322,First Bank of the North
34324,First Bank of Tampa
34325,National Bank of Lacrosse
34326,Savings Bank of Philadelphia
34327,Sea Savings Bank
34329,Sunrise Bank
34331,Desert Savings Bank
34332,National Bank of Chicago
34334,National Bank of Providence
34336,National Bank of Madison
34338,City National Thrift
34341,First Bank of Philadelphia
34342,First Bank of Arkadelphia
34343,National Bank of Butte
34344,National Bank of Portland
34348,Brook Bancorp
34349,National Bank of the West
34351,Fieldstone Community Bank
34353,First Bank of Springfield
34354,Savings Bank of Newport
34355,Savings Bank of Omaha
34357,Oak Credit Union
34360,Germany Bank #3875
34361,National Bank of Portsmouth
34364,Capital Trust Bank
34365,Desert Cooperative Bank
34366,National Bank of Fort Wayne
34368,Bank of Danbury
34369,Acme Cooperative Bank
34371,First Bank of the Valley
34372,First Bank of Hartford
34373,First Bank of Topeka
34374,Savings Bank of Plattsburg
34377,Savings Bank of Newbury
34378,Germany Bank #3992
34382,Savings Bank of Helena
34383,Germany Bank #5049
34384,Belgium Bank #667
34385,Sea Savings Bank
34386,Savings Bank of Bridgeport
34389,Arbor Savings Bank
34390,Desert Trust Bank
34394,Mountain Cooperative Bank
34397,Bank of Newport
34399,Regents Bancorp
34402,Brook Trust Bank
34405,National Bank of New York
34407,Sea Trust Bank
34408,Bank of Helena
34412,Austria Bank #3951
34415,Baltech Credit Union
34417,First Bank of Denver
34418,First Bank of Boston
34424,First Bank of Portsmouth
34425,Arbor Credit Union
34428,National Bank of Augusta
34430,National Bank of Denver
34432,Baltech Bancorp
34433,National Bank of Fairfield
34434,Savings Bank of Seattle
34436,Slovenia Bank #562
34438,Bank of Milford
34439,City National Bancorp
34442,First Bank of Billings
34443,Flagstone Cooperative Bank
34444,Savings Bank of Seattle
34445,Savings Bank of Madison
34446,Plateau Bank
34447,Mountain Community Bank
34448,First Bank of Phoenix
34451,National Bank of Los Angeles
34452,Heath Trust Bank
34453,National Bank of the South
34454,First Bank of Billings
34455,First Bank of Tuscon
34459,First Bank of Tuscon
34461,Spain Bank #5258
34462,Dawn Community Bank
34463,First Bank of Chicago
34464,Sappo Cooperative Bank
34465,Plandor Credit Union
34466,Bank of Fort Wayne
34468,National Bank of Newbury
34471,Baltech Federal Bank
34473,Savings Bank of Denver
34475,National Bank of Montpelier
34477,Savings Bank of Albany
34481,Savings Bank of Augusta
34483,First Bank of Denver
34484,First Bank of Houston
34485,Flagstone Federal Bank
34486,National Bank of Seattle
34489,Germany Bank #686
34492,Savings Bank of the South
34493,Desert Bancorp
34496,France Bank #4949
34497,Ireland Bank #3193
34498,National Bank of New Orleans
34501,Spain Bank #3957
34502,Arbor Cooperative Bank
34503,Savings Bank of Danbury
34504,Bank of Hartford
34505,National Bank of Montpelier
34506,Mexico Bank #45
34508,Savings Bank of Chicago
34509,Savings Bank of Newport
34511,Spain Bank #3276
34512,Greece Bank #3116
34514,Germany Bank #907
34515,First Bank of Lacrosse
34517,Savings Bank of Seattle
34518,Plandor Credit Union
34519,Mountain Trust Bank
34521,National Bank of Milford
34523,Mexico Bank #72
34530,China Bank #92
34531,China Bank #87
34533,Capital Credit Union
34536,Bank of Seattle
34537,Savings Bank of Cleveland
34541,National Bank of Laramie
34542,National Bank of Detroit
34544,National Bank of Tampa
34545,First Bank of Miami
34546,Hilltop Community Bank
34549,National Bank of Danbury
34550,Austria Bank #598
34551,Italy Bank #4942
34552,First Bank of Topeka
34555,Hearthstone Thrift
34559,Sunrise Credit Union
34561,Germany Bank #4745
34563,Baltech Thrift
34565,National Bank of Butte
34566,Baltech Credit Union
34567,National Bank of Augusta
34568,Savings Bank of Billings
34575,Greece Bank #805
34579,Germany Bank #696
34583,France Bank #25
34584,Germany Bank #4149
34586,Italy Bank #634
34591,Germany Bank #752
34593,National Bank of Indianapolis
34594,Spruce Cooperative Bank
34595,Bank of the Valley
34598,Germany Bank #4175
34600,Italy Bank #573
34603,Germany Bank #687
34604,Mexico Bank #44
34605,Spain Bank #572
34609,Spain Bank #5598
34610,Netherlands Bank #818
34612,Germany Bank #905
34616,Germany Bank #644
34617,Germany Bank #663
34618,First Bank of Topeka
34619,National Bank of Hartford
34622,Savings Bank of Billings
34623,Finland Bank #5331
34625,Italy Bank #983
34626,Netherlands Bank #1504
34627,Germany Bank #3401
34629,France Bank #575
34630,France Bank #3939
34634,Spain Bank #580
34635,Austria Bank #5172
34637,Spain Bank #5271
34638,Italy Bank #578
34639,France Bank #579
34646,First Bank of Chicago
34648,National Bank of Boston
34652,Sappo Savings Bank
34653,Austria Bank #5012
34654,Germany Bank #3914
34655,Italy Bank #653
34656,Croatia Bank #5570
34658,Bank of Detroit
34659,First Bank of Seattle
34660,Bank of the West
34661,Savings Bank of Columbus
34663,Regents Cooperative Bank
34664,Bank of Huron
34666,Capital Federal Bank
34668,Flagstone Federal Bank
34670,Spain Bank #1358
34673,Savings Bank of Laramie
34675,Sea Credit Union
34677,Capital Bancorp
34678,First Bank of Topeka
34682,Spain Bank #4176
34685,Germany Bank #78
34686,Italy Bank #808
34688,France Bank #4141
34689,Germany Bank #784
34690,Italy Bank #655
34691,Germany Bank #913
34692,Mexico Bank #346
34693,National Bank of Newbury
34694,National Bank of Philadelphia
34696,Germany Bank #585
34697,France Bank #582
34699,Spain Bank #586
34702,France Bank #5028
34703,France Bank #591
34704,Bank of Boston
34705,First Bank of Tampa
34706,Sea Bank
34707,Italy Bank #592
34708,Italy Bank #5480
34711,Spain Bank #4687
34713,Bank of Sacramento
34714,Spruce Savings Bank
34715,Spain Bank #2545
34717,First Bank of Newbury
34719,Acme Thrift
34721,National Bank of Lincoln
34722,Bank of Los Angeles
34723,Mexico Bank #100
34724,Golden Community Bank
34725,National Bank of Newport
34726,Plandor Bancorp
34729,National Bank of Tuscon
34731,Fieldstone Bancorp
34732,National Bank of Milford
34733,National Bank of New York
34735,Regents Bancorp
34736,Arbor Community Bank
34739,Bank of Philadelphia
34742,Germany Bank #603
34745,Italy Bank #595
34746,Italy Bank #912
34748,Germany Bank #753
34750,Italy Bank #3087
34751,Italy Bank #599
34752,France Bank #600
34754,Netherlands Bank #3917
34756,Spain Bank #2108
34757,France Bank #1571
34758,Germany Bank #636
34762,First Bank of Portsmouth
34766,Bank of the South
34768,Bank of Omaha
34769,National Bank of Chicago
34770,National Bank of Boston
34772,Mountain Credit Union
34774,First Bank of Portsmouth
34775,Bank of Fort Wayne
34776,Bank of Omaha
34777,Willows Credit Union
34779,First Bank of Watertown
34780,Bank of Detroit
34782,France Bank #5053
34786,Germany Bank #4520
34790,Austria Bank #692
34794,Greece Bank #5862
34795,Germany Bank #619
34796,Germany Bank #1136
34798,France Bank #605
34802,Spain Bank #647
34804,France Bank #1303
34806,Savings Bank of Miami
34807,Heath Savings Bank
34808,Bank of Lincoln
34810,Ireland Bank #624
34814,France Bank #1073
34816,Desert Savings Bank
34818,Bank of Laramie
34820,The Pine Bancorp
34821,France Bank #623
34824,Germany Bank #4694
34826,Savings Bank of Fort Wayne
34828,Savings Bank of Denver
34829,Sappo Cooperative Bank
34831,Finland Bank #4345
34832,Germany Bank #849
34834,Spain Bank #4653
34835,Italy Bank #5481
34836,Italy Bank #625
34837,Germany Bank #627
34840,Netherlands Bank #725
34841,Mexico Bank #283
34842,Italy Bank #3219
34845,Ireland Bank #1856
34846,France Bank #2032
34850,Flagstone Credit Union
34852,First Bank of Seattle
34853,Bank of Columbus
34854,Plateau Bank
34855,First Bank of Pittsburgh
34857,Savings Bank of Miami
34858,Bank of Augusta
34859,National Bank of Chicago
34860,First Bank of Chicago
34861,Plandor Savings Bank
34865,Plandor Savings Bank
34866,First Bank of Laramie
34867,Flagstone Trust Bank
34869,National Bank of Denver
34870,Hilltop Federal Bank
34871,Future Community Bank
34873,Savings Bank of Providence
34876,Mexico Bank #395
34877,The Pine Savings Bank
34878,First Bank of Portland
34879,Plateau Community Bank
34880,Hearthstone Cooperative Bank
34881,First Bank of Pittsburgh
34882,Capital Community Bank
34883,Fieldstone Credit Union
34884,Bank of Denver
34888,First Bank of Boston
34889,Bank of Tuscon
34890,Savings Bank of Billings
34891,First Bank of Columbus
34892,Netherlands Bank #1065
34893,First Bank of Fort Wayne
34895,Spain Bank #1027
34899,Latvia Bank #694
34900,Germany Bank #2965
34903,Austria Bank #867
34904,Germany Bank #794
34906,Germany Bank #4504
34910,France Bank #632
34911,City National Community Bank
34916,First Bank of Fairfield
34917,Bank of Cleveland
34918,National Bank of the West
34919,First Bank of Danbury
34920,First Bank of Hartford
34921,Spain Bank #3940
34925,France Bank #959
34927,France Bank #635
34928,Oak Credit Union
34929,National Bank of Montpelier
34932,National Bank of Madison
34933,Savings Bank of Los Angeles
34935,National Bank of Los Angeles
34938,Future Bank
34940,Plateau Bancorp
34941,Finland Bank #1365
34942,France Bank #928
34943,Netherlands Bank #1340
34949,France Bank #673
34951,Belgium Bank #810
34952,Germany Bank #1124
34953,France Bank #761
34955,Italy Bank #641
34958,Bank of Los Angeles
34959,Savings Bank of Newbury
34961,Savings Bank of the Valley
34964,Plateau Credit Union
34965,Savings Bank of Topeka
34966,First Bank of the West
34969,Bank of Newbury
34970,National Bank of Hartford
34972,National Bank of the Valley
34973,The Pine Cooperative Bank
34974,Baltech Bancorp
34975,Savings Bank of Madison
34982,Savings Bank of the Valley
34983,National Bank of Montpelier
34984,Savings Bank of New York
34989,Regents Cooperative Bank
34990,First Bank of the East
34991,Acme Cooperative Bank
34993,National Bank of Portland
34994,Savings Bank of Lacrosse
34997,First Bank of Detroit
34998,National Bank of Milford
35000,Greece Bank #4403
35002,Germany Bank #887
35003,Netherlands Bank #672
35007,Netherlands Bank #4724
35009,Italy Bank #701
35014,Spain Bank #4367
35015,Malta Bank #657
35017,Netherlands Bank #1458
35018,Malta Bank #1220
35019,Germany Bank #646
35023,Netherlands Bank #4201
35025,Greece Bank #682
35026,Germany Bank #852
35027,France Bank #716
35029,Germany Bank #737
35030,Latvia Bank #3922
35031,Spain Bank #650
35036,Future Credit Union
35037,Germany Bank #733
35038,Spain Bank #2518
35039,Germany Bank #4950
35042,Germany Bank #5187
35044,Slovakia Bank #3243
35045,Germany Bank #861
35047,Italy Bank #4182
35048,Italy Bank #5146
35049,Spain Bank #3989
35056,Italy Bank #5175
35057,France Bank #654
35060,France Bank #4283
35061,Germany Bank #3574
35062,Italy Bank #4142
35067,National Bank of Plattsburg
35068,National Bank of Milford
35071,Italy Bank #659
35072,Slovakia Bank #738
35073,Italy Bank #1246
35074,France Bank #3943
35075,Italy Bank #2627
35076,Spain Bank #1056
35078,Netherlands Bank #5330
35081,Acme Bancorp
35084,Estonia Bank #4258
35087,Netherlands Bank #661
35088,Belgium Bank #1409
35091,Germany Bank #938
35093,Germany Bank #3923
35094,France Bank #4558
35096,France Bank #4030
35098,France Bank #1072
35100,Spain Bank #5200
35101,Spain Bank #1811
35103,France Bank #668
35105,Germany Bank #684
35109,Germany Bank #4391
35110,Spain Bank #669
35111,Italy Bank #5335
35113,France Bank #4814
35116,China Bank #91
35118,China Bank #197
35119,China Bank #88
35121,France Bank #4382
35123,France Bank #3678
35126,Ireland Bank #4686
35131,Belgium Bank #4397
35133,Spain Bank #965
35135,Lithuania Bank #5093
35137,Italy Bank #4702
35138,Spain Bank #665
35139,Netherlands Bank #840
35140,Savings Bank of Providence
35141,Savings Bank of Fort Wayne
35143,First Bank of Newbury
35144,Sunrise Credit Union
35145,Mountain Trust Bank
35147,Bank of Milford
35148,First Bank of Seattle
35150,Oak Federal Bank
35151,France Bank #666
35152,Netherlands Bank #4804
35153,Italy Bank #5170
35154,Desert Federal Bank
35155,Bank of Columbus
35158,National Bank of Newport
35159,National Bank of the South
35161,Bank of Augusta
35163,Oak Bancorp
35164,Bank of Topeka
35165,Greece Bank #2377
35167,First Bank of Watertown
35168,France Bank #670
35169,France Bank #4586
35170,Croatia Bank #3990
35171,Italy Bank #4690
35172,Slovenia Bank #1638
35174,Italy Bank #695
35175,First Bank of Arkadelphia
35177,National Bank of Danbury
35178,Flagstone Community Bank
35179,France Bank #671
35182,Italy Bank #931
35183,Spain Bank #977
35184,Germany Bank #4822
35186,Ireland Bank #697
35187,Savings Bank of Springfield
35191,Netherlands Bank #676
35193,Spain Bank #675
35194,Germany Bank #732
35195,Spain Bank #1260
35198,Germany Bank #793
35199,Lithuania Bank #856
35202,Germany Bank #2252
35203,France Bank #678
35204,France Bank #3799
35207,Portugal Bank #3479
35208,Germany Bank #1442
35209,Latvia Bank #690
35211,Heath Community Bank
35215,Portugal Bank #1182
35216,Greece Bank #4563
35217,France Bank #1424
35218,Italy Bank #680
35219,Italy Bank #4169
35220,Germany Bank #4570
35221,France Bank #4353
35222,Germany Bank #3277
35223,France Bank #4153
35225,Spain Bank #681
35227,Finland Bank #4357
35229,Italy Bank #4836
35230,Spain Bank #5117
35234,Croatia Bank #5319
35240,Italy Bank #5341
35242,Italy Bank #1310
35243,Italy Bank #5970
35244,Germany Bank #4150
35246,France Bank #5188
35247,Italy Bank #691
35250,Portugal Bank #4263
35251,Germany Bank #3387
35253,Finland Bank #703
35255,Regents Bancorp
35256,Germany Bank #4910
35259,Italy Bank #688
35262,Italy Bank #4526
35264,France Bank #811
35265,France Bank #4551
35267,Italy Bank #780
35268,Portugal Bank #4193
35269,Spruce Thrift
35271,Italy Bank #3167
35272,France Bank #702
35273,France Bank #5169
35276,Ireland Bank #3924
35278,France Bank #5478
35279,Germany Bank #4614
35281,Dawn Trust Bank
35282,First Bank of Miami
35283,Bank of Columbus
35286,Bank of Laramie
35287,Savings Bank of Tampa
35290,Savings Bank of Portsmouth
35293,Savings Bank of Newport
35294,Bank of Helena
35295,Bank of Indianapolis
35296,National Bank of Columbus
35299,National Bank of Portland
35300,Willows Federal Bank
35301,Savings Bank of Augusta
35302,Desert Bancorp
35303,China Bank #49
35304,Spain Bank #698
35308,Netherlands Bank #700
35312,Spain Bank #3934
35314,Spain Bank #895
35315,Austria Bank #1860
35318,Italy Bank #4522
35320,Italy Bank #4347
35322,Germany Bank #3971
35323,China Bank #117
35324,Italy Bank #4200
35325,Spain Bank #704
35327,Germany Bank #4666
35329,China Bank #107
35330,Germany Bank #4981
35331,Greece Bank #755
35332,Germany Bank #996
35333,Germany Bank #4375
35335,Germany Bank #3931
35336,Italy Bank #1092
35337,Austria Bank #4527
35338,Spain Bank #5228
35339,Germany Bank #839
35340,France Bank #3945
35342,Italy Bank #4612
35344,France Bank #1085
35345,Lithuania Bank #707
35355,Germany Bank #4704
35357,Belgium Bank #4858
35358,France Bank #917
35359,Netherlands Bank #726
35362,Germany Bank #1460
35364,France Bank #4973
35366,France Bank #3862
35367,Belgium Bank #1060
35372,Savings Bank of Lincoln
35373,Germany Bank #4524
35379,Germany Bank #919
35380,Italy Bank #1393
35381,Spain Bank #1032
35382,Germany Bank #4590
35387,Sunrise Bancorp
35388,Bank of Denver
35389,Finland Bank #1103
35392,Fieldstone Bank
35394,National Bank of Montpelier
35397,Bank of Huron
35399,National Bank of the West
35403,Hearthstone Bancorp
35405,Baltech Trust Bank
35406,National Bank of Lacrosse
35409,Savings Bank of Bridgeport
35412,National Bank of Boston
35413,Bank of Tampa
35415,Fieldstone Bancorp
35416,Savings Bank of Columbus
35417,Savings Bank of Philadelphia
35422,Golden Federal Bank
35423,National Bank of Danbury
35429,Finland Bank #4352
35430,Netherlands Bank #3955
35431,Italy Bank #1231
35434,Spain Bank #1390
35435,Italy Bank #5373
35436,France Bank #1433
35437,France Bank #4987
35438,Belgium Bank #710
35442,Germany Bank #1194
35445,Ireland Bank #2348
35447,France Bank #906
35448,Austria Bank #963
35450,Germany Bank #713
35451,Italy Bank #5974
35452,Finland Bank #723
35454,Spain Bank #714
35455,Baltech Trust Bank
35456,National Bank of Dallas
35457,Savings Bank of Bridgeport
35458,Willows Community Bank
35460,France Bank #4348
35461,Greece Bank #754
35462,Germany Bank #3579
35463,Austria Bank #5198
35464,Germany Bank #2450
35466,France Bank #718
35467,Spain Bank #1375
35468,Germany Bank #757
35469,Italy Bank #715
35470,Germany Bank #3938
35471,Netherlands Bank #3926
35473,China Bank #160
35474,National Bank of Helena
35476,First Bank of Detroit
35478,Portugal Bank #744
35479,Finland Bank #717
35480,Spain Bank #728
35481,Greece Bank #1515
35485,Germany Bank #1192
35487,Germany Bank #748
35491,Netherlands Bank #720
35492,Germany Bank #721
35493,Greece Bank #1046
35495,France Bank #727
35498,Spain Bank #2102
35500,Italy Bank #4021
35503,Savings Bank of the North
35504,Savings Bank of Fort Wayne
35505,Italy Bank #4362
35506,Greece Bank #724
35508,Finland Bank #1110
35511,China Bank #89
35512,China Bank #110
35514,China Bank #886
35520,France Bank #729
35522,France Bank #873
35523,Belgium Bank #1681
35524,Italy Bank #1911
35525,Italy Bank #4202
35526,Spain Bank #5263
35527,Slovenia Bank #4199
35530,Greece Bank #4172
35531,France Bank #5035
35533,Bank of Harrisburg
35536,India Bank #756
35537,France Bank #771
35538,Portugal Bank #1747
35539,Germany Bank #741
35540,Finland Bank #4713
35541,France Bank #5104
35545,Greece Bank #730
35549,France Bank #731
35550,Germany Bank #4453
35551,Slovakia Bank #4944
35552,Germany Bank #5991
35553,France Bank #854
35554,Italy Bank #980
35559,Portugal Bank #772
35563,First Bank of Harrisburg
35564,Germany Bank #845
35566,Italy Bank #5719
35567,Netherlands Bank #3252
35568,Germany Bank #5489
35569,City National Bank
35570,Ireland Bank #740
35571,Finland Bank #4007
35572,Germany Bank #1706
35574,Germany Bank #3930
35575,Netherlands Bank #1126
35576,Spain Bank #734
35579,Spain Bank #920
35580,France Bank #735
35582,Greece Bank #736
35584,Netherlands Bank #900
35585,Austria Bank #742
35589,France Bank #4707
35590,Finland Bank #3928
35591,Portugal Bank #4412
35592,France Bank #1657
35594,China Bank #815
35596,China Bank #93
35597,China Bank #143
35598,Bank of Springfield
35599,Savings Bank of Boston
35601,China Bank #98
35602,China Bank #90
35604,China Bank #12
35607,Bank of Springfield
35608,Hearthstone Community Bank
35613,Spain Bank #4192
35619,Japan Bank #72
35621,China Bank #1
35625,China Bank #50
35626,China Bank #223
35628,China Bank #943
35629,China Bank #1057
35634,China Bank #915
35636,China Bank #94
35637,China Bank #123
35641,France Bank #5678
35642,Germany Bank #3047
35644,Greece Bank #3061
35646,Germany Bank #745
35647,Spain Bank #1298
35648,France Bank #83
35652,Spain Bank #838
35655,National Bank of Dallas
35656,Germany Bank #746
35657,Spain Bank #843
35661,Croatia Bank #3141
35662,France Bank #863
35664,Italy Bank #4700
35666,Italy Bank #1872
35667,Croatia Bank #768
35670,Savings Bank of Billings
35672,Ireland Bank #1400
35675,Spain Bank #4954
35676,Spain Bank #751
35677,Ireland Bank #3814
35678,France Bank #749
35680,France Bank #897
35681,Spain Bank #750
35682,Spain Bank #4820
35684,Savings Bank of Detroit
35685,Italy Bank #1155
35686,Germany Bank #1665
35695,Italy Bank #5413
35697,Bank of Plattsburg
35698,First Bank of Danbury
35699,Savings Bank of Bridgeport
35706,First Bank of Madison
35708,National Bank of Hartford
35709,Savings Bank of Fairfield
35710,Savings Bank of Plattsburg
35712,National Bank of Seattle
35713,National Bank of Milford
35716,Savings Bank of Denver
35718,Plateau Savings Bank
35719,Hilltop Cooperative Bank
35722,National Bank of Chicago
35723,France Bank #4145
35724,Belgium Bank #1102
35726,Savings Bank of Butte
35727,Ireland Bank #5376
35728,France Bank #3697
35732,Italy Bank #783
35736,Bank of Huron
35737,First Bank of Augusta
35738,City National Bank
35739,Savings Bank of the Valley
35741,Sappo Savings Bank
35743,National Bank of Montpelier
35744,National Bank of Newbury
35747,Regents Bancorp
35750,Savings Bank of Seattle
35751,Savings Bank of Montpelier
35753,First Bank of Augusta
35754,Germany Bank #4945
35756,Bank of New York
35757,Savings Bank of the East
35758,Brook Bancorp
35760,Dawn Bancorp
35761,Golden Community Bank
35763,Bank of Los Angeles
35764,Savings Bank of Danbury
35765,Bank of Huron
35767,Savings Bank of Billings
35768,Japan Bank #699
35772,Spruce Savings Bank
35773,Savings Bank of Billings
35774,Plandor Cooperative Bank
35777,Savings Bank of Cleveland
35778,France Bank #3439
35780,Slovakia Bank #4351
35781,Italy Bank #756
35785,Bank of Springfield
35788,Savings Bank of the West
35790,First Bank of Danbury
35792,Fieldstone Cooperative Bank
35793,Bank of the West
35798,Desert Bank
35801,First Bank of Helena
35804,Bank of Portland
35805,The Pine Savings Bank
35807,Regents Community Bank
35809,Savings Bank of Denver
35810,Sappo Bank
35811,Sappo Cooperative Bank
35815,Future Savings Bank
35816,Capital Credit Union
35817,Bank of Billings
35818,Bank of Topeka
35821,Bank of Los Angeles
35822,Savings Bank of New Orleans
35826,National Bank of Omaha
35827,Dawn Bancorp
35829,First Bank of Denver
35833,Savings Bank of the Valley
35834,First Bank of Lacrosse
35835,National Bank of Indianapolis
35837,Bank of Butte
35840,National Bank of Portsmouth
35843,Bank of Newport
35845,Dawn Bank
35851,First Bank of Columbus
35852,Savings Bank of Topeka
35854,Bank of Detroit
35855,Bank of Columbus
35861,Flagstone Credit Union
35865,Desert Cooperative Bank
35866,Savings Bank of Portland
35868,National Bank of Augusta
35870,Flagstone Thrift
35871,National Bank of Omaha
35872,Netherlands Bank #1965
35873,Italy Bank #1325
35874,Portugal Bank #4728
35876,Plateau Federal Bank
35879,Sunrise Thrift
35880,Arbor Savings Bank
35881,First Bank of Indianapolis
35883,First Bank of Miami
35886,Spain Bank #4597
35887,Savings Bank of Topeka
35888,Bank of Albany
35889,Bank of Augusta
35890,Savings Bank of Cleveland
35893,Savings Bank of Philadelphia
35895,Heath Bank
35896,National Bank of Milford
35897,Bank of Laramie
35898,National Bank of Danbury
35899,Germany Bank #981
35900,Plandor Bancorp
35902,First Bank of Bridgeport
35903,National Bank of Philadelphia
35904,Desert Community Bank
35905,Heath Credit Union
35907,Bank of Omaha
35908,Desert Trust Bank
35909,National Bank of Denver
35910,National Bank of Bridgeport
35911,Oak Bancorp
35912,Germany Bank #4163
35914,China Bank #916
35915,China Bank #999
35918,Portugal Bank #1229
35920,France Bank #1238
35921,Germany Bank #1050
35923,Spain Bank #5260
35924,France Bank #4146
35925,Savings Bank of Topeka
35927,France Bank #890
35928,Germany Bank #4049
35930,Germany Bank #4799
35932,Bank of Fairfield
35933,First Bank of Lincoln
35935,Arbor Credit Union
35936,Brook Community Bank
35937,Savings Bank of Columbus
35938,France Bank #1893
35939,France Bank #3991
35941,National Bank of the Valley
35942,Germany Bank #1334
35946,Slovakia Bank #1498
35947,Germany Bank #3843
35948,France Bank #4359
35949,Germany Bank #4058
35955,The Pine Savings Bank
35956,Croatia Bank #1184
35958,Belgium Bank #1578
35960,Germany Bank #4961
35963,Italy Bank #968
35965,France Bank #823
35967,Italy Bank #1477
35968,Germany Bank #1017
35974,First Bank of Watertown
35976,Greece Bank #770
35980,France Bank #769
35981,Germany Bank #6045
35985,France Bank #888
35986,Germany Bank #940
35990,China Bank #99
35992,China Bank #102
35993,China Bank #955
35994,China Bank #985
35997,Spain Bank #3956
35998,First Bank of Boston
35999,Oak Community Bank
36005,First Bank of Phoenix
36006,France Bank #5344
36008,China Bank #112
36013,Germany Bank #1862
36015,Spain Bank #967
36016,Italy Bank #774
36017,Belgium Bank #775
36018,Portugal Bank #773
36019,Netherlands Bank #3966
36020,Italy Bank #5256
36021,Netherlands Bank #6234
36023,Italy Bank #1736
36024,Savings Bank of Tampa
36025,National Bank of Hartford
36026,Bank of Chicago
36027,Fieldstone Cooperative Bank
36028,Savings Bank of Detroit
36029,Bank of Houston
36032,National Bank of Dallas
36033,Italy Bank #4017
36034,Desert Credit Union
36035,City National Bancorp
36038,Italy Bank #778
36041,Finland Bank #4174
36043,Estonia Bank #4523
36044,Germany Bank #5019
36045,Germany Bank #1879
36046,Italy Bank #1087
36049,Italy Bank #781
36050,Germany Bank #782
36053,Germany Bank #1186
36054,Italy Bank #5834
36055,Netherlands Bank #3531
36056,National Bank of Arkadelphia
36057,Croatia Bank #4381
36059,Italy Bank #979
36062,Spain Bank #4406
36067,Cyprus Bank #785
36069,Ireland Bank #4741
36071,Germany Bank #787
36072,Italy Bank #3118
36073,Italy Bank #911
36074,Germany Bank #1284
36077,Bank of the Valley
36078,Arbor Thrift
36079,The Pine Credit Union
36081,Bank of Arkadelphia
36084,Oak Credit Union
36085,Bank of Topeka
36089,Greece Bank #5861
36090,Germany Bank #974
36091,Sappo Credit Union
36092,Bank of Springfield
36095,First Bank of Milford
36098,Bank of Milford
36099,Hilltop Community Bank
36100,Oasis Bancorp
36101,Arbor Community Bank
36102,Sappo Savings Bank
36106,Ireland Bank #792
36107,Germany Bank #962
36109,France Bank #5913
36117,Savings Bank of Miami
36118,Plateau Savings Bank
36121,The Pine Federal Bank
36122,Arbor Bank
36124,Savings Bank of New Orleans
36127,Plandor Trust Bank
36129,Savings Bank of Providence
36130,Plandor Thrift
36131,Savings Bank of Fairfield
36133,Bank of Cleveland
36134,National Bank of Arkadelphia
36135,The Pine Federal Bank
36137,Bank of Philadelphia
36142,National Bank of Fort Wayne
36143,Fieldstone Thrift
36146,Bank of Danbury
36149,Savings Bank of Danbury
36152,First Bank of Chicago
36153,First Bank of Augusta
36157,National Bank of Miami
36168,National Bank of Pittsburgh
36169,National Bank of Billings
36173,Bank of Sacramento
36175,Savings Bank of Watertown
36177,Sunrise Bank
36178,National Bank of Hartford
36179,Savings Bank of Los Angeles
36181,National Bank of Watertown
36182,Baltech Federal Bank
36183,National Bank of Albany
36186,Regents Bank
36187,Future Savings Bank
36190,Plateau Cooperative Bank
36192,Plandor Bank
36193,Bank of Indianapolis
36195,National Bank of Dallas
36196,Hearthstone Bank
36197,First Bank of Detroit
36199,First Bank of Danbury
36201,Bank of Huron
36202,Bank of Augusta
36204,First Bank of Chicago
36208,First Bank of Butte
36211,First Bank of Miami
36214,National Bank of Detroit
36217,Dawn Bancorp
36218,Bank of Bridgeport
36222,Italy Bank #1128
36227,Arbor Bancorp
36229,Savings Bank of Seattle
36230,First Bank of Dallas
36233,Savings Bank of Helena
36236,France Bank #943
36238,Portugal Bank #1094
36239,Croatia Bank #4545
36240,Spain Bank #2394
36243,Desert Thrift
36244,Ireland Bank #797
36245,Austria Bank #3245
36250,Spain Bank #4947
36251,France Bank #796
36253,Savings Bank of New Orleans
36255,Germany Bank #3122
36259,Savings Bank of Cleveland
36260,First Bank of Bridgeport
36261,National Bank of Madison
36262,Spain Bank #5965
36263,Germany Bank #5178
36265,Greece Bank #3223
36266,Germany Bank #4960
36267,Spain Bank #3438
36269,Germany Bank #4992
36271,National Bank of Helena
36272,Bank of Springfield
36274,Sappo Cooperative Bank
36275,Sunrise Savings Bank
36277,Bank of the Valley
36282,First Bank of the East
36284,Spain Bank #4843
36287,Germany Bank #1306
36291,National Bank of Seattle
36294,Bank of Miami
36297,France Bank #799
36298,Ireland Bank #800
36299,Savings Bank of Phoenix
36304,National Bank of Chicago
36306,Savings Bank of the West
36307,Savings Bank of New Orleans
36310,Desert Federal Bank
36311,Capital Community Bank
36312,Spruce Cooperative Bank
36313,National Bank of the East
36315,Savings Bank of Boston
36316,Bank of Sacramento
36318,Dawn Trust Bank
36319,Heath Community Bank
36320,First Bank of Lincoln
36321,Bank of Lincoln
36323,Bank of Portland
36326,Italy Bank #1355
36328,Germany Bank #802
36330,Italy Bank #889
36331,Germany Bank #885
36334,Greece Bank #4385
36335,Italy Bank #4366
36336,France Bank #1063
36339,Netherlands Bank #4660
36340,Greece Bank #976
36342,Germany Bank #803
36344,Italy Bank #4538
36345,Spain Bank #5274
36346,Italy Bank #816
36347,Portugal Bank #5967
36349,France Bank #5412
36350,Spain Bank #994
36353,Spain Bank #804
36354,Spain Bank #5183
36355,France Bank #1104
36358,Germany Bank #1327
36361,Austria Bank #3933
36367,National Bank of Montpelier
36368,First Bank of Madison
36378,Ireland Bank #2041
36383,Greece Bank #4103
36384,France Bank #1052
36387,France Bank #1428
36391,Germany Bank #3974
36392,Spain Bank #806
36394,Bank of Helena
36399,Germany Bank #807
36404,Austria Bank #5092
36406,Spain Bank #841
36410,Netherlands Bank #4564
36414,Italy Bank #817
36415,Germany Bank #4925
36416,Spain Bank #814
36421,Spain Bank #4414
36425,Spain Bank #874
36426,France Bank #2497
36427,Crytpo Bank #1
36429,France Bank #1782
36432,Spain Bank #812
36433,France Bank #3320
36437,Italy Bank #4014
36438,Germany Bank #3965
36440,Germany Bank #3402
36442,Greece Bank #1267
36443,France Bank #1197
36445,China Bank #512
36446,Italy Bank #4152
36447,France Bank #892
36448,Spain Bank #813
36449,Germany Bank #4948
36450,Spain Bank #1049
36451,Germany Bank #4560
36452,Spain Bank #4393
36453,France Bank #4147
36454,Portugal Bank #3976
36455,Spain Bank #815
36456,France Bank #1054
36459,France Bank #933
36462,Italy Bank #1386
36464,Germany Bank #1281
36465,France Bank #4460
36467,France Bank #1252
36468,Bank of the Valley
36470,Portugal Bank #848
36471,Netherlands Bank #2064
36472,Italy Bank #2238
36473,Spain Bank #4002
36474,Spain Bank #5064
36475,Germany Bank #2081
36478,Ireland Bank #819
36480,France Bank #4369
36482,Germany Bank #4525
36484,France Bank #3594
36485,Belgium Bank #4001
36494,Spain Bank #821
36495,France Bank #1670
36498,First Bank of the Valley
36499,Spain Bank #824
36500,Spain Bank #842
36502,Germany Bank #4238
36503,Germany Bank #5218
36504,Greece Bank #825
36511,Germany Bank #826
36512,Spain Bank #4158
36513,Germany Bank #1123
36514,Greece Bank #4811
36516,Bank of Hartford
36518,Fieldstone Savings Bank
36519,Savings Bank of Tampa
36520,National Bank of Newbury
36522,Italy Bank #108
36527,First Bank of Houston
36530,National Bank of Pittsburgh
36533,Italy Bank #4772
36534,France Bank #1247
36535,Slovakia Bank #827
36536,France Bank #115
36537,Austria Bank #4779
36538,Germany Bank #3615
36539,Germany Bank #4370
36540,Italy Bank #828
36542,Spain Bank #5677
36543,First Bank of Chicago
36546,Portugal Bank #4098
36555,Spain Bank #4316
36556,Belgium Bank #121
36557,China Bank #100
36560,China Bank #101
36561,Latvia Bank #964
36563,Savings Bank of Augusta
36564,Bank of Portland
36567,National Bank of Plattsburg
36568,Cyprus Bank #3970
36569,Italy Bank #829
36571,Germany Bank #5783
36573,Spain Bank #5171
36575,France Bank #4358
36576,Italy Bank #5479
36579,Spain Bank #831
36580,Italy Bank #4356
36583,Portugal Bank #837
36584,France Bank #835
36586,Italy Bank #836
36587,Croatia Bank #899
36588,Italy Bank #3636
36589,Spain Bank #832
36592,Germany Bank #5279
36594,Savings Bank of Houston
36595,Portugal Bank #834
36596,Italy Bank #4061
36597,Spain Bank #3348
36598,Italy Bank #3718
36601,Greece Bank #1333
36602,Italy Bank #4323
36603,France Bank #3528
36605,Germany Bank #869
36606,Lithuania Bank #4691
36608,Germany Bank #1700
36610,Germany Bank #5214
36613,Italy Bank #3954
36618,Savings Bank of the East
36620,The Pine Thrift
36622,Germany Bank #2978
36625,Germany Bank #5483
36626,Germany Bank #4695
36631,Netherlands Bank #844
36634,Fieldstone Federal Bank
36635,Austria Bank #916
36636,Italy Bank #3806
36639,France Bank #1816
36641,Germany Bank #966
36645,National Bank of Sacramento
36646,Brownstone Cooperative Bank
36651,Sappo Bank
36652,Savings Bank of the East
36655,Bank of Watertown
36657,Bank of Harrisburg
36659,Spain Bank #1113
36660,France Bank #846
36661,France Bank #847
36662,Italy Bank #2686
36663,Italy Bank #3003
36664,National Bank of Fort Wayne
36665,Sunrise Bank
36666,Bank of Seattle
36667,Savings Bank of Bridgeport
36668,First Bank of Helena
36669,First Bank of Bridgeport
36670,Bank of Fairfield
36671,Bank of Phoenix
36673,Sea Community Bank
36674,First Bank of Tuscon
36676,Bank of Columbus
36678,National Bank of Los Angeles
36679,Regents Cooperative Bank
36680,First Bank of Harrisburg
36692,Portugal Bank #1233
36693,Spain Bank #4532
36694,Germany Bank #4022
36695,Spain Bank #1145
36696,France Bank #850
36700,Cyprus Bank #853
36702,First Bank of Seattle
36705,Finland Bank #4010
36707,Austria Bank #4585
36708,Bank of Butte
36709,Brazil Bank #28
36713,Germany Bank #2598
36715,Savings Bank of Madison
36719,First Bank of the West
36720,Heath Community Bank
36721,Savings Bank of Watertown
36722,First Bank of Seattle
36725,Desert Federal Bank
36726,First Bank of Springfield
36728,Savings Bank of Lincoln
36729,National Bank of Watertown
36731,Savings Bank of Portland
36732,Acme Bank
36733,Savings Bank of Harrisburg
36734,National Bank of Augusta
36736,Bank of Boston
36737,Hearthstone Bancorp
36738,Savings Bank of Los Angeles
36739,Golden Bancorp
36741,Germany Bank #1546
36742,Future Bank
36743,First Bank of Portland
36744,First Bank of Lacrosse
36745,Oak Trust Bank
36746,First Bank of Denver
36747,First Bank of Helena
36748,National Bank of Omaha
36751,Bank of Houston
36752,Germany Bank #1356
36753,Germany Bank #5282
36758,Italy Bank #859
36759,Netherlands Bank #1403
36760,Savings Bank of Hartford
36762,Spain Bank #871
36763,Latvia Bank #4405
36764,Slovakia Bank #4260
36767,Germany Bank #4692
36768,Austria Bank #864
36769,Portugal Bank #865
36771,Netherlands Bank #5145
36773,Italy Bank #5052
36775,Belgium Bank #5003
36776,Portugal Bank #3936
36779,Italy Bank #4809
36780,Spain Bank #4151
36781,Germany Bank #1109
36782,Germany Bank #4536
36784,France Bank #1943
36786,Lithuania Bank #878
36790,First Bank of the East
36791,Bank of Tuscon
36792,Savings Bank of New York
36793,Germany Bank #6003
36794,Italy Bank #1117
36795,Italy Bank #4807
36800,Sunrise Cooperative Bank
36801,National Bank of Watertown
36802,First Bank of Lacrosse
36803,National Bank of Dallas
36805,Savings Bank of Denver
36806,Italy Bank #535
36809,Sea Savings Bank
36810,Oak Bank
36811,Oak Trust Bank
36814,Sappo Credit Union
36816,Savings Bank of Indianapolis
36817,Hilltop Bank
36819,First Bank of Cleveland
36820,Bank of Boston
36823,Arbor Credit Union
36824,First Bank of Fairfield
36825,Desert Trust Bank
36826,Bank of Hartford
36827,Bank of Watertown
36829,Hearthstone Bancorp
36830,Greece Bank #4959
36831,Germany Bank #4304
36834,Spain Bank #4360
36836,China Bank #816
36839,Austria Bank #5790
36842,Spain Bank #4398
36845,Bank of Miami
36849,Netherlands Bank #936
36850,Bank of Topeka
36852,Germany Bank #1329
36855,Spain Bank #875
36857,Germany Bank #4533
36858,Germany Bank #4829
36859,Germany Bank #876
36862,Italy Bank #883
36864,Italy Bank #939
36865,Germany Bank #3111
36866,Germany Bank #5411
36868,Portugal Bank #1649
36869,Spain Bank #1399
36870,Germany Bank #877
36871,France Bank #879
36872,Spain Bank #880
36876,Germany Bank #4427
36879,Spain Bank #881
36882,Germany Bank #1188
36883,Germany Bank #4808
36886,Italy Bank #3478
36888,Spain Bank #4205
36892,Savings Bank of Hartford
36893,Greece Bank #5074
36894,Germany Bank #891
36895,Italy Bank #1709
36896,Italy Bank #884
36898,Germany Bank #5058
36899,Belgium Bank #954
36901,China Bank #467
36902,France Bank #3203
36905,Italy Bank #5679
36906,Portugal Bank #4535
36908,Germany Bank #1166
36909,Spain Bank #4004
36911,Spain Bank #1232
36915,Bank of Madison
36920,Estonia Bank #1084
36922,Germany Bank #1776
36925,First Bank of Philadelphia
36926,Arbor Trust Bank
36928,Oasis Bancorp
36930,First Bank of Miami
36931,Desert Savings Bank
36932,Bank of Miami
36934,Fieldstone Bancorp
36935,Bank of Hartford
36937,Oasis Cooperative Bank
36939,Bank of Bridgeport
36943,National Bank of Indianapolis
36945,Germany Bank #1286
36946,Germany Bank #1451
36949,Netherlands Bank #894
36950,Italy Bank #5972
36953,France Bank #3349
36954,Belgium Bank #4541
36955,Italy Bank #4363
36957,France Bank #1418
36958,Portugal Bank #1015
36960,Malta Bank #896
36961,Germany Bank #1130
36962,France Bank #2310
36963,Italy Bank #4365
36965,City National Cooperative Bank
36968,Germany Bank #998
36969,France Bank #5619
36971,Germany Bank #4530
36973,Belgium Bank #3995
36974,Italy Bank #1572
36976,Germany Bank #3961
36979,France Bank #986
36980,Germany Bank #4217
36982,Germany Bank #2330
36983,Netherlands Bank #1781
36984,France Bank #5332
36985,Germany Bank #4603
36986,Brazil Bank #31
36987,Belgium Bank #901
36988,Germany Bank #1061
36991,Italy Bank #2198
36992,Germany Bank #2177
36993,Belgium Bank #903
36994,Germany Bank #4170
36996,Italy Bank #3575
36998,Germany Bank #4384
37001,Germany Bank #909
37004,Portugal Bank #5160
37005,France Bank #4223
37007,Germany Bank #4696
37010,Germany Bank #1338
37013,France Bank #4860
37014,France Bank #5084
37015,Spain Bank #1133
37016,Netherlands Bank #1420
37021,Italy Bank #2240
37022,Spain Bank #4979
37024,Spain Bank #4171
37026,Bank of Madison
37028,City National Cooperative Bank
37030,Savings Bank of New York
37032,Germany Bank #3742
37035,Bank of Philadelphia
37036,France Bank #914
37037,Italy Bank #915
37040,France Bank #5343
37041,France Bank #989
37042,Germany Bank #5620
37044,National Bank of Helena
37047,Willows Federal Bank
37048,First Bank of Portsmouth
37050,Savings Bank of Portsmouth
37051,Plateau Thrift
37053,Germany Bank #1907
37057,Savings Bank of Omaha
37058,Germany Bank #2258
37060,France Bank #922
37062,Finland Bank #4078
37063,Spain Bank #2936
37064,Germany Bank #1627
37067,Germany Bank #4825
37068,Greece Bank #1426
37069,France Bank #918
37070,France Bank #923
37071,France Bank #4574
37075,Italy Bank #924
37076,France Bank #927
37077,France Bank #925
37079,National Bank of the East
37080,France Bank #926
37082,Ireland Bank #4845
37084,Germany Bank #3649
37087,Italy Bank #1142
37088,France Bank #4758
37089,Spain Bank #1359
37097,Spain Bank #4195
37100,Spain Bank #5865
37101,Germany Bank #5863
37104,Netherlands Bank #929
37106,Netherlands Bank #930
37109,France Bank #3165
37111,Germany Bank #5432
37113,Spain Bank #4371
37114,France Bank #3807
37116,Netherlands Bank #4857
37117,Belgium Bank #934
37119,France Bank #935
37122,Germany Bank #953
37123,Netherlands Bank #2145
37127,Germany Bank #1480
37130,Germany Bank #950
37136,First Bank of Pittsburgh
37139,Heath Community Bank
37142,First Bank of Fairfield
37143,First Bank of Danbury
37147,Oasis Credit Union
37151,Brook Bancorp
37153,Spruce Thrift
37155,Hearthstone Bancorp
37157,Hearthstone Bank
37158,First Bank of Albany
37162,First Bank of Portland
37164,Capital Cooperative Bank
37166,Bank of Arkadelphia
37167,Savings Bank of Milford
37168,National Bank of Tampa
37169,Savings Bank of the North
37171,First Bank of Danbury
37172,National Bank of Bridgeport
37173,National Bank of Providence
37175,Savings Bank of Albany
37176,First Bank of Huron
37181,France Bank #937
37185,Italy Bank #6056
37186,Germany Bank #3856
37189,National Bank of Harrisburg
37190,Bank of Cleveland
37193,Bank of Providence
37194,First Bank of Los Angeles
37195,Sunrise Bank
37196,Bank of Bridgeport
37197,First Bank of Tampa
37198,Dawn Trust Bank
37199,First Bank of the West
37201,Germany Bank #1172
37202,Netherlands Bank #4904
37204,Lithuania Bank #4095
37206,Germany Bank #946
37208,National Bank of Boston
37209,France Bank #4089
37210,Germany Bank #5618
37211,National Bank of Madison
37212,Greece Bank #5561
37213,Spain Bank #1037
37214,Spain Bank #4786
37215,Italy Bank #941
37216,Willows Federal Bank
37218,Germany Bank #5201
37219,Italy Bank #944
37220,Belgium Bank #3942
37222,Finland Bank #4209
37227,Spain Bank #5118
37230,Spain Bank #947
37233,Bank of Springfield
37236,Spain Bank #948
37238,Bank of Tampa
37239,Bank of Denver
37240,Oak Bank
37242,Regents Bancorp
37243,Plateau Bank
37246,Italy Bank #949
37247,Bank of Arkadelphia
37248,First Bank of Harrisburg
37249,Future Cooperative Bank
37252,Savings Bank of Phoenix
37253,Bank of Lincoln
37254,Savings Bank of Arkadelphia
37255,Baltech Community Bank
37256,National Bank of Columbus
37257,Finland Bank #3631
37258,Portugal Bank #3099
37259,Spain Bank #3419
37260,France Bank #1010
37261,Germany Bank #4557
37263,Netherlands Bank #1176
37264,National Bank of Pittsburgh
37265,National Bank of Helena
37267,Baltech Federal Bank
37269,Oak Federal Bank
37271,Savings Bank of the East
37273,City National Cooperative Bank
37274,First Bank of the East
37276,Lithuania Bank #1193
37277,Netherlands Bank #1180
37279,Sappo Credit Union
37280,National Bank of Sacramento
37284,Savings Bank of Springfield
37285,Future Bancorp
37289,Belgium Bank #1144
37290,National Bank of Tuscon
37292,Spain Bank #3969
37294,National Bank of the North
37295,Flagstone Community Bank
37297,Savings Bank of Boston
37298,Mountain Thrift
37300,Italy Bank #1020
37301,Italy Bank #1583
37305,Sappo Savings Bank
37306,First Bank of the East
37308,National Bank of Seattle
37309,Capital Cooperative Bank
37311,National Bank of Butte
37314,Plateau Savings Bank
37315,Savings Bank of Seattle
37318,Netherlands Bank #6311
37319,Germany Bank #5562
37320,Spain Bank #1483
37321,France Bank #5592
37323,France Bank #3388
37324,Netherlands Bank #952
37326,The Pine Thrift
37327,Spain Bank #5062
37329,Spain Bank #3962
37330,Golden Thrift
37331,Spain Bank #1210
37332,Spain Bank #1411
37333,Bank of Detroit
37335,Bank of New Orleans
37336,Savings Bank of Madison
37338,Savings Bank of Arkadelphia
37339,First Bank of the North
37340,Heath Federal Bank
37341,Belgium Bank #4951
37346,First Bank of Philadelphia
37353,Plateau Bancorp
37355,Capital Credit Union
37357,National Bank of Springfield
37359,First Bank of Portland
37364,Italy Bank #4964
37365,Ireland Bank #4008
37366,France Bank #6218
37367,Netherlands Bank #1432
37369,Oak Federal Bank
37372,Bank of Cleveland
37376,Savings Bank of the South
37377,Savings Bank of Pittsburgh
37378,Savings Bank of Laramie
37381,Slovakia Bank #1204
37384,Spain Bank #955
37385,France Bank #2383
37386,Greece Bank #3192
37390,France Bank #997
37391,Germany Bank #4736
37393,Sappo Credit Union
37396,National Bank of Cleveland
37398,Sea Savings Bank
37399,National Bank of Cleveland
37404,First Bank of Milford
37407,Savings Bank of New York
37414,Hilltop Community Bank
37416,Savings Bank of Los Angeles
37422,First Bank of Harrisburg
37423,National Bank of Helena
37427,Plateau Federal Bank
37431,Savings Bank of Topeka
37433,Bank of Denver
37435,Savings Bank of Laramie
37436,Bank of Detroit
37437,Brook Savings Bank
37438,National Bank of Harrisburg
37440,First Bank of Milford
37441,Savings Bank of the South
37442,Savings Bank of Fort Wayne
37443,National Bank of Lincoln
37446,National Bank of Laramie
37447,Bank of Chicago
37449,Spruce Federal Bank
37452,Savings Bank of Seattle
37453,Desert Bancorp
37456,Oak Savings Bank
37457,Brownstone Cooperative Bank
37461,City National Thrift
37465,Italy Bank #4573
37467,First Bank of Los Angeles
37468,Savings Bank of Lacrosse
37469,Italy Bank #1488
37470,Germany Bank #956
37471,Lithuania Bank #1023
37472,Spain Bank #5785
37473,Italy Bank #1185
37474,Italy Bank #2790
37475,Germany Bank #960
37477,Spain Bank #4191
37478,Spain Bank #4399
37479,Italy Bank #5435
37480,Portugal Bank #958
37482,Italy Bank #5700
37485,First Bank of Helena
37488,Portugal Bank #5262
37489,Italy Bank #1898
37491,National Bank of Topeka
37493,Belgium Bank #1339
37496,Belgium Bank #5414
37498,First Bank of Helena
37500,Flagstone Cooperative Bank
37501,Italy Bank #3063
37503,Germany Bank #3959
37504,Austria Bank #1048
37506,Spain Bank #3662
37507,Germany Bank #1457
37508,Italy Bank #1932
37510,Italy Bank #125
37512,Slovakia Bank #970
37513,France Bank #1317
37514,Spain Bank #3696
37515,Savings Bank of Laramie
37516,Sunrise Bancorp
37517,National Bank of the North
37519,Arbor Savings Bank
37521,Bank of the West
37522,Plateau Bancorp
37524,Sea Cooperative Bank
37526,Oasis Thrift
37527,Hilltop Community Bank
37528,Bank of Providence
37529,National Bank of Butte
37530,Acme Bank
37531,National Bank of Lincoln
37533,Savings Bank of Sacramento
37535,First Bank of Denver
37537,National Bank of New York
37540,Sappo Bancorp
37541,National Bank of Plattsburg
37542,First Bank of Omaha
37543,Bank of Newbury
37544,Spruce Savings Bank
37546,Bank of Watertown
37547,National Bank of Lincoln
37548,Savings Bank of Fairfield
37550,Sunrise Cooperative Bank
37551,National Bank of Tampa
37554,Bank of Phoenix
37555,National Bank of Danbury
37557,National Bank of Montpelier
37558,First Bank of Miami
37560,National Bank of Newport
37561,Desert Bank
37563,Bank of Denver
37564,Bank of Hartford
37565,First Bank of Tampa
37568,Spruce Cooperative Bank
37571,Portugal Bank #1854
37576,Italy Bank #4528
37577,Italy Bank #5174
37579,Spain Bank #1167
37581,France Bank #969
37584,France Bank #4376
37589,France Bank #1253
37590,Italy Bank #4697
37591,Germany Bank #5425
37592,Spain Bank #1216
37594,Spain Bank #3244
37595,Croatia Bank #4280
37598,Germany Bank #4160
37602,Germany Bank #4372
37603,Germany Bank #4373
37609,France Bank #1026
37610,Italy Bank #1254
37611,France Bank #5193
37612,National Bank of Topeka
37613,Spain Bank #4955
37615,Italy Bank #1040
37616,Italy Bank #1070
37617,Spain Bank #3088
37618,Spain Bank #4236
37619,Germany Bank #1021
37620,Spain Bank #973
37621,Italy Bank #1436
37626,Spain Bank #975
37627,Germany Bank #5075
37628,Belgium Bank #2269
37629,Germany Bank #972
37633,France Bank #5334
37636,Spain Bank #5239
37638,France Bank #1019
37640,Austria Bank #3972
37644,France Bank #4975
37645,Italy Bank #1397
37646,Germany Bank #1774
37647,Netherlands Bank #6189
37648,France Bank #5586
37649,Slovakia Bank #1043
37650,Germany Bank #4159
37651,Spain Bank #5784
37652,Finland Bank #982
37654,Plateau Community Bank
37662,Greece Bank #2665
37663,Latvia Bank #1174
37667,Italy Bank #1370
37668,Germany Bank #1727
37672,Finland Bank #6316
37673,Spain Bank #4400
37675,Germany Bank #2410
37676,Germany Bank #1149
37678,France Bank #1146
37679,Germany Bank #999
37680,Portugal Bank #1516
37683,France Bank #5149
37685,Italy Bank #3058
37687,First Bank of the East
37690,Lithuania Bank #1223
37691,Italy Bank #1000
37693,France Bank #4731
37694,Italy Bank #985
37695,Spain Bank #987
37696,Germany Bank #988
37697,Austria Bank #5630
37698,National Bank of Fort Wayne
37699,Germany Bank #3497
37704,Italy Bank #991
37705,France Bank #3864
37706,France Bank #1282
37708,Germany Bank #4579
37709,Germany Bank #4332
37710,France Bank #1342
37711,Belgium Bank #3968
37712,Belgium Bank #1134
37713,Slovakia Bank #4086
37715,Netherlands Bank #4067
37717,Spain Bank #4161
37721,Spain Bank #2364
37722,Italy Bank #4374
37723,Netherlands Bank #2708
37724,Spain Bank #4108
37725,Spain Bank #1001
37726,Germany Bank #3949
37727,Spain Bank #1603
37728,France Bank #1075
37729,Italy Bank #3948
37731,Slovakia Bank #5067
37732,France Bank #4173
37733,Greece Bank #5333
37735,Germany Bank #993
37737,Japan Bank #761
37738,Netherlands Bank #1071
37739,Italy Bank #2459
37740,Germany Bank #5556
37741,Spain Bank #3187
37742,Austria Bank #4752
37743,Germany Bank #2989
37744,Italy Bank #4081
37745,Germany Bank #5057
37747,Austria Bank #2763
37748,Germany Bank #995
37749,Austria Bank #6257
37753,City National Credit Union
37754,First Bank of Laramie
37756,First Bank of Madison
37758,Germany Bank #3975
37760,The Pine Bank
37761,Germany Bank #4592
37763,The Pine Trust Bank
37764,Mountain Credit Union
37766,Sunrise Savings Bank
37773,First Bank of the North
37774,Baltech Thrift
37775,Capital Trust Bank
37776,National Bank of Fairfield
37777,Hilltop Savings Bank
37778,Bank of Columbus
37779,The Pine Bancorp
37780,Savings Bank of Indianapolis
37782,Willows Trust Bank
37783,Bank of Denver
37785,First Bank of Portsmouth
37786,Sappo Community Bank
37787,India Bank #535
37789,France Bank #1002
37791,France Bank #1003
37793,Spain Bank #5486
37795,Germany Bank #1465
37796,France Bank #1004
37797,Bank of Portsmouth
37798,Bank of Cleveland
37799,National Bank of Tampa
37800,First Bank of Dallas
37801,Baltech Bank
37804,City National Bank
37805,Bank of the East
37806,Plateau Community Bank
37809,Brook Bancorp
37811,Savings Bank of Chicago
37812,First Bank of Augusta
37814,Savings Bank of Newport
37815,Savings Bank of Denver
37822,National Bank of Huron
37824,Hilltop Trust Bank
37827,Savings Bank of Tampa
37829,National Bank of Chicago
37831,Sappo Trust Bank
37833,Savings Bank of the East
37834,Sea Savings Bank
37837,First Bank of the East
37838,Bank of Omaha
37840,National Bank of the Valley
37841,Bank of Providence
37843,National Bank of Springfield
37845,Sappo Savings Bank
37846,National Bank of Fort Wayne
37848,Capital Cooperative Bank
37850,Germany Bank #4813
37857,Bank of Fairfield
37858,Germany Bank #4048
37861,Germany Bank #1008
37862,Belgium Bank #1323
37864,Desert Credit Union
37865,Spain Bank #1170
37866,Germany Bank #1006
37867,Italy Bank #4377
37868,Italy Bank #3576
37870,France Bank #4314
37871,Savings Bank of Plattsburg
37875,Italy Bank #2195
37876,Netherlands Bank #4428
37877,Austria Bank #1224
37883,Spain Bank #5488
37886,Finland Bank #1312
37887,Spain Bank #1079
37889,France Bank #2444
37891,Germany Bank #4112
37893,Belgium Bank #1100
37894,Italy Bank #3638
37895,Germany Bank #4164
37897,Latvia Bank #5055
37899,Italy Bank #1242
37901,Bank of Sacramento
37903,Savings Bank of the East
37904,National Bank of Topeka
37907,Bank of the South
37908,First Bank of Madison
37909,First Bank of Newport
37912,First Bank of Chicago
37913,First Bank of Indianapolis
37914,First Bank of Providence
37915,First Bank of Montpelier
37918,National Bank of Springfield
37919,Portugal Bank #2076
37920,Slovakia Bank #1009
37921,Finland Bank #1012
37922,Spain Bank #1896
37926,Belgium Bank #4544
37927,Italy Bank #1011
37928,Lithuania Bank #1013
37931,Portugal Bank #1034
37932,Netherlands Bank #1734
37934,Croatia Bank #5173
37936,Willows Trust Bank
37938,Spain Bank #3986
37940,Spain Bank #1746
37941,Italy Bank #4897
37942,Italy Bank #1162
37948,Germany Bank #4282
37949,Germany Bank #1014
37950,Germany Bank #1506
37951,Italy Bank #1322
37952,France Bank #1634
37955,Italy Bank #1016
37956,Netherlands Bank #5683
37957,France Bank #1062
37961,France Bank #1018
37962,Germany Bank #4531
37963,France Bank #4252
37964,First Bank of Boston
37968,France Bank #1412
37969,Savings Bank of Los Angeles
37971,France Bank #4819
37973,Ireland Bank #4540
37974,Spain Bank #5141
37983,Netherlands Bank #1022
37984,National Bank of the West
37986,Germany Bank #1346
37988,France Bank #4701
37989,Slovenia Bank #4162
37991,Germany Bank #1336
37993,Spain Bank #1047
37996,Spain Bank #1592
38001,Belgium Bank #3196
38002,Italy Bank #1108
38005,Finland Bank #1353
38006,Germany Bank #4177
38007,Italy Bank #4269
38008,Italy Bank #1024
38009,France Bank #4395
38010,Germany Bank #6174
38011,France Bank #4864
38014,China Bank #104
38017,China Bank #220
38018,Savings Bank of Providence
38019,China Bank #384
38020,China Bank #115
38022,China Bank #983
38023,China Bank #989
38024,China Bank #1011
38026,China Bank #959
38028,China Bank #158
38033,China Bank #1037
38035,China Bank #909
38036,China Bank #18
38037,China Bank #1036
38039,China Bank #961
38040,China Bank #106
38041,China Bank #111
38046,China Bank #149
38051,China Bank #998
38052,China Bank #108
38054,Capital Community Bank
38055,China Bank #109
38058,China Bank #126
38060,China Bank #889
38061,China Bank #912
38062,Dawn Savings Bank
38064,China Bank #125
38065,Bank of Pittsburgh
38066,Savings Bank of the South
38068,Hearthstone Community Bank
38070,France Bank #1295
38071,Greece Bank #3089
38076,Mountain Community Bank
38079,Hilltop Federal Bank
38081,Willows Cooperative Bank
38082,Savings Bank of Sacramento
38083,Savings Bank of Chicago
38085,Future Trust Bank
38086,Flagstone Savings Bank
38090,Bank of Dallas
38092,Bank of Madison
38094,China Bank #221
38098,China Bank #113
38099,China Bank #114
38100,China Bank #7
38101,China Bank #118
38102,China Bank #506
38105,China Bank #116
38107,China Bank #298
38108,China Bank #132
38109,Savings Bank of New York
38110,First Bank of Columbus
38111,China Bank #122
38113,China Bank #124
38115,China Bank #120
38117,Savings Bank of Omaha
38120,China Bank #127
38123,China Bank #247
38124,China Bank #167
38127,China Bank #843
38129,China Bank #1118
38130,China Bank #209
38131,China Bank #888
38132,Plateau Bancorp
38133,China Bank #861
38134,China Bank #1029
38135,China Bank #282
38136,China Bank #172
38138,China Bank #196
38140,China Bank #715
38143,First Bank of Hartford
38146,China Bank #441
38147,China Bank #135
38148,China Bank #893
38149,Mountain Trust Bank
38150,Savings Bank of Helena
38153,China Bank #268
38156,China Bank #145
38157,China Bank #134
38159,China Bank #868
38160,China Bank #136
38162,China Bank #128
38164,China Bank #155
38168,China Bank #137
38169,China Bank #138
38170,China Bank #1023
38171,China Bank #131
38176,China Bank #146
38178,China Bank #1099
38179,China Bank #129
38184,China Bank #139
38185,China Bank #140
38186,China Bank #206
38188,China Bank #808
38192,China Bank #881
38193,First Bank of Bridgeport
38194,Mountain Bank
38195,National Bank of Detroit
38197,Fieldstone Savings Bank
38199,First Bank of Sacramento
38200,Savings Bank of Phoenix
38202,Sea Credit Union
38205,National Bank of Albany
38206,Brownstone Bancorp
38208,Sea Thrift
38210,China Bank #1024
38211,China Bank #130
38212,China Bank #963
38215,China Bank #222
38218,China Bank #189
38222,Bank of Albany
38223,Brownstone Bank
38226,Savings Bank of New Orleans
38227,Heath Cooperative Bank
38228,National Bank of Houston
38230,China Bank #151
38231,China Bank #164
38232,China Bank #141
38233,China Bank #133
38234,China Bank #168
38235,China Bank #859
38236,China Bank #144
38237,China Bank #590
38238,China Bank #291
38239,China Bank #261
38240,China Bank #46
38242,China Bank #944
38244,China Bank #903
38245,China Bank #27
38246,China Bank #997
38252,China Bank #1078
38253,China Bank #142
38254,China Bank #159
38257,China Bank #156
38258,China Bank #962
38264,China Bank #1070
38265,China Bank #877
38267,China Bank #175
38268,China Bank #148
38269,China Bank #308
38270,China Bank #887
38272,First Bank of Bridgeport
38273,Future Savings Bank
38274,Savings Bank of Detroit
38275,Savings Bank of New Orleans
38276,Savings Bank of Newport
38279,Germany Bank #4212
38286,Savings Bank of Indianapolis
38287,National Bank of Sacramento
38288,First Bank of Denver
38290,Desert Thrift
38291,Savings Bank of Helena
38292,National Bank of Chicago
38293,Brook Trust Bank
38294,Bank of Hartford
38295,First Bank of Topeka
38296,National Bank of Watertown
38299,National Bank of Danbury
38302,National Bank of Chicago
38305,China Bank #152
38309,China Bank #166
38310,China Bank #890
38312,China Bank #153
38314,China Bank #154
38315,Brook Bank
38317,China Bank #373
38318,China Bank #449
38320,China Bank #224
38321,China Bank #869
38323,Mountain Bank
38326,China Bank #173
38327,China Bank #1009
38329,National Bank of Portsmouth
38330,Fieldstone Cooperative Bank
38332,National Bank of Fort Wayne
38333,Bank of Phoenix
38334,China Bank #863
38336,China Bank #1055
38337,China Bank #157
38338,China Bank #169
38339,China Bank #914
38340,China Bank #182
38344,China Bank #860
38346,China Bank #967
38351,Slovakia Bank #1039
38354,France Bank #4872
38355,Savings Bank of Montpelier
38357,Savings Bank of Omaha
38359,France Bank #1038
38360,Germany Bank #2029
38361,Italy Bank #1028
38364,Germany Bank #5083
38366,Spain Bank #1640
38367,France Bank #1840
38368,Acme Cooperative Bank
38369,Acme Community Bank
38373,Regents Bank
38374,Baltech Cooperative Bank
38382,Italy Bank #1096
38383,Greece Bank #6104
38384,Italy Bank #4798
38386,Germany Bank #1029
38387,Spain Bank #1493
38390,France Bank #1030
38391,Portugal Bank #4388
38395,China Bank #161
38396,Germany Bank #5257
38405,National Bank of Indianapolis
38407,National Bank of Fairfield
38408,France Bank #2040
38410,Savings Bank of the Valley
38411,Bank of Arkadelphia
38412,National Bank of Detroit
38413,Future Community Bank
38416,Capital Thrift
38419,Baltech Savings Bank
38420,Plandor Cooperative Bank
38421,Hilltop Trust Bank
38424,National Bank of Seattle
38425,First Bank of Helena
38427,National Bank of Bridgeport
38430,National Bank of Dallas
38431,Mountain Bancorp
38432,First Bank of Boston
38433,Bank of Arkadelphia
38437,Savings Bank of Arkadelphia
38442,Germany Bank #5690
38443,Netherlands Bank #2034
38444,Spain Bank #1582
38448,Germany Bank #4748
38449,Netherlands Bank #5006
38450,Spain Bank #1122
38452,First Bank of Danbury
38453,Lithuania Bank #1083
38454,France Bank #1031
38460,France Bank #4876
38461,France Bank #1035
38469,Italy Bank #5966
38471,France Bank #1036
38473,Greece Bank #4711
38474,Spain Bank #3952
38475,Italy Bank #1951
38476,Italy Bank #3498
38477,Latvia Bank #2123
38478,Switzerland Bank #22
38481,Greece Bank #5416
38482,Italy Bank #1827
38484,Germany Bank #3249
38486,Bank of Sacramento
38490,China Bank #211
38491,China Bank #51
38492,China Bank #1090
38493,China Bank #922
38496,China Bank #743
38505,First Bank of Dallas
38506,Savings Bank of Portland
38509,Bank of Fort Wayne
38512,China Bank #285
38513,China Bank #203
38514,China Bank #910
38519,Bank of Helena
38520,Bank of Phoenix
38522,First Bank of Montpelier
38527,Savings Bank of Phoenix
38530,Sappo Federal Bank
38532,Heath Credit Union
38535,Italy Bank #1541
38536,Germany Bank #4165
38537,Netherlands Bank #1237
38539,Belgium Bank #1141
38541,Spain Bank #1082
38544,Plateau Bancorp
38546,National Bank of Sacramento
38548,Bank of Springfield
38549,Bank of New Orleans
38552,Bank of Omaha
38554,Golden Community Bank
38555,Bank of Arkadelphia
38556,Savings Bank of Newport
38557,Savings Bank of Phoenix
38558,First Bank of Danbury
38559,First Bank of Topeka
38561,National Bank of Portsmouth
38563,Savings Bank of Tampa
38565,National Bank of Arkadelphia
38566,Bank of Los Angeles
38571,National Bank of the North
38572,First Bank of the West
38574,National Bank of Indianapolis
38575,Sunrise Savings Bank
38577,Germany Bank #1157
38578,Finland Bank #1041
38581,Italy Bank #1044
38582,Spain Bank #5750
38583,Savings Bank of Albany
38585,Italy Bank #1045
38586,Slovakia Bank #1293
38587,Germany Bank #4090
38588,Portugal Bank #1731
38589,Germany Bank #1218
38590,Savings Bank of Augusta
38591,Dawn Thrift
38592,Bank of the East
38593,Arbor Federal Bank
38594,Golden Savings Bank
38595,First Bank of Plattsburg
38597,Oak Savings Bank
38598,First Bank of Hartford
38599,National Bank of Helena
38600,Hilltop Cooperative Bank
38602,Savings Bank of Newport
38604,Oasis Federal Bank
38608,First Bank of the Valley
38609,Arbor Credit Union
38610,First Bank of Huron
38611,Sea Credit Union
38613,Bank of Milford
38614,National Bank of Portland
38615,Savings Bank of Butte
38616,First Bank of Madison
38617,Sunrise Federal Bank
38618,Oasis Credit Union
38619,Oak Federal Bank
38624,National Bank of Watertown
38626,National Bank of Lacrosse
38628,Mountain Bancorp
38631,Sea Bancorp
38632,Regents Savings Bank
38633,Golden Thrift
38634,Savings Bank of the North
38635,Spain Bank #4379
38636,Hearthstone Thrift
38640,Bank of the North
38642,Sea Community Bank
38646,National Bank of Hartford
38649,Germany Bank #4068
38651,Savings Bank of Newport
38655,Spain Bank #4493
38658,First Bank of the South
38660,National Bank of Milford
38662,Bank of Portsmouth
38663,First Bank of Portland
38664,Savings Bank of Bridgeport
38666,Heath Federal Bank
38668,First Bank of the East
38670,Bank of Billings
38672,Desert Bank
38673,Future Federal Bank
38675,France Bank #5054
38679,First Bank of New Orleans
38680,Plandor Trust Bank
38682,Heath Bancorp
38683,Savings Bank of Cleveland
38685,National Bank of Danbury
38690,Bank of Madison
38696,Brook Cooperative Bank
38697,Savings Bank of Sacramento
38698,First Bank of Miami
38700,Germany Bank #5616
38703,Savings Bank of Tampa
38704,Bank of Topeka
38705,Acme Community Bank
38706,First Bank of Madison
38708,First Bank of Augusta
38709,Bank of Tampa
38713,Italy Bank #425
38715,Mountain Cooperative Bank
38716,Oak Savings Bank
38718,National Bank of Madison
38720,Bank of Laramie
38723,First Bank of Tuscon
38724,Savings Bank of Harrisburg
38727,First Bank of Montpelier
38730,France Bank #1051
38732,Spain Bank #5738
38734,Germany Bank #1825
38736,Germany Bank #1119
38737,Spain Bank #4168
38741,France Bank #4703
38744,Greece Bank #2038
38746,China Bank #163
38749,Portugal Bank #1053
38753,Germany Bank #3953
38756,Spain Bank #4387
38758,Bank of Topeka
38759,First Bank of Madison
38761,National Bank of Indianapolis
38762,Plandor Cooperative Bank
38768,National Bank of Danbury
38769,Spain Bank #4994
38771,Italy Bank #1055
38776,France Bank #1234
38780,Sunrise Savings Bank
38781,Italy Bank #5937
38782,Spain Bank #1244
38784,France Bank #4079
38786,Sappo Thrift
38787,France Bank #1212
38788,Italy Bank #4467
38791,Germany Bank #5069
38792,France Bank #1057
38794,Spain Bank #5305
38798,Germany Bank #4706
38799,Spain Bank #4823
38800,Germany Bank #1721
38803,Germany Bank #5315
38808,Ireland Bank #1058
38810,France Bank #2000
38811,Italy Bank #1405
38815,Germany Bank #1684
38816,Germany Bank #1059
38817,France Bank #3840
38820,Belgium Bank #1148
38821,Belgium Bank #1256
38822,Dawn Credit Union
38823,Savings Bank of Philadelphia
38829,Flagstone Thrift
38830,Future Bancorp
38831,Savings Bank of Detroit
38832,Bank of the South
38836,Spruce Bank
38840,Spain Bank #1078
38842,Italy Bank #2049
38843,Acme Savings Bank
38844,Arbor Bank
38846,First Bank of Lincoln
38847,National Bank of New Orleans
38848,Savings Bank of Portsmouth
38849,First Bank of Springfield
38850,Hearthstone Federal Bank
38851,Bank of Miami
38852,Regents Credit Union
38854,Oasis Savings Bank
38856,National Bank of Omaha
38857,National Bank of Watertown
38858,National Bank of Danbury
38859,Bank of the East
38861,Willows Community Bank
38862,Savings Bank of Helena
38863,First Bank of Arkadelphia
38864,First Bank of Miami
38866,Savings Bank of Laramie
38867,The Pine Federal Bank
38868,National Bank of Watertown
38869,Heath Trust Bank
38870,Plateau Savings Bank
38876,Savings Bank of the Valley
38878,Baltech Bank
38880,Sunrise Savings Bank
38881,First Bank of Laramie
38884,National Bank of Phoenix
38885,Arbor Community Bank
38887,First Bank of Newbury
38888,National Bank of the South
38890,Bank of Montpelier
38893,First Bank of Danbury
38897,Savings Bank of Newbury
38898,City National Bank
38900,First Bank of Boston
38901,Savings Bank of Billings
38902,Bank of Denver
38903,Sappo Trust Bank
38905,National Bank of the Valley
38907,First Bank of Newbury
38908,Savings Bank of the West
38909,First Bank of Tampa
38910,Bank of the South
38911,Hilltop Cooperative Bank
38912,Bank of Omaha
38915,National Bank of Springfield
38916,Bank of Bridgeport
38917,Arbor Credit Union
38918,National Bank of Arkadelphia
38919,France Bank #3143
38922,Savings Bank of Cleveland
38923,Desert Credit Union
38925,City National Bancorp
38930,Flagstone Federal Bank
38931,National Bank of the South
38932,First Bank of Houston
38933,National Bank of Indianapolis
38934,Savings Bank of Seattle
38936,Germany Bank #5352
38937,Finland Bank #3346
38938,France Bank #1064
38939,Bank of Plattsburg
38942,Savings Bank of Huron
38944,First Bank of Newport
38945,Bank of Tampa
38946,Bank of Butte
38947,Savings Bank of Bridgeport
38949,Savings Bank of Los Angeles
38950,Italy Bank #6053
38952,Bank of Milford
38956,Hearthstone Federal Bank
38958,Bank of Chicago
38959,Fieldstone Federal Bank
38960,Savings Bank of the West
38962,Bank of Watertown
38963,Savings Bank of Phoenix
38964,City National Bank
38965,Bank of Portland
38967,Brook Thrift
38968,National Bank of Danbury
38970,Flagstone Federal Bank
38973,Baltech Credit Union
38974,Bank of Laramie
38977,Bank of Huron
38978,First Bank of Tuscon
38980,National Bank of Houston
38981,Savings Bank of Los Angeles
38982,Savings Bank of Cleveland
38987,Bank of the West
38988,Bank of Lacrosse
38989,National Bank of Dallas
38990,Brownstone Credit Union
38992,National Bank of Pittsburgh
38993,Savings Bank of Fort Wayne
38995,France Bank #3124
38997,First Bank of Miami
39003,The Pine Federal Bank
39004,Hilltop Trust Bank
39005,City National Community Bank
39007,National Bank of Madison
39008,Hilltop Bank
39010,First Bank of Portland
39012,Savings Bank of Dallas
39020,National Bank of Lincoln
39021,Savings Bank of Topeka
39023,Willows Trust Bank
39027,Regents Federal Bank
39028,First Bank of New York
39029,Bank of Detroit
39030,Dawn Trust Bank
39031,National Bank of Lincoln
39034,Oasis Thrift
39036,Flagstone Cooperative Bank
39037,Germany Bank #5415
39038,France Bank #3261
39040,First Bank of the South
39041,Germany Bank #4952
39042,France Bank #4479
39043,Spain Bank #1066
39044,Netherlands Bank #1090
39045,Germany Bank #5285
39046,Portugal Bank #4380
39047,France Bank #3290
39050,China Bank #165
39051,China Bank #1117
39053,China Bank #1008
39055,China Bank #178
39061,Baltech Federal Bank
39064,First Bank of Laramie
39065,Capital Bancorp
39069,Savings Bank of Topeka
39072,National Bank of Seattle
39074,Baltech Bancorp
39075,Bank of Pittsburgh
39077,Baltech Thrift
39078,China Bank #717
39079,China Bank #257
39080,China Bank #975
39081,China Bank #55
39083,China Bank #927
39086,China Bank #44
39090,National Bank of Fairfield
39091,Bank of Philadelphia
39094,China Bank #286
39097,China Bank #292
39102,China Bank #293
39103,China Bank #171
39105,China Bank #187
39109,China Bank #201
39110,China Bank #706
39111,China Bank #845
39112,China Bank #183
39113,National Bank of New Orleans
39114,Heath Bank
39115,National Bank of Houston
39116,Baltech Credit Union
39119,China Bank #174
39120,China Bank #281
39124,China Bank #194
39125,China Bank #788
39131,China Bank #177
39133,China Bank #335
39134,China Bank #180
39135,China Bank #436
39137,Acme Bank
39141,China Bank #923
39144,China Bank #216
39146,China Bank #179
39150,China Bank #428
39151,China Bank #193
39153,First Bank of Denver
39156,First Bank of Phoenix
39157,Savings Bank of Butte
39159,National Bank of Philadelphia
39161,Bank of Springfield
39165,National Bank of Seattle
39166,China Bank #986
39167,China Bank #279
39169,China Bank #207
39171,China Bank #388
39173,China Bank #181
39176,Savings Bank of Albany
39180,Bank of Laramie
39181,China Bank #883
39182,Savings Bank of Helena
39185,Oak Bancorp
39187,China Bank #1028
39188,China Bank #213
39189,First Bank of Chicago
39191,First Bank of New Orleans
39192,Sea Bank
39193,China Bank #191
39197,China Bank #378
39198,Lithuania Bank #1764
39201,China Bank #184
39202,Greece Bank #1259
39203,Italy Bank #4912
39205,Spain Bank #5828
39206,Netherlands Bank #5056
39207,Greece Bank #3321
39208,France Bank #1067
39211,First Bank of Seattle
39214,Bank of Milford
39215,Bank of Dallas
39220,Sunrise Bank
39222,Sappo Cooperative Bank
39223,National Bank of Milford
39225,Bank of Fort Wayne
39233,Sappo Community Bank
39234,Bank of Montpelier
39236,The Pine Community Bank
39237,China Bank #230
39241,China Bank #236
39242,China Bank #1026
39245,China Bank #188
39246,China Bank #828
39247,National Bank of Omaha
39248,China Bank #793
39250,China Bank #454
39251,China Bank #185
39252,China Bank #872
39254,China Bank #186
39257,China Bank #198
39258,Italy Bank #4995
39259,Germany Bank #1068
39260,Italy Bank #4571
39261,Spain Bank #1069
39263,China Bank #988
39264,China Bank #381
39266,China Bank #703
39267,China Bank #771
39269,China Bank #199
39270,China Bank #45
39275,China Bank #882
39277,Japan Bank #78
39279,Plateau Thrift
39280,Japan Bank #31
39281,Japan Bank #805
39287,Japan Bank #76
39288,Japan Bank #73
39289,Japan Bank #69
39292,Japan Bank #71
39293,Japan Bank #110
39295,Japan Bank #33
39296,Sappo Bancorp
39299,National Bank of Miami
39300,First Bank of Fairfield
39301,Japan Bank #70
39302,Japan Bank #786
39304,China Bank #63
39306,China Bank #1056
39307,China Bank #773
39309,China Bank #34
39311,China Bank #25
39315,China Bank #535
39316,China Bank #740
39318,China Bank #1047
39319,China Bank #612
39320,China Bank #234
39321,China Bank #299
39322,China Bank #1112
39323,China Bank #325
39324,China Bank #214
39325,China Bank #911
39327,China Bank #190
39329,China Bank #906
39331,China Bank #345
39334,China Bank #363
39338,China Bank #984
39339,China Bank #192
39342,China Bank #195
39343,China Bank #217
39344,China Bank #418
39346,China Bank #1066
39348,China Bank #200
39350,China Bank #701
39351,First Bank of Hartford
39353,China Bank #532
39354,China Bank #866
39357,China Bank #469
39358,China Bank #202
39362,China Bank #445
39365,China Bank #205
39367,First Bank of Houston
39371,National Bank of Lincoln
39379,Estonia Bank #2376
39383,Capital Savings Bank
39387,National Bank of Pittsburgh
39388,Bank of Cleveland
39389,First Bank of Providence
39390,National Bank of Madison
39391,Savings Bank of Milford
39392,Germany Bank #5223
39393,Finland Bank #6052
39395,Italy Bank #4549
39396,Savings Bank of Seattle
39398,First Bank of Chicago
39399,Savings Bank of Denver
39400,Savings Bank of Lacrosse
39401,Future Thrift
39404,Germany Bank #5264
39406,First Bank of Milford
39408,Bank of Portsmouth
39409,National Bank of Danbury
39412,Fieldstone Trust Bank
39415,Plateau Bancorp
39421,First Bank of Sacramento
39423,Savings Bank of Dallas
39425,Bank of Phoenix
39430,First Bank of Portsmouth
39431,Bank of Omaha
39433,First Bank of Omaha
39434,National Bank of Fairfield
39437,Bank of Springfield
39438,Acme Federal Bank
39439,First Bank of Portland
39442,Bank of Danbury
39444,Bank of Bridgeport
39447,National Bank of Sacramento
39448,Savings Bank of Portland
39449,First Bank of Chicago
39451,Brook Bank
39452,Germany Bank #1422
39453,Bank of Tuscon
39455,Italy Bank #1074
39457,Bank of Watertown
39460,Sunrise Federal Bank
39462,National Bank of Providence
39467,National Bank of Portland
39472,China Bank #208
39473,China Bank #396
39476,China Bank #242
39478,China Bank #226
39481,China Bank #251
39483,Spruce Community Bank
39484,First Bank of Billings
39485,Bank of the South
39486,Oak Bank
39487,First Bank of Fort Wayne
39488,Future Federal Bank
39489,National Bank of the North
39492,China Bank #210
39493,China Bank #492
39494,China Bank #737
39495,China Bank #252
39496,China Bank #277
39497,China Bank #212
39502,China Bank #280
39505,China Bank #215
39507,China Bank #864
39508,China Bank #1014
39509,China Bank #1017
39510,China Bank #22
39511,China Bank #283
39513,China Bank #871
39516,China Bank #218
39517,China Bank #683
39520,China Bank #240
39523,China Bank #219
39533,France Bank #2266
39535,Japan Bank #6
39536,Japan Bank #80
39538,Japan Bank #865
39541,Japan Bank #74
39542,Japan Bank #77
39544,Japan Bank #79
39545,Japan Bank #84
39548,Japan Bank #119
39556,Switzerland Bank #3
39560,Japan Bank #138
39562,Japan Bank #75
39564,Japan Bank #81
39565,Japan Bank #141
39566,Japan Bank #83
39567,Japan Bank #85
39568,Japan Bank #3
39569,Japan Bank #86
39570,Japan Bank #784
39571,Japan Bank #82
39572,Japan Bank #91
39574,Japan Bank #892
39575,Japan Bank #87
39576,Japan Bank #2
39577,China Bank #304
39578,China Bank #707
39581,China Bank #312
39582,First Bank of Milford
39583,Savings Bank of Butte
39585,Plandor Federal Bank
39586,Savings Bank of Houston
39587,Desert Federal Bank
39589,China Bank #928
39593,China Bank #412
39594,China Bank #913
39596,China Bank #484
39598,China Bank #258
39599,China Bank #342
39600,China Bank #729
39601,National Bank of Lacrosse
39602,China Bank #878
39603,China Bank #964
39604,China Bank #265
39608,China Bank #969
39609,China Bank #266
39611,China Bank #968
39612,China Bank #227
39613,China Bank #921
39614,China Bank #229
39616,China Bank #320
39618,China Bank #970
39619,China Bank #1139
39621,China Bank #919
39622,China Bank #389
39623,China Bank #66
39624,China Bank #276
39628,China Bank #315
39632,The Pine Bank
39633,Bank of the South
39635,China Bank #245
39636,China Bank #231
39638,China Bank #360
39639,China Bank #232
39640,China Bank #233
39641,Savings Bank of Houston
39642,Bank of Sacramento
39644,China Bank #350
39645,China Bank #322
39646,China Bank #870
39649,China Bank #237
39650,China Bank #264
39651,China Bank #426
39653,China Bank #450
39654,China Bank #1001
39660,China Bank #1081
39661,China Bank #235
39662,China Bank #238
39663,China Bank #239
39665,China Bank #241
39667,China Bank #413
39668,Switzerland Bank #36
39670,China Bank #937
39673,China Bank #290
39674,China Bank #769
39676,China Bank #246
39678,Switzerland Bank #112
39679,China Bank #248
39682,China Bank #5
39683,China Bank #618
39685,China Bank #249
39686,China Bank #791
39688,China Bank #399
39692,China Bank #250
39694,China Bank #833
39696,China Bank #351
39698,China Bank #458
39699,China Bank #243
39700,China Bank #593
39701,China Bank #422
39706,China Bank #430
39707,China Bank #629
39708,China Bank #244
39712,China Bank #498
39715,China Bank #744
39716,China Bank #253
39719,Bank of Springfield
39721,Switzerland Bank #39
39723,China Bank #1002
39726,China Bank #851
39728,Savings Bank of Portland
39730,China Bank #255
39733,China Bank #256
39734,China Bank #272
39735,China Bank #259
39736,First Bank of Portland
39738,Savings Bank of Laramie
39739,Oak Thrift
39741,China Bank #987
39744,China Bank #260
39745,China Bank #361
39748,China Bank #616
39749,China Bank #644
39755,China Bank #720
39760,Savings Bank of Milford
39761,First Bank of Billings
39762,China Bank #419
39763,China Bank #328
39765,China Bank #917
39766,China Bank #778
39767,China Bank #262
39772,China Bank #965
39774,China Bank #263
39775,Switzerland Bank #32
39776,China Bank #267
39777,China Bank #865
39779,China Bank #349
39781,China Bank #680
39782,Heath Trust Bank
39783,China Bank #716
39784,China Bank #918
39796,China Bank #316
39798,China Bank #318
39800,Japan Bank #88
39801,Japan Bank #925
39803,Japan Bank #129
39804,Savings Bank of Newbury
39809,Flagstone Bank
39810,Japan Bank #89
39814,Japan Bank #176
39816,Japan Bank #785
39817,Japan Bank #90
39818,Japan Bank #848
39820,Japan Bank #92
39821,Japan Bank #104
39822,Japan Bank #849
39824,Japan Bank #93
39825,Savings Bank of the South
39826,Bank of Boston
39827,Japan Bank #115
39829,Japan Bank #94
39831,Japan Bank #108
39832,Japan Bank #567
39833,Japan Bank #11
39834,Japan Bank #96
39835,Japan Bank #101
39836,Japan Bank #98
39839,Japan Bank #281
39840,Japan Bank #95
39842,Japan Bank #819
39843,Japan Bank #99
39846,Japan Bank #97
39848,Japan Bank #100
39849,Japan Bank #834
39850,Japan Bank #829
39851,Japan Bank #789
39852,Japan Bank #156
39853,Japan Bank #102
39854,Japan Bank #116
39855,Japan Bank #103
39858,Japan Bank #39
39859,Japan Bank #248
39861,Japan Bank #121
39862,Japan Bank #919
39865,Japan Bank #399
39866,Japan Bank #441
39868,Future Community Bank
39869,Brownstone Federal Bank
39871,Bank of Billings
39873,Netherlands Bank #1131
39875,First Bank of Springfield
39876,Willows Community Bank
39877,Baltech Trust Bank
39878,City National Cooperative Bank
39879,Arbor Thrift
39880,Capital Credit Union
39881,First Bank of Cleveland
39883,Japan Bank #225
39884,Japan Bank #105
39885,Japan Bank #816
39886,Japan Bank #927
39891,Japan Bank #139
39892,Japan Bank #107
39893,Japan Bank #106
39895,Japan Bank #229
39896,Japan Bank #111
39898,Japan Bank #20
39899,Japan Bank #135
39900,Japan Bank #109
39905,Bank of Topeka
39908,Bank of Huron
39910,First Bank of Phoenix
39914,Bank of Montpelier
39915,Plandor Community Bank
39917,Japan Bank #894
39920,Japan Bank #143
39923,Japan Bank #112
39925,Desert Federal Bank
39927,Japan Bank #113
39929,Japan Bank #120
39930,Japan Bank #917
39934,Japan Bank #114
39935,Japan Bank #867
39938,Japan Bank #290
39942,Bank of Newbury
39948,Japan Bank #146
39951,Japan Bank #118
39952,Japan Bank #123
39953,Japan Bank #140
39954,Japan Bank #122
39957,Japan Bank #271
39960,Japan Bank #792
39962,Japan Bank #270
39965,Japan Bank #127
39967,Japan Bank #124
39968,Japan Bank #117
39969,Dawn Federal Bank
39972,Japan Bank #987
39974,Japan Bank #866
39975,Japan Bank #131
39976,Japan Bank #132
39977,Savings Bank of Tuscon
39978,Japan Bank #224
39979,Japan Bank #950
39980,Japan Bank #806
39981,Japan Bank #793
39982,Japan Bank #191
39983,Japan Bank #125
39984,Japan Bank #422
39985,Japan Bank #126
39988,Japan Bank #147
39989,Japan Bank #939
39990,Japan Bank #128
39991,Japan Bank #130
39992,Japan Bank #136
39993,Japan Bank #145
39996,Japan Bank #133
39997,Japan Bank #206
40064,Bank of Providence
40187,First Bank of Lincoln
40188,Hearthstone Savings Bank
40312,Switzerland Bank #248
40360,Oasis Bancorp
40404,Switzerland Bank #48
40653,Switzerland Bank #43
40836,Switzerland Bank #17
40905,Switzerland Bank #41
40933,National Bank of Augusta
41089,Switzerland Bank #18
41148,Switzerland Bank #193
41165,Switzerland Bank #42
41213,France Bank #2407
41215,France Bank #372
41236,Savings Bank of Detroit
41407,Switzerland Bank #50
41578,Switzerland Bank #72
41638,Switzerland Bank #33
41745,Switzerland Bank #147
41821,China Bank #287
41837,China Bank #596
42051,First Bank of Lincoln
42082,Switzerland Bank #133
42221,Switzerland Bank #55
42225,Switzerland Bank #253
42373,Hearthstone Credit Union
42420,China Bank #603
42465,China Bank #269
42596,Switzerland Bank #685
42622,Switzerland Bank #687
42640,Switzerland Bank #702
42810,Bank of Madison
43049,Israel Bank #42
43311,Arbor Credit Union
43460,Israel Bank #14
43462,Israel Bank #9
43735,Israel Bank #24
43818,Israel Bank #32
43849,Israel Bank #21
43923,Italy Bank #321
44041,Mountain Thrift
44046,Savings Bank of Fairfield
44054,Acme Cooperative Bank
44207,Golden Bank
44238,Bank of Danbury
44345,Bank of Phoenix
44351,National Bank of Topeka
44359,Savings Bank of Madison
44451,Israel Bank #33
44458,Germany Bank #951
44565,Israel Bank #251
44650,Israel Bank #41
44782,Savings Bank of the Valley
44797,The Pine Bancorp
44866,Israel Bank #31
44873,Israel Bank #23
45000,Israel Bank #48
45279,Israel Bank #66
45304,Israel Bank #119
45563,Israel Bank #12
45566,Israel Bank #54
45601,Israel Bank #236
45612,The Pine Savings Bank
45701,Israel Bank #28
45862,Flagstone Community Bank
45887,Germany Bank #377
45951,Golden Thrift
46042,Israel Bank #483
46063,Fieldstone Community Bank
46227,France Bank #334
46232,Greece Bank #791
46241,France Bank #857
46276,France Bank #178
46354,Spain Bank #942
46479,France Bank #1308
46504,Savings Bank of Arkadelphia
46537,National Bank of Providence
46616,Israel Bank #102
46906,Israel Bank #46
47248,Israel Bank #65
47337,Belgium Bank #2607
47640,First Bank of Lacrosse
47837,Spain Bank #795
47886,Italy Bank #2637
47901,Germany Bank #2644
48097,France Bank #2623
48211,Saudi Arabia Bank #7
48292,National Bank of the Valley
48308,Saudi Arabia Bank #18
48309,Saudi Arabia Bank #24
48526,Saudi Arabia Bank #15
48681,Saudi Arabia Bank #13
48755,Saudi Arabia Bank #17
48795,Saudi Arabia Bank #21
48910,Saudi Arabia Bank #8
48943,Saudi Arabia Bank #11
49089,Germany Bank #389
49126,Germany Bank #2679
49142,First Bank of Fort Wayne
49314,India Bank #749
49365,Saudi Arabia Bank #25
49450,Savings Bank of Plattsburg
49508,Saudi Arabia Bank #28
49659,Germany Bank #2740
49728,Germany Bank #1887
49750,Mountain Federal Bank
49780,Germany Bank #2006
49871,France Bank #613
49968,Spain Bank #2771
49994,Bank of Indianapolis
50012,Future Thrift
50016,Savings Bank of Portland
50118,National Bank of the East
50202,Saudi Arabia Bank #76
50257,Savings Bank of Sacramento
50428,Hearthstone Cooperative Bank
50450,Italy Bank #449
50528,Saudi Arabia Bank #37
50556,Saudi Arabia Bank #190
50562,Saudi Arabia Bank #250
50916,France Bank #2855
51127,Saudi Arabia Bank #45
51159,Germany Bank #2870
51182,National Bank of the Valley
51222,Sea Credit Union
51283,China Bank #689
51285,China Bank #581
51287,China Bank #662
51573,China Bank #686
51889,National Bank of Augusta
52062,National Bank of Newbury
52603,Acme Federal Bank
53160,First Bank of Cleveland
53183,First Bank of Huron
53294,National Bank of the Valley
53322,First Bank of Montpelier
53327,Hearthstone Federal Bank
53329,Sea Bancorp
53651,Future Bank
53744,Crytpo Bank #7
54160,Germany Bank #2986
54219,Crytpo Bank #28
54240,Latvia Bank #3020
54254,Future Bancorp
54306,Savings Bank of Tampa
54348,Crytpo Bank #30
54642,Crytpo Bank #33
54698,Savings Bank of Philadelphia
54717,Mountain Bancorp
54738,National Bank of Pittsburgh
54806,Bank of Dallas
54879,Crytpo Bank #108
55127,Fieldstone Bank
55188,Crytpo Bank #42
55424,Crytpo Bank #13
55617,Italy Bank #3630
55635,Crytpo Bank #39
55653,Crytpo Bank #104
55878,Crytpo Bank #31
55890,Crytpo Bank #111
55943,Spain Bank #3542
56018,Crytpo Bank #338
56045,Crytpo Bank #93
56136,Crytpo Bank #48
110057,Japan Bank #43
110603,Bank of Providence
110836,National Bank of Huron
111031,Japan Bank #56
111121,Italy Bank #1127
111141,Greece Bank #570
111312,Japan Bank #51
111326,Netherlands Bank #29
111425,National Bank of Tampa
111433,National Bank of Danbury
111443,Hearthstone Credit Union
111491,Oasis Bank
111631,Savings Bank of Pittsburgh
111764,Golden Credit Union
111812,Japan Bank #59
111904,Japan Bank #57
111974,Japan Bank #507
112064,India Bank #26
112078,China Bank #76
112212,France Bank #69
112354,Netherlands Bank #971
112497,India Bank #6
112637,India Bank #34
112733,India Bank #11
112931,India Bank #27
112989,India Bank #7
113060,Italy Bank #262
113090,India Bank #29
113304,India Bank #16
113523,India Bank #55
113530,India Bank #45
113685,Spruce Federal Bank
113744,Savings Bank of Dallas
113779,First Bank of Arkadelphia
113798,Capital Bancorp
113865,First Bank of Danbury
113935,Italy Bank #215
114185,India Bank #56
114202,India Bank #61
114590,India Bank #39
114674,Flagstone Savings Bank
115159,First Bank of Billings
115249,Savings Bank of Portland
115359,Oak Cooperative Bank
115363,Plandor Bank
115415,France Bank #409
115642,India Bank #606
115656,Greece Bank #1330
115678,India Bank #614
115693,India Bank #352
115700,National Bank of Laramie
115732,India Bank #197
115784,India Bank #66
115803,India Bank #399
115915,Flagstone Community Bank
115958,India Bank #64
115976,Germany Bank #1251
116214,Heath Thrift
116425,Russia Bank #15
116715,First Bank of New Orleans
116781,Russia Bank #12
116843,Russia Bank #28
116845,National Bank of Chicago
116904,Russia Bank #30
117070,Russia Bank #32
117143,Russia Bank #36
117299,Oasis Community Bank
117304,Russia Bank #31
117435,Russia Bank #14
117453,First Bank of Huron
117660,France Bank #351
117698,France Bank #1181
117733,Germany Bank #788
117907,France Bank #63
117999,Italy Bank #14
118180,Russia Bank #47
118190,Russia Bank #44
118202,Russia Bank #22
118453,Savings Bank of the North
119311,Russia Bank #542
119742,Russia Bank #55
119784,Russia Bank #60
119880,Greece Bank #180
120046,Savings Bank of Pittsburgh
120193,China Bank #33
120292,UK Bank #35
120438,Oak Bancorp
120511,France Bank #373
120519,Italy Bank #776
120627,Savings Bank of Philadelphia
120691,France Bank #477
120709,Ireland Bank #274
120766,Bank of Huron
121303,Savings Bank of Phoenix
121358,National Bank of Huron
121415,Italy Bank #1395
121453,National Bank of Watertown
121580,UK Bank #36
121698,Bank of Hartford
121987,UK Bank #13
122047,UK Bank #42
122055,Canada Bank #24
122080,Bank of Lacrosse
122086,National Bank of Cleveland
122094,Portugal Bank #990
122151,Savings Bank of Laramie
122332,UK Bank #61
122342,France Bank #30
122352,Netherlands Bank #1680
122405,UK Bank #6
122463,UK Bank #55
122545,UK Bank #59
122702,First Bank of Omaha
122916,First Bank of Harrisburg
122946,UK Bank #56
123102,Bank of Fort Wayne
123247,UK Bank #299
123288,First Bank of Indianapolis
123308,Italy Bank #82
123382,UK Bank #57
123390,Fieldstone Cooperative Bank
123612,UK Bank #184
123773,Savings Bank of Lacrosse
123869,UK Bank #362
123997,National Bank of Billings
124203,UK Bank #241
124225,UK Bank #160
124261,Croatia Bank #34
124284,Bank of Fairfield
124290,Savings Bank of Columbus
124331,First Bank of Miami
124368,Greece Bank #452
124371,France Bank #454
124507,UK Bank #238
124550,UK Bank #317
125164,Ireland Bank #324
125305,Canada Bank #5
125575,Canada Bank #42
125607,Canada Bank #35
125633,Canada Bank #19
125645,Canada Bank #37
125699,Plateau Bank
125811,Canada Bank #48
125906,National Bank of Miami
126094,Canada Bank #55
126107,Canada Bank #121
126190,Canada Bank #56
126191,Canada Bank #47
126200,Canada Bank #59
126426,First Bank of Omaha
126783,First Bank of Philadelphia
126802,Canada Bank #95
126844,Canada Bank #378
126851,Canada Bank #398
126876,Canada Bank #179
126938,Canada Bank #409
126956,Canada Bank #421
126984,Canada Bank #108
126990,Canada Bank #426
127142,First Bank of Butte
127179,Germany Bank #279
127390,National Bank of Harrisburg
127593,Australia Bank #18
127760,Brook Community Bank
127977,City National Federal Bank
127999,Australia Bank #32
128121,Desert Bank
128557,Australia Bank #84
128558,Australia Bank #51
128590,Australia Bank #83
128636,Australia Bank #31
128684,National Bank of Lacrosse
128727,Australia Bank #50
128737,Australia Bank #284
128853,China Bank #147
128960,Australia Bank #314
129000,France Bank #1368
129076,Italy Bank #273
129171,Australia Bank #98
129200,Australia Bank #41
129293,Australia Bank #57
129470,Brownstone Federal Bank
129692,Australia Bank #274
129830,Australia Bank #55
129854,Australia Bank #318
129974,Plateau Trust Bank
130107,UK Bank #451
130169,Bank of Miami
130219,Golden Credit Union
130265,Australia Bank #462
130342,Future Cooperative Bank
130425,Oak Credit Union
130435,Savings Bank of Milford
130449,First Bank of the West
130584,Sappo Thrift
130596,Savings Bank of Harrisburg
130637,Heath Credit Union
130864,Desert Federal Bank
130902,Italy Bank #1969
131086,Mexico Bank #18
131167,Austria Bank #1979
131326,First Bank of Laramie
131380,France Bank #173
131466,Estonia Bank #2013
131687,Germany Bank #612
131800,Greece Bank #2128
131808,China Bank #31
131928,China Bank #150
132306,First Bank of Portland
132445,Acme Bank
132499,Savings Bank of Montpelier
132523,Savings Bank of Madison
132554,First Bank of Helena
132722,Bank of Portsmouth
132725,Savings Bank of Tampa
132921,The Pine Bank
132923,Bank of Los Angeles
132958,Netherlands Bank #537
133132,Japan Bank #549
133313,Japan Bank #598
133452,Mexico Bank #101
133471,Mexico Bank #42
133490,The Pine Federal Bank
133540,Germany Bank #210
133590,Mexico Bank #43
133686,Mexico Bank #32
133826,Savings Bank of Fairfield
134091,Mexico Bank #37
134117,Mexico Bank #251
134132,Italy Bank #2187
134140,Bank of the South
134263,Mexico Bank #38
134482,Mexico Bank #35
134601,Mexico Bank #40
134627,Mexico Bank #39
134783,Mexico Bank #420
134784,Mexico Bank #307
134920,Brazil Bank #11
134939,Brazil Bank #8
134976,Brazil Bank #9
135010,Brazil Bank #13
135034,Brazil Bank #24
135104,Brazil Bank #15
135155,Brazil Bank #19
135290,First Bank of Plattsburg
135403,National Bank of Houston
135490,First Bank of Sacramento
135981,National Bank of Harrisburg
136012,Savings Bank of the West
136014,France Bank #1321
136110,National Bank of Harrisburg
136237,Brazil Bank #27
136262,Flagstone Trust Bank
136301,First Bank of Dallas
136334,Brazil Bank #25
136353,Brazil Bank #22
136519,Desert Thrift
136651,Savings Bank of Huron
136731,France Bank #512
136804,China Bank #57
136808,China Bank #96
136823,Savings Bank of Butte
136973,Savings Bank of Tuscon
137002,Mountain Thrift
137024,Dawn Credit Union
137079,China Bank #17
137196,Bank of the West
137218,Switzerland Bank #20
137273,First Bank of Phoenix
137335,Heath Federal Bank
137357,First Bank of Miami
137446,Bank of Billings
137766,Sea Cooperative Bank
137888,Hearthstone Community Bank
137897,Austria Bank #182
137917,Bank of Butte
137972,National Bank of Topeka
138010,Germany Bank #1369
138016,Bank of Newbury
138101,Bank of Billings
138103,Baltech Thrift
138105,The Pine Federal Bank
138133,First Bank of Boston
138167,Savings Bank of Plattsburg
138335,Switzerland Bank #31
138349,France Bank #102
138395,Switzerland Bank #5
138498,Bank of Fairfield
138630,Bank of Harrisburg
138832,Germany Bank #908
139216,Portugal Bank #1692
139298,Switzerland Bank #21
139342,Switzerland Bank #51
139490,Japan Bank #629
139793,Switzerland Bank #170
139819,Switzerland Bank #216
139828,Switzerland Bank #35
140020,Savings Bank of Watertown
140257,China Bank #228
140304,Switzerland Bank #284
140488,China Bank #558
140522,China Bank #54
140561,National Bank of Huron
140754,Switzerland Bank #46
140945,Switzerland Bank #47
141045,Bank of Cleveland
141166,Switzerland Bank #171
141312,Switzerland Bank #34
141486,Switzerland Bank #24
141511,Switzerland Bank #119
141561,Switzerland Bank #124
141690,National Bank of Fairfield
141700,Switzerland Bank #40
142010,Switzerland Bank #607
142023,Switzerland Bank #417
142103,Switzerland Bank #631
142155,Switzerland Bank #81
142183,Switzerland Bank #639
142264,Switzerland Bank #52
142501,Germany Bank #709
142553,National Bank of Denver
142574,Germany Bank #945
142610,Switzerland Bank #742
142691,Switzerland Bank #364
142836,Israel Bank #37
142950,Israel Bank #11
142973,Bank of Denver
143242,Israel Bank #19
143430,Israel Bank #51
143493,Israel Bank #22
143496,Israel Bank #36
143508,Bank of the Valley
143598,Israel Bank #16
143947,Sunrise Trust Bank
143995,First Bank of Hartford
144098,Italy Bank #1274
144200,Israel Bank #47
144225,Israel Bank #253
144639,Israel Bank #10
144669,Israel Bank #34
144735,Israel Bank #38
144831,Israel Bank #45
145106,Israel Bank #120
145175,Bank of Chicago
145200,National Bank of New York
145217,Germany Bank #2499
145386,Savings Bank of Philadelphia
145752,Israel Bank #96
145983,China Bank #631
146122,Italy Bank #1091
146167,First Bank of Indianapolis
146245,China Bank #627
146265,Savings Bank of Detroit
146330,Hilltop Bancorp
146484,Israel Bank #219
146713,Bank of Boston
146885,Israel Bank #228
146917,Israel Bank #49
147042,Germany Bank #583
147085,Spain Bank #1287
147241,First Bank of the Valley
147252,National Bank of Fairfield
147267,First Bank of Boston
147402,Israel Bank #69
147497,Baltech Bank
147559,Israel Bank #689
147725,First Bank of the South
147833,National Bank of Tuscon
147863,Germany Bank #1249
147879,Spain Bank #2659
147885,Germany Bank #490
147912,China Bank #176
148016,Saudi Arabia Bank #14
148159,Willows Trust Bank
148212,National Bank of Montpelier
148348,Saudi Arabia Bank #12
148350,Saudi Arabia Bank #10
148389,Saudi Arabia Bank #22
148543,National Bank of New York
148586,Saudi Arabia Bank #36
148785,Saudi Arabia Bank #32
148894,UK Bank #464
148937,Germany Bank #809
149012,National Bank of Augusta
149030,National Bank of Watertown
149089,Bank of Albany
149340,Saudi Arabia Bank #9
149345,Saudi Arabia Bank #26
149488,Fieldstone Thrift
149706,Germany Bank #1093
149758,Desert Thrift
149971,Saudi Arabia Bank #39
150014,Saudi Arabia Bank #40
150202,Italy Bank #2818
150240,Saudi Arabia Bank #68
150363,Desert Cooperative Bank
150580,Germany Bank #1165
150674,Ireland Bank #1376
150675,Germany Bank #272
150744,Slovakia Bank #2843
150832,Saudi Arabia Bank #33
150945,First Bank of Philadelphia
150995,First Bank of Hartford
151121,France Bank #2872
151255,Sappo Community Bank
151338,Portugal Bank #459
151741,Spain Bank #2929
151777,Savings Bank of Phoenix
151849,National Bank of Harrisburg
151971,National Bank of Los Angeles
151994,Saudi Arabia Bank #288
152078,Italy Bank #1266
152153,France Bank #2948
152202,Savings Bank of Montpelier
152280,Germany Bank #2962
152416,Crytpo Bank #8
152627,Crytpo Bank #14
152736,UK Bank #484
152802,Savings Bank of Arkadelphia
152814,First Bank of Denver
152906,UK Bank #468
152980,Willows Thrift
153032,First Bank of Portland
153287,Germany Bank #2969
153403,National Bank of New York
153502,Crytpo Bank #23
153670,Acme Community Bank
153706,Crytpo Bank #12
153827,Crytpo Bank #22
153832,Italy Bank #2998
154043,Crytpo Bank #32
154148,Crytpo Bank #29
154342,National Bank of the North
154365,Crytpo Bank #41
154418,National Bank of Milford
154477,Crytpo Bank #43
154501,France Bank #3028
154518,Crytpo Bank #40
154557,Crytpo Bank #38
154605,Crytpo Bank #35
154653,Crytpo Bank #44
154662,Crytpo Bank #46
154887,Crytpo Bank #17
155023,Netherlands Bank #3052
155378,First Bank of Fort Wayne
155514,Spain Bank #3057
210185,Japan Bank #40
210261,Japan Bank #44
210292,Japan Bank #37
210319,Japan Bank #45
210404,Plandor Trust Bank
210431,Spain Bank #219
210575,Germany Bank #322
210617,France Bank #111
210690,Japan Bank #50
210829,Slovakia Bank #442
210972,Japan Bank #38
210997,Japan Bank #179
211050,Bank of Laramie
211075,Spruce Trust Bank
211164,Spain Bank #758
211212,First Bank of Omaha
212032,Japan Bank #336
212048,Japan Bank #12
212156,Japan Bank #60
212204,Japan Bank #67
212789,India Bank #69
212818,India Bank #30
213005,India Bank #28
213137,Belgium Bank #1228
213580,Savings Bank of Montpelier
213704,Bank of Cleveland
213737,India Bank #15
213952,Savings Bank of Houston
214050,India Bank #76
214100,France Bank #984
214308,India Bank #12
214322,France Bank #1076
214529,India Bank #53
214609,National Bank of Providence
214615,Savings Bank of Bridgeport
214621,Savings Bank of Augusta
214749,India Bank #43
214881,India Bank #51
215064,National Bank of Fairfield
215186,India Bank #298
215242,Portugal Bank #328
215266,National Bank of Indianapolis
215687,National Bank of Boston
215803,Italy Bank #1347
215841,First Bank of Pittsburgh
215897,Heath Credit Union
216343,India Bank #680
216542,India Bank #658
216546,India Bank #334
216645,Golden Thrift
217096,Russia Bank #19
217125,Russia Bank #38
217496,Russia Bank #52
217641,Russia Bank #33
217680,Acme Cooperative Bank
217824,Russia Bank #39
217950,Germany Bank #630
217959,Lithuania Bank #1042
218050,Netherlands Bank #91
218202,Spain Bank #174
218267,Germany Bank #719
218346,Greece Bank #616
218438,Oasis Bank
218472,First Bank of Houston
218502,Russia Bank #106
218638,Russia Bank #57
218665,Russia Bank #186
218755,France Bank #424
218783,Russia Bank #43
218885,Savings Bank of Fort Wayne
218897,Italy Bank #1462
218989,China Bank #254
219077,Spain Bank #461
219143,Russia Bank #35
219157,Russia Bank #37
219184,National Bank of New Orleans
219194,China Bank #60
219205,Russia Bank #45
219444,Italy Bank #479
219449,Spain Bank #309
219557,Russia Bank #56
219562,Russia Bank #54
219570,Russia Bank #62
219656,Russia Bank #142
219805,Austria Bank #94
219860,Hilltop Credit Union
219969,Bank of Billings
220042,Russia Bank #625
220083,Bank of Albany
220271,Plateau Community Bank
220504,UK Bank #20
220541,UK Bank #31
220572,UK Bank #19
220888,Spain Bank #171
220967,France Bank #1466
221032,France Bank #520
221130,Desert Savings Bank
221198,Spain Bank #363
221279,Germany Bank #388
221282,Savings Bank of the East
221332,Regents Credit Union
221374,National Bank of Fort Wayne
221527,Savings Bank of Albany
221691,First Bank of Laramie
221731,National Bank of Danbury
221765,UK Bank #17
221868,Savings Bank of Huron
221891,Savings Bank of Los Angeles
222103,Netherlands Bank #683
222268,UK Bank #1
222363,Sappo Bancorp
222664,First Bank of Topeka
222697,UK Bank #52
222773,UK Bank #50
222819,UK Bank #37
222858,UK Bank #49
222965,China Bank #358
223026,France Bank #833
223030,Spain Bank #336
223041,First Bank of Fort Wayne
223090,Germany Bank #101
223233,First Bank of Augusta
223240,Germany Bank #257
223635,Savings Bank of the Valley
223641,Netherlands Bank #1671
223645,National Bank of Seattle
223649,Savings Bank of Plattsburg
223908,Lithuania Bank #590
224449,Flagstone Federal Bank
224466,First Bank of Omaha
224555,Spain Bank #439
224716,UK Bank #60
224782,China Bank #53
224866,National Bank of Lincoln
225156,First Bank of Seattle
225215,Canada Bank #4
225263,Bank of Miami
225454,Canada Bank #44
225589,Netherlands Bank #117
225622,China Bank #40
225690,Spain Bank #282
225734,Canada Bank #62
226041,Bank of Danbury
226331,Sea Bancorp
226350,France Bank #235
226391,Canada Bank #60
226548,Canada Bank #53
226554,Canada Bank #6
226657,Brownstone Credit Union
226735,Canada Bank #52
226925,National Bank of Montpelier
226951,National Bank of Seattle
227080,Germany Bank #93
227143,Bank of Miami
227171,First Bank of Springfield
227250,Canada Bank #58
227310,Canada Bank #371
227406,Canada Bank #109
227471,Canada Bank #323
227513,Brownstone Credit Union
227720,National Bank of Providence
227786,First Bank of Bridgeport
227859,Capital Community Bank
228009,Australia Bank #22
228054,Australia Bank #23
228101,Australia Bank #17
228321,Capital Trust Bank
228540,First Bank of Miami
228587,Australia Bank #21
228597,Bank of the South
228634,First Bank of Seattle
228921,First Bank of the West
229089,Savings Bank of Lincoln
229122,Australia Bank #25
229220,Germany Bank #139
229227,China Bank #379
229558,Willows Savings Bank
229620,France Bank #1875
229799,Australia Bank #40
229937,Australia Bank #53
230230,China Bank #58
230257,Italy Bank #50
230562,Australia Bank #455
230744,UK Bank #188
230831,Australia Bank #444
230859,Australia Bank #461
231004,National Bank of Indianapolis
231212,Netherlands Bank #500
231490,Mountain Community Bank
231706,Bank of Omaha
231744,Mexico Bank #15
231786,First Bank of Portland
232073,Belgium Bank #345
232154,Germany Bank #1621
232259,Germany Bank #1088
232304,China Bank #43
232335,Finland Bank #1691
232391,Slovenia Bank #460
232447,China Bank #85
232555,First Bank of Huron
232583,Bank of Cleveland
232880,Future Bank
233168,First Bank of Houston
233252,First Bank of Butte
233564,National Bank of Los Angeles
233580,Arbor Savings Bank
233603,Slovenia Bank #767
234032,France Bank #638
234222,Germany Bank #118
234331,Mexico Bank #33
234335,France Bank #563
234347,Plateau Community Bank
234395,Mexico Bank #30
235086,Mexico Bank #36
235226,Mexico Bank #281
235244,Mexico Bank #53
235308,China Bank #36
235319,Mexico Bank #19
235440,Bank of Albany
235463,Mexico Bank #433
235509,Brazil Bank #16
235551,Brazil Bank #12
235580,Brazil Bank #30
235711,Capital Thrift
235843,Brazil Bank #1
235874,Brazil Bank #20
235878,National Bank of Newport
235920,France Bank #639
235986,Savings Bank of Harrisburg
236046,Savings Bank of Miami
236197,Dawn Bank
236220,Germany Bank #204
236268,National Bank of the Valley
236346,Hilltop Savings Bank
236418,Savings Bank of Billings
236684,Bank of Augusta
236685,Plandor Cooperative Bank
236710,Savings Bank of Newbury
236746,Arbor Federal Bank
236867,Italy Bank #2214
237016,First Bank of Tuscon
237199,Savings Bank of Seattle
237316,Germany Bank #325
237337,Austria Bank #298
237354,Bank of Augusta
237575,Brazil Bank #26
237636,National Bank of Sacramento
237730,Capital Savings Bank
237791,Brazil Bank #231
238038,First Bank of Harrisburg
238082,Italy Bank #2005
238123,Spain Bank #445
238125,Finland Bank #932
238151,Dawn Cooperative Bank
238190,Switzerland Bank #28
238280,Portugal Bank #2012
238286,Greece Bank #789
238387,Germany Bank #42
238397,Mountain Thrift
238473,Bank of Providence
238744,Savings Bank of Los Angeles
238829,Bank of Danbury
238845,Switzerland Bank #0
239163,France Bank #2302
239173,Savings Bank of Phoenix
239212,Bank of Cleveland
239330,Bank of the Valley
239453,Switzerland Bank #29
239604,Switzerland Bank #16
239654,China Bank #534
239692,Switzerland Bank #25
240018,Switzerland Bank #26
240229,Switzerland Bank #1
240243,Switzerland Bank #27
240304,Switzerland Bank #65
240485,Canada Bank #435
240492,National Bank of the North
240648,Savings Bank of Portland
240707,First Bank of Detroit
240774,Switzerland Bank #44
240915,China Bank #550
240971,Switzerland Bank #184
241021,Switzerland Bank #19
241079,Switzerland Bank #82
241121,Switzerland Bank #53
241213,First Bank of Tuscon
241309,Greece Bank #251
241485,Bank of Portsmouth
241636,Switzerland Bank #45
241657,Switzerland Bank #14
241686,National Bank of the Valley
241704,France Bank #902
241742,Arbor Federal Bank
241775,France Bank #2421
241788,First Bank of the North
241801,First Bank of Seattle
241869,Switzerland Bank #80
241901,Switzerland Bank #54
242061,National Bank of Sacramento
242081,Switzerland Bank #49
242191,Switzerland Bank #524
242295,Arbor Cooperative Bank
242782,Capital Bancorp
242962,Switzerland Bank #61
242993,Switzerland Bank #56
243013,Switzerland Bank #668
243017,Switzerland Bank #544
243101,Switzerland Bank #272
243157,Switzerland Bank #703
243254,Savings Bank of the South
243399,Switzerland Bank #732
243429,Switzerland Bank #737
243445,Portugal Bank #495
243516,Switzerland Bank #750
243614,Israel Bank #8
243805,The Pine Thrift
243807,Fieldstone Savings Bank
243837,Germany Bank #2484
243897,Israel Bank #18
243947,Israel Bank #13
244187,Israel Bank #53
244192,Israel Bank #15
244380,Italy Bank #652
244381,Netherlands Bank #679
244490,Bank of Milford
244684,Bank of Helena
244723,Germany Bank #302
244818,Israel Bank #206
244886,First Bank of Albany
245064,China Bank #528
245090,Israel Bank #17
245093,Israel Bank #83
245141,Future Trust Bank
245310,National Bank of Watertown
245328,Israel Bank #197
245335,National Bank of Watertown
245441,Israel Bank #40
245558,Israel Bank #130
245580,China Bank #628
245611,China Bank #622
245668,Israel Bank #128
245748,Israel Bank #35
245993,Oasis Bank
246162,Israel Bank #39
246279,National Bank of Plattsburg
246363,National Bank of Montpelier
246581,Israel Bank #52
246748,Netherlands Bank #2550
246789,France Bank #858
246894,Italy Bank #577
246909,Spain Bank #41
247207,Israel Bank #43
247280,Israel Bank #541
247368,Savings Bank of Lincoln
247415,National Bank of the East
247585,Spain Bank #2593
247706,Israel Bank #111
247760,Israel Bank #632
247898,City National Trust Bank
247963,Austria Bank #2151
248047,Savings Bank of Montpelier
248160,Savings Bank of Sacramento
248257,Savings Bank of Laramie
248290,Bank of Providence
248314,Austria Bank #588
248332,Israel Bank #304
248370,Israel Bank #693
248500,National Bank of Watertown
248571,Portugal Bank #1809
248622,Germany Bank #501
248734,City National Cooperative Bank
248783,Desert Cooperative Bank
248857,Saudi Arabia Bank #20
248870,China Bank #86
248926,National Bank of Huron
248937,Greece Bank #330
248941,Italy Bank #1792
248975,National Bank of Harrisburg
249007,Italy Bank #177
249118,Saudi Arabia Bank #19
249176,Saudi Arabia Bank #16
249407,Hearthstone Community Bank
249531,UK Bank #242
249699,First Bank of New Orleans
250068,Saudi Arabia Bank #38
250188,Saudi Arabia Bank #35
250208,Bank of Sacramento
250209,Bank of Fairfield
250242,National Bank of Montpelier
250262,Greece Bank #2767
250298,Savings Bank of Lacrosse
250350,Italy Bank #2711
250402,Germany Bank #2331
250470,France Bank #2794
250493,Italy Bank #2663
250508,Sappo Trust Bank
250511,City National Community Bank
250562,France Bank #2735
250726,Sea Community Bank
250732,France Bank #2442
250800,Germany Bank #2772
250810,First Bank of Indianapolis
250814,National Bank of Boston
250830,First Bank of Columbus
250969,Germany Bank #2027
251001,Bank of Hartford
251027,Spain Bank #2297
251034,Spain Bank #1695
251042,First Bank of Detroit
251107,Willows Thrift
251123,Saudi Arabia Bank #29
251202,Savings Bank of Boston
251264,Saudi Arabia Bank #27
251369,Spain Bank #2828
251395,Italy Bank #1967
251487,National Bank of Huron
251717,Saudi Arabia Bank #44
251838,China Bank #330
251886,China Bank #673
251893,China Bank #669
251973,France Bank #1570
252070,China Bank #679
252091,China Bank #121
252099,China Bank #684
252113,China Bank #687
252117,Spain Bank #2880
252183,Italy Bank #2881
252220,National Bank of Arkadelphia
252346,First Bank of Bridgeport
252361,Portugal Bank #2892
252389,Italy Bank #2919
252500,France Bank #2910
252947,Savings Bank of the Valley
253110,First Bank of the Valley
253161,Brownstone Federal Bank
253359,Savings Bank of Houston
253793,UK Bank #511
253856,Sunrise Trust Bank
253917,First Bank of the West
253964,National Bank of Fort Wayne
254242,Crytpo Bank #27
254355,Crytpo Bank #18
254565,Crytpo Bank #21
254581,Bank of Huron
254595,Crytpo Bank #10
254910,Crytpo Bank #0
254958,Crytpo Bank #47
255063,Crytpo Bank #11
255328,National Bank of Danbury
255654,Crytpo Bank #145
255657,Crytpo Bank #98
255772,Crytpo Bank #128
255845,Germany Bank #3038
255972,Bank of Boston
256229,Crytpo Bank #36
256398,Crytpo Bank #321
256496,Crytpo Bank #45
256525,Crytpo Bank #221
256550,Crytpo Bank #337
310005,Golden Bank
310008,Oak Savings Bank
310013,Bank of Topeka
310019,Golden Cooperative Bank
310022,Willows Bank
310024,Sappo Savings Bank
310025,Savings Bank of Harrisburg
310026,Savings Bank of Milford
310027,Japan Bank #134
310029,Japan Bank #315
310031,Japan Bank #858
310032,Japan Bank #837
310034,Japan Bank #161
310036,Japan Bank #137
310039,Japan Bank #201
310041,Japan Bank #790
310043,Japan Bank #831
310045,Japan Bank #233
310049,Japan Bank #177
310050,Japan Bank #788
310051,Japan Bank #187
310052,Japan Bank #379
310055,Japan Bank #153
310058,Savings Bank of Lacrosse
310060,Japan Bank #333
310062,Japan Bank #190
310063,Japan Bank #188
310064,Japan Bank #142
310065,Japan Bank #868
310066,Japan Bank #434
310070,Japan Bank #144
310073,Japan Bank #257
310076,Japan Bank #899
310078,Bank of Watertown
310079,Japan Bank #210
310080,Japan Bank #149
310081,Japan Bank #734
310084,Japan Bank #296
310085,Japan Bank #150
310087,Japan Bank #218
310088,Japan Bank #928
310089,Japan Bank #151
310090,Japan Bank #787
310095,Japan Bank #275
310096,Japan Bank #19
310097,Japan Bank #807
310099,Bank of Fort Wayne
310100,Japan Bank #192
310104,Japan Bank #329
310107,Japan Bank #152
310110,Japan Bank #481
310112,Japan Bank #557
310113,Japan Bank #165
310114,Japan Bank #519
310116,Japan Bank #154
310117,Japan Bank #155
310118,Japan Bank #209
310119,Japan Bank #812
310121,Japan Bank #795
310123,Japan Bank #232
310124,Japan Bank #173
310127,Spruce Community Bank
310128,The Pine Thrift
310129,Japan Bank #540
310130,Japan Bank #859
310133,Japan Bank #157
310134,Japan Bank #395
310136,Japan Bank #838
310137,Japan Bank #169
310141,Japan Bank #158
310145,Japan Bank #342
310146,Japan Bank #669
310147,Japan Bank #159
310148,Japan Bank #160
310149,Japan Bank #189
310153,Japan Bank #163
310155,Japan Bank #162
310156,National Bank of Huron
310159,National Bank of Omaha
310162,Oak Thrift
310163,National Bank of Plattsburg
310164,First Bank of Bridgeport
310165,Spain Bank #1629
310169,Italy Bank #1654
310170,Germany Bank #1829
310171,Netherlands Bank #1497
310174,Ireland Bank #4026
310176,Spain Bank #3216
310177,Spain Bank #1080
310179,Spain Bank #1304
310180,Italy Bank #1320
310181,Lithuania Bank #1081
310183,Germany Bank #1248
310185,First Bank of Fort Wayne
310188,Italy Bank #3557
310189,Germany Bank #1195
310192,City National Federal Bank
310194,First Bank of Montpelier
310195,Bank of Augusta
310197,National Bank of Boston
310198,The Pine Bank
310199,France Bank #4842
310200,Italy Bank #1227
310201,France Bank #6188
310202,Greece Bank #1492
310203,Heath Bank
310204,Bank of Newbury
310207,Flagstone Credit Union
310208,Sunrise Bancorp
310209,France Bank #1239
310210,France Bank #1490
310212,Bank of Springfield
310215,Bank of Lincoln
310219,Italy Bank #1272
310220,Bank of the Valley
310222,National Bank of Fairfield
310224,First Bank of Indianapolis
310228,Bank of Boston
310231,France Bank #3543
310233,Austria Bank #1086
310234,Sea Bancorp
310235,Germany Bank #4751
310237,Mountain Bank
310240,Brownstone Bank
310241,First Bank of Topeka
310245,Bank of the East
310248,Japan Bank #164
310249,Japan Bank #231
310253,Japan Bank #352
310255,Japan Bank #175
310256,Japan Bank #242
310257,Japan Bank #166
310258,Japan Bank #168
310262,Japan Bank #429
310266,Spain Bank #4572
310269,Japan Bank #167
310273,Japan Bank #194
310276,Savings Bank of Huron
310277,Golden Community Bank
310278,Bank of Cleveland
310281,National Bank of Seattle
310282,Bank of the West
310284,Plandor Bank
310285,Savings Bank of the East
310286,Savings Bank of Laramie
310287,National Bank of Harrisburg
310291,First Bank of Portsmouth
310292,Bank of Arkadelphia
310297,National Bank of Cleveland
310299,National Bank of Augusta
310300,Dawn Bank
310303,Savings Bank of Portland
310305,National Bank of New York
310306,Spruce Thrift
310308,Bank of the West
310310,First Bank of Lacrosse
310311,Savings Bank of Pittsburgh
310312,Bank of Butte
310313,Hearthstone Trust Bank
310314,Spain Bank #1089
310315,France Bank #5036
310318,Japan Bank #227
310321,Japan Bank #170
310327,Japan Bank #690
310328,Bank of New York
310329,Japan Bank #809
310330,Japan Bank #217
310332,Netherlands Bank #1099
310333,Spain Bank #1208
310335,Greece Bank #4601
310337,National Bank of Seattle
310338,First Bank of Lacrosse
310339,China Bank #270
310340,China Bank #552
310341,France Bank #4449
310345,Germany Bank #3979
310347,France Bank #4953
310351,France Bank #5088
310352,Lithuania Bank #5938
310353,France Bank #1455
310354,Germany Bank #2479
310359,Savings Bank of Newport
310362,Germany Bank #5119
310363,Germany Bank #2250
310364,Germany Bank #4627
310365,Spain Bank #5060
310366,Spain Bank #5621
310369,Italy Bank #1097
310370,Finland Bank #1101
310371,Finland Bank #4390
310376,Germany Bank #1241
310378,Bank of Topeka
310379,National Bank of Huron
310381,First Bank of Hartford
310383,First Bank of Houston
310384,Bank of Montpelier
310385,First Bank of Boston
310386,Regents Bank
310387,National Bank of Pittsburgh
310389,Heath Credit Union
310390,Regents Cooperative Bank
310393,Germany Bank #1105
310394,France Bank #1111
310395,Hearthstone Credit Union
310396,Oak Bancorp
310398,First Bank of Philadelphia
310399,National Bank of Milford
310401,Savings Bank of the West
310403,First Bank of Providence
310404,First Bank of Hartford
310405,Brownstone Bancorp
310406,Savings Bank of Indianapolis
310407,Brownstone Thrift
310409,First Bank of Houston
310410,Willows Bank
310412,Savings Bank of the Valley
310413,Savings Bank of Helena
310414,France Bank #1107
310415,Bank of Arkadelphia
310417,Italy Bank #1112
310418,Italy Bank #1125
310419,Germany Bank #1440
310422,Ireland Bank #1258
310425,Japan Bank #860
310427,Japan Bank #28
310428,Japan Bank #216
310431,Japan Bank #174
310432,Japan Bank #808
310433,Japan Bank #827
310434,Japan Bank #171
310442,Japan Bank #172
310443,Japan Bank #679
310444,Japan Bank #685
310445,Japan Bank #277
310446,Japan Bank #835
310450,Japan Bank #704
310451,Japan Bank #178
310454,Japan Bank #303
310455,Japan Bank #180
310456,Japan Bank #451
310459,Japan Bank #276
310461,Japan Bank #181
310466,Japan Bank #182
310468,Japan Bank #221
310469,Japan Bank #196
310470,Japan Bank #215
310471,Japan Bank #222
310472,Japan Bank #958
310475,Japan Bank #836
310478,Japan Bank #183
310479,Japan Bank #202
310480,Japan Bank #203
310481,Japan Bank #240
310482,Japan Bank #195
310483,Japan Bank #869
310484,Japan Bank #186
310486,Japan Bank #184
310487,Japan Bank #185
310488,Japan Bank #198
310493,Japan Bank #193
310496,Japan Bank #249
310497,Japan Bank #230
310498,Japan Bank #433
310501,Japan Bank #580
310504,Japan Bank #903
310507,Japan Bank #663
310510,Japan Bank #256
310511,Japan Bank #200
310512,Japan Bank #243
310513,Japan Bank #818
310515,Japan Bank #791
310516,Japan Bank #254
310518,Japan Bank #197
310522,Japan Bank #204
310523,Japan Bank #212
310524,Japan Bank #246
310526,Japan Bank #205
310528,Japan Bank #199
310529,Bank of Cleveland
310530,Regents Thrift
310531,Flagstone Cooperative Bank
310534,Oasis Thrift
310536,Desert Bancorp
310538,Japan Bank #406
310539,Japan Bank #974
310541,Japan Bank #244
310543,Arbor Thrift
310544,National Bank of the East
310545,National Bank of Detroit
310547,First Bank of Huron
310551,City National Bank
310553,First Bank of Tuscon
310554,First Bank of Denver
310556,National Bank of Providence
310557,Oak Trust Bank
310560,Regents Thrift
310564,Golden Community Bank
310567,Bank of Harrisburg
310569,Plateau Bancorp
310571,First Bank of Cleveland
310572,Bank of the Valley
310574,Savings Bank of Boston
310576,Sea Community Bank
310577,Japan Bank #226
310579,Japan Bank #241
310582,Japan Bank #351
310585,Japan Bank #278
310586,Japan Bank #671
310587,Japan Bank #264
310590,Japan Bank #361
310592,Japan Bank #207
310593,Japan Bank #852
310597,Japan Bank #208
310600,Japan Bank #382
310601,Japan Bank #214
310602,Japan Bank #219
310603,Japan Bank #921
310606,Japan Bank #826
310608,Japan Bank #957
310612,Japan Bank #211
310613,Japan Bank #299
310614,France Bank #2717
310615,Italy Bank #4705
310618,Germany Bank #1118
310619,Spain Bank #1615
310620,Slovakia Bank #4291
310622,France Bank #4053
310624,Germany Bank #4278
310627,Bank of Houston
310629,Greece Bank #4868
310630,Germany Bank #3985
310634,Italy Bank #1240
310635,Ireland Bank #1120
310636,Germany Bank #3090
310637,Belgium Bank #5061
310639,Belgium Bank #1121
310640,Italy Bank #5603
310641,Spain Bank #4273
310642,Germany Bank #1688
310644,Japan Bank #880
310646,Japan Bank #213
310647,First Bank of Danbury
310648,Savings Bank of Providence
310649,First Bank of Pittsburgh
310650,First Bank of Philadelphia
310651,Savings Bank of Topeka
310654,Japan Bank #881
310656,Japan Bank #253
310658,Japan Bank #810
310660,Japan Bank #223
310661,Japan Bank #220
310663,Japan Bank #272
310665,Japan Bank #420
310666,Japan Bank #234
310671,Japan Bank #902
310672,Japan Bank #454
310673,Japan Bank #398
310677,Japan Bank #906
310681,Japan Bank #331
310682,Japan Bank #694
310685,Japan Bank #992
310686,Japan Bank #293
310689,Japan Bank #228
310691,Savings Bank of Laramie
310692,City National Credit Union
310693,Bank of Billings
310695,Flagstone Bancorp
310697,Acme Trust Bank
310698,First Bank of Springfield
310699,Savings Bank of Springfield
310700,Bank of Houston
310701,National Bank of Los Angeles
310704,Japan Bank #282
310706,Japan Bank #844
310709,Japan Bank #383
310710,Japan Bank #755
310711,Japan Bank #489
310715,Japan Bank #863
310716,Japan Bank #418
310717,Japan Bank #473
310722,Japan Bank #397
310723,Japan Bank #423
310724,Japan Bank #268
310725,Japan Bank #901
310728,Japan Bank #239
310730,First Bank of Topeka
310733,Japan Bank #280
310734,Japan Bank #449
310735,Japan Bank #811
310736,Japan Bank #255
310738,Japan Bank #582
310740,Japan Bank #452
310741,Japan Bank #258
310743,Japan Bank #878
310746,Japan Bank #252
310747,Japan Bank #347
310749,Bank of the South
310750,Japan Bank #238
310752,Japan Bank #591
310753,Japan Bank #362
310754,Japan Bank #237
310760,Japan Bank #345
310762,Japan Bank #898
310764,Japan Bank #265
310767,Japan Bank #236
310772,Japan Bank #841
310776,Japan Bank #245
310778,Japan Bank #450
310779,Japan Bank #259
310780,Japan Bank #260
310781,Japan Bank #261
310782,Japan Bank #262
310783,Japan Bank #263
310784,Japan Bank #446
310785,Japan Bank #387
310789,Japan Bank #929
310795,Japan Bank #384
310797,Japan Bank #247
310800,Japan Bank #250
310801,Japan Bank #251
310804,Japan Bank #751
310810,Japan Bank #932
310811,Japan Bank #266
310813,Japan Bank #764
310816,Japan Bank #269
310817,Japan Bank #545
310820,Japan Bank #595
310821,Japan Bank #267
310823,Japan Bank #633
310828,Japan Bank #374
310832,Bank of Tuscon
310836,Bank of Laramie
310839,Brownstone Trust Bank
310844,First Bank of Augusta
310847,Bank of Indianapolis
310848,National Bank of Sacramento
310850,Japan Bank #536
310854,Japan Bank #288
310857,Japan Bank #273
310858,Japan Bank #274
310862,Japan Bank #752
310863,Japan Bank #373
310864,Japan Bank #283
310867,Japan Bank #524
310872,Japan Bank #279
310874,Japan Bank #686
310876,Japan Bank #365
310877,Japan Bank #300
310878,Japan Bank #800
310881,Japan Bank #477
310883,Japan Bank #284
310884,Japan Bank #285
310885,Japan Bank #428
310888,National Bank of Portsmouth
310889,Plandor Bancorp
310890,Japan Bank #485
310891,Japan Bank #286
310894,Japan Bank #723
310896,Japan Bank #287
310898,Japan Bank #289
310900,Japan Bank #353
310901,Japan Bank #799
310904,Savings Bank of Albany
310905,National Bank of Montpelier
310906,National Bank of Danbury
310909,Japan Bank #291
310911,Japan Bank #726
310912,Japan Bank #372
310914,Japan Bank #354
310917,Japan Bank #355
310919,Japan Bank #325
310923,National Bank of Topeka
310924,First Bank of Helena
310926,Bank of the East
310927,First Bank of Helena
310930,France Bank #4534
310933,Finland Bank #1598
310934,Ireland Bank #1594
310937,Italy Bank #5280
310938,Germany Bank #1635
310940,Japan Bank #757
310942,Japan Bank #744
310943,Japan Bank #729
310946,Japan Bank #321
310947,Japan Bank #326
310949,Japan Bank #327
310950,Japan Bank #308
310951,Japan Bank #920
310954,Japan Bank #292
310955,Japan Bank #366
310956,Japan Bank #474
310957,Japan Bank #870
310961,Japan Bank #661
310964,Japan Bank #302
310967,Japan Bank #298
310972,Japan Bank #301
310973,Japan Bank #404
310976,Japan Bank #820
310977,Japan Bank #900
310978,Japan Bank #297
310981,Japan Bank #970
310986,Japan Bank #874
310990,Japan Bank #294
310995,Japan Bank #745
310996,Japan Bank #295
310997,Japan Bank #879
310998,Japan Bank #855
310999,Japan Bank #341
311000,Japan Bank #973
311002,Japan Bank #323
311004,Japan Bank #644
311009,Japan Bank #400
311010,Japan Bank #390
311011,Japan Bank #984
311012,Japan Bank #909
311013,Japan Bank #394
311014,Japan Bank #975
311015,Japan Bank #915
311019,Japan Bank #876
311022,Japan Bank #988
311023,Japan Bank #715
311024,Japan Bank #990
311026,Japan Bank #304
311027,Japan Bank #700
311028,Japan Bank #882
311029,Japan Bank #814
311031,Japan Bank #339
311034,Japan Bank #305
311035,Japan Bank #306
311037,Japan Bank #307
311038,Japan Bank #376
311042,Japan Bank #967
311043,Japan Bank #309
311047,Japan Bank #310
311048,Japan Bank #349
311050,Japan Bank #954
311051,Japan Bank #7
311052,Japan Bank #813
311053,Japan Bank #840
311055,Japan Bank #668
311056,Japan Bank #311
311059,Japan Bank #815
311060,Japan Bank #569
311061,Japan Bank #687
311062,Japan Bank #312
311063,Japan Bank #313
311064,Japan Bank #502
311065,Japan Bank #314
311071,Japan Bank #940
311075,Japan Bank #335
311077,Japan Bank #851
311079,Japan Bank #1009
311080,Japan Bank #547
311082,Japan Bank #766
311089,Japan Bank #413
311090,Japan Bank #316
311091,Desert Credit Union
311093,Baltech Federal Bank
311098,Japan Bank #343
311100,Japan Bank #317
311101,Japan Bank #23
311103,Japan Bank #979
311104,Japan Bank #328
311105,Japan Bank #710
311106,Japan Bank #655
311110,Japan Bank #318
311112,Plandor Savings Bank
311114,National Bank of Chicago
311116,Brook Federal Bank
311117,Savings Bank of Los Angeles
311118,Savings Bank of Chicago
311119,Bank of Seattle
311120,Baltech Credit Union
311122,Savings Bank of Springfield
311123,First Bank of Boston
311124,First Bank of Huron
311126,National Bank of Lacrosse
311127,Mountain Trust Bank
311128,Hearthstone Bancorp
311130,National Bank of Denver
311135,Willows Savings Bank
311136,Mountain Credit Union
311138,Golden Bank
311139,Hearthstone Savings Bank
311145,Belgium Bank #4394
311147,Spain Bank #4179
311148,Germany Bank #1576
311149,Savings Bank of Hartford
311153,Savings Bank of the Valley
311156,Golden Credit Union
311162,National Bank of Sacramento
311163,National Bank of Madison
311164,First Bank of Sacramento
311165,First Bank of Boston
311169,Germany Bank #3304
311173,Fieldstone Community Bank
311175,Fieldstone Bank
311177,Spruce Thrift
311178,First Bank of Butte
311180,National Bank of Bridgeport
311181,Bank of Miami
311183,Savings Bank of Sacramento
311184,National Bank of Hartford
311185,Bank of Chicago
311186,National Bank of New York
311187,Brownstone Bancorp
311192,France Bank #1880
311193,Sea Cooperative Bank
311194,First Bank of Detroit
311196,France Bank #4383
311198,First Bank of New York
311199,National Bank of Milford
311202,Italy Bank #4839
311203,France Bank #1132
311206,Golden Cooperative Bank
311210,First Bank of the North
311215,Arbor Trust Bank
311216,National Bank of Butte
311218,Japan Bank #319
311220,Japan Bank #463
311221,Japan Bank #320
311222,Japan Bank #893
311224,Japan Bank #479
311225,Japan Bank #931
311227,Japan Bank #419
311229,Japan Bank #322
311230,Japan Bank #1001
311231,Japan Bank #330
311233,Savings Bank of Portsmouth
311239,Desert Bancorp
311241,Japan Bank #385
311243,Japan Bank #904
311244,Japan Bank #962
311247,Savings Bank of Arkadelphia
311248,Hearthstone Thrift
311254,Sea Bancorp
311255,Savings Bank of the East
311257,Bank of Detroit
311259,National Bank of the North
311263,National Bank of Helena
311265,Bank of the South
311268,First Bank of Billings
311269,Savings Bank of Montpelier
311270,Germany Bank #5350
311275,Savings Bank of Philadelphia
311276,Savings Bank of Topeka
311278,National Bank of Albany
311279,Dawn Trust Bank
311280,National Bank of Fort Wayne
311282,Future Cooperative Bank
311286,National Bank of Houston
311287,Bank of Laramie
311288,National Bank of Miami
311290,Italy Bank #5189
311292,National Bank of New Orleans
311293,Bank of Lincoln
311295,Savings Bank of New Orleans
311299,France Bank #1135
311300,Slovakia Bank #5205
311302,Germany Bank #4719
311304,Netherlands Bank #5190
311305,Greece Bank #1137
311306,National Bank of Dallas
311307,National Bank of Madison
311309,Savings Bank of Tuscon
311310,France Bank #1163
311312,Germany Bank #4562
311313,Germany Bank #5992
311314,Germany Bank #1143
311316,France Bank #1138
311317,France Bank #3091
311318,France Bank #5939
311321,Germany Bank #1139
311322,Savings Bank of the South
311323,Savings Bank of Springfield
311324,Plateau Credit Union
311325,First Bank of Phoenix
311326,Germany Bank #1659
311327,Germany Bank #1140
311331,Germany Bank #1722
311332,Greece Bank #5079
311333,First Bank of Lacrosse
311334,Flagstone Savings Bank
311335,Bank of Springfield
311336,Japan Bank #324
311338,Japan Bank #4
311340,Japan Bank #493
311341,Japan Bank #969
311346,Japan Bank #370
311349,Japan Bank #344
311350,Japan Bank #332
311351,Japan Bank #960
311352,Japan Bank #356
311355,Japan Bank #930
311357,Japan Bank #357
311358,Japan Bank #453
311359,Japan Bank #469
311360,Japan Bank #334
311362,Japan Bank #794
311363,Japan Bank #850
311364,Japan Bank #996
311365,Japan Bank #520
311367,Japan Bank #924
311368,Japan Bank #610
311369,Japan Bank #839
311371,Japan Bank #358
311372,Japan Bank #769
311373,Japan Bank #389
311374,Japan Bank #359
311375,Japan Bank #949
311378,Japan Bank #828
311379,Japan Bank #26
311380,Japan Bank #360
311381,Japan Bank #14
311382,Japan Bank #338
311384,Japan Bank #388
311388,Japan Bank #659
311389,Japan Bank #945
311391,Japan Bank #439
311394,Japan Bank #913
311395,Japan Bank #649
311402,Japan Bank #337
311408,Japan Bank #618
311409,Portugal Bank #1152
311410,Italy Bank #2374
311412,France Bank #5181
311414,France Bank #5487
311418,Spain Bank #3507
311419,Italy Bank #1147
311420,Germany Bank #4185
311421,Germany Bank #3963
311424,Italy Bank #4046
311425,Germany Bank #1153
311426,Spain Bank #1154
311428,Croatia Bank #1151
311433,Japan Bank #340
311434,Japan Bank #490
311435,Japan Bank #916
311437,Japan Bank #762
311438,Japan Bank #689
311439,Japan Bank #386
311441,Japan Bank #871
311442,Japan Bank #968
311445,Japan Bank #346
311446,Japan Bank #650
311447,Japan Bank #1010
311451,Savings Bank of Milford
311452,Japan Bank #15
311455,Japan Bank #853
311456,Japan Bank #348
311457,Japan Bank #914
311458,Japan Bank #955
311462,Japan Bank #427
311465,First Bank of Bridgeport
311473,Austria Bank #1203
311475,Netherlands Bank #1156
311478,Spain Bank #1164
311479,Belgium Bank #2135
311480,Netherlands Bank #5555
311481,France Bank #1158
311482,Slovakia Bank #1160
311483,Germany Bank #1161
311485,France Bank #4721
311489,Dawn Bank
311491,Capital Cooperative Bank
311492,First Bank of the Valley
311493,First Bank of Pittsburgh
311494,National Bank of Fairfield
311496,National Bank of Phoenix
311497,Bank of Phoenix
311498,City National Community Bank
311500,Savings Bank of Newport
311503,National Bank of Butte
311504,Savings Bank of Miami
311508,First Bank of Helena
311513,Savings Bank of Watertown
311514,Bank of Cleveland
311515,Savings Bank of Harrisburg
311517,Bank of Arkadelphia
311518,Golden Cooperative Bank
311520,Golden Trust Bank
311522,National Bank of Lincoln
311523,Golden Savings Bank
311528,Spain Bank #5108
311529,Spain Bank #4537
311530,Savings Bank of Columbus
311531,Japan Bank #350
311533,Japan Bank #431
311534,Japan Bank #363
311535,Japan Bank #674
311536,Japan Bank #873
311538,Japan Bank #364
311540,Japan Bank #61
311542,Japan Bank #888
311543,Japan Bank #741
311548,Germany Bank #1608
311550,First Bank of Bridgeport
311551,Willows Thrift
311552,Bank of Providence
311553,Plandor Community Bank
311560,Japan Bank #998
311561,Japan Bank #435
311563,Japan Bank #533
311565,Japan Bank #48
311566,Japan Bank #864
311569,Japan Bank #367
311570,Japan Bank #411
311572,Japan Bank #378
311574,Japan Bank #843
311575,Japan Bank #980
311577,Japan Bank #907
311578,Savings Bank of Hartford
311579,First Bank of Augusta
311582,Savings Bank of Danbury
311583,Japan Bank #976
311584,Savings Bank of Portsmouth
311585,Savings Bank of Plattsburg
311586,National Bank of Chicago
311588,Savings Bank of Springfield
311591,Japan Bank #466
311595,Japan Bank #933
311596,Japan Bank #368
311597,Japan Bank #9
311598,Japan Bank #375
311603,Japan Bank #10
311604,Japan Bank #467
311605,Japan Bank #942
311606,Japan Bank #369
311607,Japan Bank #981
311609,Japan Bank #946
311615,Japan Bank #662
311616,Japan Bank #985
311617,Japan Bank #861
311619,Japan Bank #612
311621,Japan Bank #371
311622,Japan Bank #747
311626,Savings Bank of the East
311627,First Bank of Tuscon
311628,Japan Bank #1019
311629,Japan Bank #21
311630,Japan Bank #377
311631,Japan Bank #883
311633,Future Savings Bank
311634,Japan Bank #401
311638,Japan Bank #381
311641,Japan Bank #380
311643,Japan Bank #456
311644,Japan Bank #711
311645,Japan Bank #739
311646,Japan Bank #889
311647,Japan Bank #391
311648,Japan Bank #392
311652,Japan Bank #698
311653,Japan Bank #393
311656,Japan Bank #551
311658,Japan Bank #396
311662,Japan Bank #416
311663,Japan Bank #34
311664,Japan Bank #936
311665,Japan Bank #677
311667,Japan Bank #922
311671,Japan Bank #780
311673,National Bank of Miami
311674,Sea Federal Bank
311675,Bank of Portsmouth
311676,Dawn Trust Bank
311677,Brownstone Bank
311680,Japan Bank #501
311682,China Bank #271
311684,Japan Bank #402
311685,Japan Bank #696
311686,Japan Bank #497
311687,Japan Bank #403
311689,Japan Bank #514
311691,Japan Bank #5
311694,Japan Bank #999
311698,Japan Bank #884
311700,Japan Bank #531
311701,Japan Bank #417
311702,Japan Bank #405
311705,Japan Bank #817
311706,Japan Bank #407
311708,Japan Bank #951
311709,Japan Bank #961
311710,Savings Bank of Fairfield
311713,Japan Bank #412
311714,Japan Bank #414
311717,Japan Bank #626
311720,Japan Bank #963
311721,Japan Bank #408
311723,Japan Bank #447
311725,Japan Bank #484
311730,Japan Bank #409
311732,National Bank of Arkadelphia
311734,Plateau Savings Bank
311737,First Bank of Albany
311738,Russia Bank #190
311739,Bank of Laramie
311741,Savings Bank of Columbus
311742,Savings Bank of Newbury
311743,Brownstone Federal Bank
311744,Japan Bank #410
311749,Japan Bank #437
311756,Japan Bank #415
311757,Japan Bank #758
311758,Bank of Cleveland
311760,Japan Bank #421
311763,Japan Bank #854
311765,Japan Bank #571
311767,Japan Bank #464
311768,Japan Bank #1
311769,Japan Bank #830
311771,Japan Bank #529
311773,Japan Bank #443
311774,National Bank of Chicago
311781,Japan Bank #648
311783,Japan Bank #424
311784,Japan Bank #425
311786,Japan Bank #1012
311788,Japan Bank #783
311789,Japan Bank #877
311790,Japan Bank #846
311793,Japan Bank #426
311794,First Bank of Denver
311799,Japan Bank #430
311804,Japan Bank #738
311805,Japan Bank #688
311806,Japan Bank #804
311807,Japan Bank #444
311808,Japan Bank #432
311809,Japan Bank #941
311814,Japan Bank #972
311815,Japan Bank #448
311816,Japan Bank #993
311822,Japan Bank #964
311823,Japan Bank #616
311824,Japan Bank #713
311827,Japan Bank #438
311829,Japan Bank #965
311830,Japan Bank #478
311831,Japan Bank #440
311833,Savings Bank of the West
311835,Savings Bank of the West
311836,First Bank of Montpelier
311837,Bank of Sacramento
311839,Savings Bank of Denver
311840,First Bank of Detroit
311841,National Bank of Newport
311842,First Bank of Portsmouth
311844,Spruce Bank
311846,National Bank of Fort Wayne
311847,Hilltop Credit Union
311848,National Bank of Topeka
311851,Sea Cooperative Bank
311853,First Bank of Billings
311857,Spruce Credit Union
311858,Japan Bank #436
311860,Japan Bank #442
311862,Japan Bank #1000
311864,Japan Bank #712
311865,Japan Bank #656
311869,Japan Bank #445
311870,Japan Bank #736
311873,Japan Bank #30
311874,Japan Bank #842
311875,Japan Bank #891
311876,Willows Bancorp
311877,Oasis Savings Bank
311879,First Bank of Portland
311881,Golden Cooperative Bank
311882,Capital Federal Bank
311885,Japan Bank #832
311887,Japan Bank #797
311888,Japan Bank #465
311890,Japan Bank #657
311891,Japan Bank #470
311892,Japan Bank #664
311895,Japan Bank #471
311897,Japan Bank #756
311899,Japan Bank #895
311901,Japan Bank #821
311907,Japan Bank #462
311908,Japan Bank #952
311909,Japan Bank #624
311913,Japan Bank #488
311914,Japan Bank #1014
311915,Japan Bank #494
311916,Japan Bank #64
311919,Japan Bank #872
311922,Japan Bank #455
311923,Japan Bank #32
311928,Japan Bank #675
311931,Japan Bank #527
311933,Japan Bank #460
311934,Japan Bank #562
311936,Japan Bank #887
311937,Japan Bank #457
311938,Japan Bank #458
311941,Japan Bank #459
311942,Japan Bank #461
311945,Japan Bank #500
311947,Japan Bank #565
311949,China Bank #385
311954,Japan Bank #796
311955,Japan Bank #468
311958,Japan Bank #498
311960,Japan Bank #54
311961,Bank of New Orleans
311962,Japan Bank #583
311963,Japan Bank #511
311964,Japan Bank #492
311968,Japan Bank #823
311969,Japan Bank #522
311970,Japan Bank #523
311971,China Bank #879
311972,China Bank #284
311973,China Bank #896
311974,China Bank #339
311975,China Bank #273
311976,China Bank #371
311977,Japan Bank #627
311979,Japan Bank #472
311980,Japan Bank #680
311984,Japan Bank #517
311990,Japan Bank #658
311994,Japan Bank #480
311998,Japan Bank #475
311999,Japan Bank #923
312001,Japan Bank #692
312002,Japan Bank #476
312003,Japan Bank #482
312005,Japan Bank #487
312006,Japan Bank #483
312012,Japan Bank #730
312014,Japan Bank #1011
312015,Japan Bank #486
312016,Japan Bank #885
312018,Japan Bank #753
312021,Japan Bank #530
312024,Japan Bank #997
312025,Japan Bank #619
312030,Japan Bank #554
312034,Japan Bank #1002
312035,Japan Bank #578
312036,Japan Bank #491
312038,Japan Bank #956
312039,Japan Bank #801
312046,Japan Bank #660
312048,Japan Bank #875
312052,Japan Bank #994
312055,Japan Bank #966
312058,Japan Bank #611
312059,Japan Bank #735
312060,Japan Bank #1020
312062,Belgium Bank #4699
312063,Germany Bank #5732
312064,Japan Bank #568
312066,Japan Bank #678
312068,Japan Bank #682
312069,Japan Bank #642
312071,Bank of Fort Wayne
312074,Japan Bank #506
312076,Japan Bank #499
312078,Japan Bank #495
312080,Japan Bank #746
312081,Japan Bank #508
312083,Japan Bank #25
312084,Japan Bank #496
312085,Japan Bank #532
312088,Japan Bank #1007
312090,Japan Bank #503
312091,Japan Bank #510
312092,Japan Bank #731
312093,Japan Bank #617
312094,Japan Bank #775
312096,Japan Bank #705
312097,Japan Bank #623
312098,Japan Bank #1003
312102,Japan Bank #953
312103,Japan Bank #971
312104,Japan Bank #505
312105,Japan Bank #504
312109,Japan Bank #509
312110,Japan Bank #512
312111,Japan Bank #588
312112,Japan Bank #670
312114,Japan Bank #1015
312116,Japan Bank #776
312121,Japan Bank #635
312122,Japan Bank #1018
312123,Japan Bank #29
312124,Japan Bank #613
312126,Japan Bank #983
312127,Japan Bank #684
312128,Japan Bank #513
312130,Japan Bank #724
312133,Plateau Trust Bank
312137,First Bank of Newbury
312140,Baltech Bank
312141,Brook Bancorp
312142,Sunrise Bancorp
312143,Spain Bank #1168
312148,Bank of Omaha
312150,Bank of New York
312153,Japan Bank #525
312157,Japan Bank #748
312159,Japan Bank #862
312162,Japan Bank #65
312163,Japan Bank #742
312165,Japan Bank #822
312166,Japan Bank #926
312167,Japan Bank #897
312168,Japan Bank #833
312169,Japan Bank #584
312173,Japan Bank #1013
312174,Japan Bank #66
312175,Japan Bank #770
312176,Japan Bank #825
312177,Japan Bank #856
312179,Japan Bank #779
312180,Japan Bank #515
312181,Italy Bank #5073
312187,India Bank #986
312188,India Bank #71
312190,India Bank #78
312193,National Bank of Madison
312197,Golden Cooperative Bank
312201,India Bank #70
312203,India Bank #80
312205,India Bank #83
312206,India Bank #77
312208,India Bank #1109
312209,India Bank #79
312212,India Bank #87
312216,India Bank #72
312217,India Bank #73
312218,India Bank #955
312219,India Bank #1
312222,India Bank #35
312223,India Bank #166
312225,India Bank #74
312232,Russia Bank #739
312235,China Bank #434
312238,China Bank #900
312239,China Bank #307
312240,China Bank #393
312241,China Bank #366
312243,China Bank #274
312244,India Bank #90
312246,India Bank #75
312247,China Bank #765
312248,China Bank #288
312249,China Bank #945
312250,China Bank #1000
312251,China Bank #438
312252,China Bank #395
312253,China Bank #981
312254,China Bank #275
312255,China Bank #950
312256,China Bank #1086
312257,China Bank #278
312261,China Bank #721
312262,China Bank #505
312263,China Bank #332
312266,Bank of Tuscon
312267,First Bank of Harrisburg
312273,China Bank #411
312277,India Bank #956
312282,India Bank #117
312283,India Bank #971
312284,India Bank #1070
312285,India Bank #103
312288,India Bank #1037
312289,India Bank #81
312290,India Bank #110
312291,India Bank #82
312292,India Bank #111
312293,India Bank #84
312294,Bank of New York
312295,National Bank of Fort Wayne
312297,India Bank #85
312298,India Bank #957
312299,India Bank #86
312300,India Bank #119
312301,India Bank #187
312302,National Bank of Albany
312304,First Bank of Portland
312308,Bank of Chicago
312313,First Bank of the Valley
312316,National Bank of the South
312317,First Bank of Providence
312320,Bank of Arkadelphia
312322,First Bank of New York
312323,Flagstone Bancorp
312324,National Bank of Lacrosse
312326,Acme Savings Bank
312327,First Bank of Milford
312328,Hilltop Trust Bank
312333,First Bank of the Valley
312334,Savings Bank of Lacrosse
312339,Sunrise Bancorp
312340,Bank of Seattle
312343,Savings Bank of Hartford
312344,National Bank of Miami
312345,Savings Bank of New York
312347,First Bank of Fairfield
312348,Greece Bank #5342
312349,Spain Bank #4244
312350,France Bank #4415
312351,Netherlands Bank #5866
312353,Germany Bank #4997
312355,Italy Bank #5225
312358,Bank of Los Angeles
312359,Mountain Community Bank
312360,Spain Bank #1360
312361,Netherlands Bank #3037
312362,Germany Bank #3483
312363,First Bank of Omaha
312365,Italy Bank #4539
312366,Spain Bank #2462
312367,Austria Bank #1894
312370,France Bank #1226
312371,China Bank #876
312373,China Bank #421
312374,China Bank #289
312375,China Bank #1006
312377,China Bank #301
312379,China Bank #294
312381,China Bank #319
312383,China Bank #920
312384,China Bank #787
312387,China Bank #738
312388,China Bank #867
312390,Greece Bank #3855
312391,Spain Bank #1171
312393,Austria Bank #4750
312397,Spain Bank #5099
312398,Netherlands Bank #1196
312399,Germany Bank #1198
312401,Spain Bank #4055
312402,Italy Bank #1173
312403,France Bank #4181
312404,Germany Bank #5541
312405,France Bank #1199
312408,China Bank #295
312409,China Bank #926
312411,France Bank #3169
312412,Spain Bank #1200
312414,Germany Bank #1201
312416,Spain Bank #1178
312420,Italy Bank #4816
312423,France Bank #1611
312424,Spain Bank #1179
312427,Germany Bank #5265
312429,Germany Bank #4215
312431,Bank of Tuscon
312432,City National Community Bank
312434,First Bank of the Valley
312435,Spain Bank #3616
312436,France Bank #4672
312439,France Bank #1175
312444,France Bank #4296
312445,Germany Bank #1177
312447,Italy Bank #1962
312448,France Bank #4761
312449,Spain Bank #2835
312450,Germany Bank #1202
312451,Spain Bank #3964
312454,Spain Bank #1486
312456,Cyprus Bank #4817
312457,Germany Bank #1183
312458,Slovakia Bank #3863
312460,First Bank of Fairfield
312461,Germany Bank #5628
312462,Italy Bank #1419
312463,Spain Bank #24
312466,Spain Bank #4420
312467,Hearthstone Bank
312468,Fieldstone Savings Bank
312470,Germany Bank #1413
312471,France Bank #1187
312475,Netherlands Bank #3170
312476,France Bank #1884
312479,Germany Bank #2030
312480,France Bank #1189
312482,Germany Bank #1919
312483,First Bank of Augusta
312484,Germany Bank #67
312485,Germany Bank #4984
312486,Germany Bank #1543
312487,Portugal Bank #3734
312489,Greece Bank #5547
312491,Germany Bank #4389
312493,France Bank #5914
312495,Italy Bank #3195
312497,Netherlands Bank #1190
312499,Spain Bank #1453
312502,Spain Bank #1191
312503,Italy Bank #4609
312504,France Bank #4769
312507,Mountain Trust Bank
312511,First Bank of Portland
312513,First Bank of Chicago
312514,National Bank of Seattle
312515,First Bank of Huron
312516,Spruce Federal Bank
312517,National Bank of Billings
312518,Bank of Phoenix
312519,Savings Bank of Chicago
312520,France Bank #3286
312522,Savings Bank of Huron
312523,Sunrise Credit Union
312525,Savings Bank of Helena
312528,Italy Bank #4114
312530,Bank of Billings
312531,Golden Bank
312534,Dawn Bank
312536,First Bank of Cleveland
312537,Bank of Portland
312538,First Bank of Sacramento
312539,Austria Bank #1804
312541,Germany Bank #3369
312544,Germany Bank #2967
312545,Germany Bank #4599
312548,Italy Bank #1364
312550,Mountain Credit Union
312551,France Bank #1766
312552,Ireland Bank #5245
312553,Germany Bank #1728
312554,Spain Bank #6391
312555,France Bank #4818
312556,Bank of Tampa
312557,Bank of Pittsburgh
312558,Arbor Thrift
312561,Golden Federal Bank
312562,Dawn Bank
312565,Sea Trust Bank
312566,Savings Bank of Fort Wayne
312567,First Bank of Plattsburg
312568,First Bank of Arkadelphia
312571,India Bank #88
312573,India Bank #5
312574,India Bank #92
312575,India Bank #91
312579,India Bank #106
312580,India Bank #152
312582,India Bank #89
312583,India Bank #98
312587,India Bank #332
312589,India Bank #96
312591,India Bank #100
312593,India Bank #93
312596,India Bank #105
312597,India Bank #94
312601,India Bank #95
312604,India Bank #104
312609,India Bank #120
312610,India Bank #102
312611,India Bank #1042
312612,India Bank #97
312614,India Bank #958
312615,India Bank #99
312618,India Bank #107
312620,India Bank #108
312621,India Bank #1129
312624,India Bank #101
312629,India Bank #156
312630,India Bank #185
312634,China Bank #936
312636,China Bank #874
312638,China Bank #296
312639,China Bank #297
312640,India Bank #109
312644,India Bank #1097
312645,India Bank #256
312647,India Bank #138
312648,India Bank #177
312653,India Bank #453
312655,India Bank #115
312656,India Bank #1008
312658,India Bank #249
312659,India Bank #168
312660,India Bank #116
312661,India Bank #112
312667,India Bank #1003
312668,India Bank #225
312669,India Bank #113
312672,India Bank #114
312673,India Bank #143
312674,India Bank #226
312675,India Bank #125
312679,India Bank #121
312684,India Bank #122
312685,India Bank #126
312686,India Bank #118
312690,India Bank #233
312692,Italy Bank #3666
312693,Portugal Bank #4569
312694,Ireland Bank #1585
312695,Greece Bank #1225
312696,France Bank #4998
312697,Germany Bank #1772
312698,Germany Bank #6267
312700,Spain Bank #4093
312701,Italy Bank #2008
312702,Germany Bank #1205
312703,Netherlands Bank #4844
312704,Italy Bank #1206
312707,France Bank #5960
312709,Germany Bank #4194
312714,Italy Bank #4850
312716,Italy Bank #1207
312717,Baltech Bank
312718,First Bank of Columbus
312719,Savings Bank of Madison
312720,Brook Trust Bank
312722,India Bank #124
312723,India Bank #1021
312727,India Bank #123
312729,India Bank #980
312730,India Bank #1058
312734,India Bank #355
312735,India Bank #1060
312737,India Bank #1024
312739,India Bank #987
312740,India Bank #24
312741,India Bank #988
312743,India Bank #164
312744,India Bank #140
312747,India Bank #150
312748,India Bank #151
312749,India Bank #145
312753,India Bank #131
312754,India Bank #1063
312755,Savings Bank of Montpelier
312757,National Bank of Montpelier
312760,India Bank #174
312761,India Bank #260
312762,Brownstone Community Bank
312763,India Bank #186
312765,India Bank #142
312766,India Bank #136
312769,India Bank #128
312771,India Bank #134
312773,India Bank #133
312774,India Bank #129
312775,Germany Bank #4009
312777,India Bank #209
312779,India Bank #130
312780,India Bank #208
312782,India Bank #280
312783,India Bank #264
312786,India Bank #456
312788,India Bank #203
312790,India Bank #132
312791,India Bank #316
312794,India Bank #135
312795,India Bank #1012
312796,India Bank #1052
312797,Bank of Madison
312798,National Bank of the West
312799,National Bank of Denver
312801,Bank of Lincoln
312802,Brook Trust Bank
312803,Mountain Thrift
312806,Bank of Indianapolis
312809,France Bank #3967
312811,Hearthstone Trust Bank
312813,Bank of Seattle
312815,India Bank #144
312822,India Bank #313
312823,India Bank #137
312828,India Bank #257
312829,India Bank #146
312830,India Bank #147
312831,India Bank #258
312833,India Bank #992
312835,India Bank #179
312838,India Bank #165
312839,India Bank #1077
312840,India Bank #162
312841,India Bank #201
312843,India Bank #139
312846,India Bank #141
312849,India Bank #839
312851,India Bank #1038
312853,India Bank #192
312858,India Bank #160
312863,India Bank #1107
312865,India Bank #149
312866,India Bank #230
312868,India Bank #154
312871,India Bank #155
312872,The Pine Bancorp
312873,India Bank #1010
312875,India Bank #415
312876,India Bank #153
312878,India Bank #1002
312880,India Bank #157
312881,India Bank #202
312884,India Bank #169
312885,India Bank #161
312886,India Bank #167
312888,India Bank #1004
312889,India Bank #1039
312890,India Bank #188
312891,Germany Bank #1211
312893,Germany Bank #1213
312894,Savings Bank of Miami
312896,Spruce Federal Bank
312898,National Bank of Tuscon
312901,France Bank #4032
312902,Germany Bank #4887
312903,Germany Bank #3599
312904,Italy Bank #1214
312907,India Bank #183
312909,India Bank #158
312911,India Bank #159
312912,India Bank #182
312913,India Bank #163
312918,India Bank #198
312919,India Bank #1082
312920,India Bank #1054
312921,India Bank #1144
312923,India Bank #176
312924,India Bank #1098
312929,India Bank #170
312930,India Bank #171
312932,India Bank #350
312935,India Bank #251
312936,India Bank #1130
312939,India Bank #181
312940,India Bank #189
312941,India Bank #480
312945,Savings Bank of Miami
312947,Bank of Lacrosse
312948,Plandor Credit Union
312949,Sea Bancorp
312950,Bank of Philadelphia
312951,Plateau Thrift
312952,First Bank of the West
312953,National Bank of the West
312954,Acme Bank
312956,India Bank #210
312957,India Bank #533
312959,India Bank #237
312960,India Bank #1056
312963,India Bank #1193
312967,India Bank #791
312968,India Bank #236
312969,India Bank #172
312970,India Bank #206
312971,India Bank #21
312972,India Bank #319
312973,India Bank #173
312974,India Bank #252
312975,India Bank #227
312977,India Bank #974
312979,India Bank #175
312983,India Bank #1022
312985,India Bank #193
312986,India Bank #574
312988,India Bank #821
312989,India Bank #1044
312990,India Bank #937
312991,National Bank of Laramie
312992,Bank of Providence
312996,India Bank #178
312998,India Bank #323
313000,India Bank #1005
313001,India Bank #1071
313004,India Bank #190
313005,India Bank #358
313006,India Bank #962
313007,India Bank #1001
313010,India Bank #434
313011,India Bank #180
313012,India Bank #596
313014,France Bank #1215
313015,France Bank #3805
313016,France Bank #4210
313017,Italy Bank #3420
313018,Slovenia Bank #1539
313019,Belgium Bank #4312
313021,Germany Bank #3234
313022,India Bank #327
313023,India Bank #259
313024,India Bank #184
313026,India Bank #1096
313030,India Bank #263
313032,China Bank #708
313033,China Bank #1107
313034,China Bank #452
313036,China Bank #327
313037,China Bank #666
313039,China Bank #807
313041,India Bank #234
313042,India Bank #1076
313043,India Bank #764
313044,India Bank #204
313045,India Bank #212
313046,India Bank #232
313047,India Bank #246
313048,India Bank #507
313051,India Bank #199
313054,India Bank #205
313055,Bank of Watertown
313056,Bank of Portland
313057,Savings Bank of the North
313059,Plateau Community Bank
313060,Savings Bank of Omaha
313061,India Bank #960
313062,India Bank #191
313063,India Bank #972
313064,India Bank #505
313066,India Bank #194
313067,India Bank #1160
313068,India Bank #195
313069,India Bank #1138
313071,India Bank #196
313073,Spain Bank #1690
313075,India Bank #326
313078,India Bank #1027
313079,India Bank #785
313080,India Bank #989
313083,India Bank #200
313084,India Bank #1023
313086,India Bank #228
313088,India Bank #211
313090,India Bank #820
313091,India Bank #516
313092,India Bank #1078
313099,China Bank #387
313104,China Bank #300
313108,China Bank #365
313109,India Bank #1181
313110,India Bank #1128
313112,India Bank #207
313114,India Bank #471
313117,India Bank #213
313118,India Bank #580
313119,India Bank #1036
313123,India Bank #222
313124,India Bank #546
313125,India Bank #1104
313126,India Bank #214
313127,India Bank #217
313130,India Bank #961
313131,India Bank #312
313132,India Bank #215
313133,India Bank #510
313134,India Bank #218
313136,India Bank #216
313137,India Bank #586
313138,India Bank #469
313140,India Bank #991
313143,India Bank #401
313144,India Bank #990
313146,India Bank #1006
313149,India Bank #219
313150,India Bank #320
313151,India Bank #220
313153,First Bank of New Orleans
313154,Savings Bank of Pittsburgh
313156,India Bank #1029
313157,India Bank #221
313159,India Bank #250
313163,India Bank #223
313166,India Bank #338
313167,India Bank #379
313170,India Bank #224
313171,India Bank #308
313175,First Bank of the Valley
313179,India Bank #599
313183,India Bank #965
313185,India Bank #959
313187,India Bank #941
313188,India Bank #378
313189,India Bank #1053
313192,India Bank #240
313196,India Bank #279
313198,India Bank #763
313200,India Bank #290
313201,India Bank #229
313203,India Bank #239
313204,Fieldstone Trust Bank
313205,Fieldstone Federal Bank
313207,Plandor Bank
313209,First Bank of the North
313210,Mountain Bank
313211,National Bank of Butte
313212,First Bank of Portland
313220,Fieldstone Cooperative Bank
313222,India Bank #238
313224,India Bank #973
313225,India Bank #231
313227,National Bank of the West
313228,Future Federal Bank
313229,First Bank of Miami
313230,National Bank of Newbury
313234,India Bank #347
313235,India Bank #977
313237,India Bank #638
313240,Savings Bank of New Orleans
313242,India Bank #235
313244,India Bank #241
313246,India Bank #8
313252,India Bank #449
313255,India Bank #1040
313257,India Bank #314
313261,India Bank #736
313265,India Bank #1025
313267,India Bank #517
313270,India Bank #1114
313271,India Bank #369
313274,India Bank #244
313275,India Bank #781
313276,India Bank #993
313278,India Bank #397
313279,India Bank #284
313280,India Bank #248
313282,India Bank #242
313283,India Bank #243
313285,India Bank #830
313286,India Bank #364
313293,India Bank #642
313294,India Bank #349
313295,India Bank #247
313301,India Bank #412
313302,India Bank #269
313305,India Bank #629
313306,India Bank #1149
313307,India Bank #278
313310,India Bank #253
313316,India Bank #1066
313318,India Bank #678
313319,India Bank #1211
313324,Hearthstone Credit Union
313325,Flagstone Credit Union
313326,Bank of Tuscon
313327,City National Thrift
313328,Sappo Federal Bank
313330,Hearthstone Bancorp
313332,National Bank of Huron
313335,Plandor Credit Union
313336,National Bank of Watertown
313337,National Bank of New Orleans
313340,National Bank of Seattle
313341,First Bank of Lincoln
313342,Oak Thrift
313343,First Bank of Arkadelphia
313344,First Bank of Pittsburgh
313345,Sea Community Bank
313346,Golden Thrift
313348,First Bank of Dallas
313349,Fieldstone Federal Bank
313350,Savings Bank of Watertown
313351,Flagstone Federal Bank
313353,National Bank of Sacramento
313356,India Bank #254
313359,India Bank #301
313361,India Bank #255
313362,India Bank #1079
313365,India Bank #555
313366,India Bank #1145
313369,India Bank #1080
313370,India Bank #4
313371,National Bank of Sacramento
313372,Plandor Community Bank
313373,First Bank of Arkadelphia
313376,Sea Federal Bank
313377,Baltech Community Bank
313378,India Bank #261
313384,National Bank of Providence
313385,Italy Bank #1217
313390,France Bank #1577
313391,National Bank of Sacramento
313392,India Bank #426
313394,First Bank of Newport
313395,Heath Federal Bank
313397,Capital Cooperative Bank
313398,First Bank of the East
313400,Heath Trust Bank
313401,National Bank of Chicago
313402,Savings Bank of Bridgeport
313403,First Bank of Augusta
313404,Savings Bank of Springfield
313408,Brook Bank
313409,Golden Credit Union
313410,Sunrise Bancorp
313411,Spain Bank #1219
313414,Savings Bank of the Valley
313415,First Bank of Portsmouth
313418,France Bank #1908
313419,Greece Bank #1716
313420,National Bank of Phoenix
313421,Future Trust Bank
313422,Bank of the North
313423,Germany Bank #3803
313426,National Bank of Indianapolis
313427,First Bank of Sacramento
313429,National Bank of Sacramento
313430,Future Cooperative Bank
313431,Golden Credit Union
313432,First Bank of Houston
313433,National Bank of Portland
313435,First Bank of Helena
313436,Bank of Helena
313438,Capital Trust Bank
313440,National Bank of Philadelphia
313441,Savings Bank of Butte
313448,National Bank of Los Angeles
313450,Sappo Bank
313451,Plateau Cooperative Bank
313452,Hilltop Bancorp
313453,Savings Bank of the North
313454,Hilltop Credit Union
313455,Bank of Miami
313457,City National Credit Union
313460,Bank of Harrisburg
313461,National Bank of Laramie
313464,Bank of Dallas
313465,Savings Bank of Danbury
313466,Flagstone Trust Bank
313470,First Bank of the North
313471,Brownstone Cooperative Bank
313473,Slovakia Bank #5923
313474,Greece Bank #1724
313475,Bank of Watertown
313477,Savings Bank of Topeka
313478,Future Federal Bank
313479,Bank of the South
313480,Bank of Augusta
313482,Regents Bank
313483,Savings Bank of Lacrosse
313484,First Bank of Augusta
313485,Bank of Portland
313486,First Bank of the South
313487,First Bank of the Valley
313490,Bank of Chicago
313491,First Bank of Tampa
313492,First Bank of Portland
313493,First Bank of Augusta
313494,First Bank of Billings
313496,Bank of Topeka
313505,Bank of Newport
313508,Bank of the East
313509,Sunrise Federal Bank
313510,France Bank #2225
313511,Savings Bank of the South
313512,First Bank of Phoenix
313513,Oak Federal Bank
313514,National Bank of Hartford
313515,Sappo Credit Union
313517,First Bank of Danbury
313518,Hilltop Cooperative Bank
313520,Austria Bank #4958
313521,Lithuania Bank #2026
313522,Germany Bank #1597
313528,Bank of Portland
313529,City National Bancorp
313531,Sunrise Trust Bank
313535,National Bank of Laramie
313538,Germany Bank #2704
313542,Fieldstone Cooperative Bank
313543,France Bank #3278
313545,First Bank of Topeka
313546,Italy Bank #1990
313547,Brownstone Community Bank
313549,Savings Bank of Cleveland
313551,Brook Bancorp
313552,The Pine Federal Bank
313553,Savings Bank of Watertown
313554,Ireland Bank #1222
313558,National Bank of Newbury
313559,Dawn Community Bank
313560,National Bank of Fort Wayne
313561,Bank of Lincoln
313563,India Bank #391
313564,India Bank #963
313565,India Bank #346
313566,India Bank #262
313567,India Bank #365
313570,India Bank #859
313571,India Bank #463
313572,India Bank #1165
313574,India Bank #975
313575,India Bank #1018
313578,India Bank #1073
313579,India Bank #413
313580,India Bank #275
313581,India Bank #293
313582,India Bank #266
313583,India Bank #1111
313584,India Bank #9
313585,India Bank #451
313586,India Bank #267
313587,India Bank #268
313589,India Bank #982
313591,India Bank #396
313592,India Bank #287
313595,India Bank #265
313597,India Bank #870
313599,India Bank #521
313600,India Bank #1084
313602,Plateau Bank
313605,India Bank #271
313607,India Bank #295
313609,India Bank #270
313610,Savings Bank of Houston
313611,India Bank #272
313613,India Bank #273
313614,India Bank #294
313615,India Bank #274
313616,India Bank #549
313618,India Bank #1055
313619,India Bank #1009
313620,India Bank #508
313622,China Bank #302
313623,China Bank #635
313624,China Bank #1082
313625,China Bank #1106
313628,China Bank #974
313632,India Bank #37
313633,India Bank #305
313634,India Bank #282
313636,India Bank #276
313638,India Bank #277
313640,India Bank #688
313641,India Bank #1081
313642,India Bank #435
313645,Bank of Plattsburg
313646,First Bank of Watertown
313647,National Bank of Hartford
313648,Savings Bank of Albany
313649,Plateau Cooperative Bank
313651,Bank of Denver
313652,Savings Bank of Plattsburg
313654,Savings Bank of Dallas
313655,Sea Credit Union
313656,Mountain Federal Bank
313657,Savings Bank of Tuscon
313658,First Bank of Madison
313659,Hilltop Community Bank
313661,India Bank #382
313662,India Bank #339
313663,India Bank #340
313664,India Bank #362
313667,India Bank #281
313668,France Bank #4220
313670,India Bank #393
313673,India Bank #970
313675,Acme Trust Bank
313677,India Bank #283
313679,India Bank #285
313680,India Bank #341
313681,India Bank #300
313682,India Bank #1164
313685,India Bank #704
313686,India Bank #286
313687,India Bank #1171
313689,India Bank #291
313690,India Bank #528
313691,India Bank #288
313694,India Bank #289
313696,India Bank #862
313698,India Bank #1013
313701,India Bank #450
313702,India Bank #828
313703,India Bank #1176
313710,India Bank #978
313713,India Bank #292
313714,India Bank #885
313715,India Bank #345
313716,India Bank #375
313717,India Bank #1075
313718,India Bank #302
313721,Bank of Dallas
313722,Bank of Chicago
313723,India Bank #303
313724,India Bank #964
313725,India Bank #1007
313727,India Bank #1043
313728,Savings Bank of Newport
313729,India Bank #496
313731,India Bank #296
313732,India Bank #1223
313733,India Bank #311
313734,India Bank #297
313738,India Bank #299
313740,India Bank #1254
313742,Savings Bank of Hartford
313743,National Bank of Lacrosse
313744,China Bank #1091
313746,India Bank #1131
313747,India Bank #1154
313748,India Bank #351
313749,India Bank #342
313750,India Bank #304
313751,India Bank #1119
313753,India Bank #1183
313754,India Bank #432
313757,India Bank #1059
313763,India Bank #337
313769,India Bank #360
313771,India Bank #414
313774,India Bank #309
313777,India Bank #1083
313779,India Bank #306
313780,India Bank #321
313781,India Bank #985
313783,India Bank #307
313784,India Bank #497
313789,India Bank #317
313790,India Bank #318
313793,India Bank #782
313794,India Bank #550
313797,India Bank #786
313799,Bank of Hartford
313802,India Bank #443
313803,India Bank #405
313807,India Bank #1011
313808,Spruce Cooperative Bank
313809,Mountain Credit Union
313812,India Bank #808
313814,India Bank #315
313815,India Bank #540
313816,India Bank #310
313818,India Bank #996
313819,India Bank #501
313820,National Bank of Tuscon
313822,India Bank #322
313823,India Bank #324
313827,India Bank #325
313828,India Bank #328
313829,India Bank #1041
313830,India Bank #1028
313831,India Bank #329
313832,India Bank #330
313833,India Bank #568
313834,India Bank #576
313840,India Bank #331
313841,India Bank #897
313842,India Bank #333
313843,India Bank #335
313844,India Bank #336
313845,India Bank #1188
313849,India Bank #1197
313853,India Bank #633
313857,India Bank #20
313858,India Bank #354
313859,Hilltop Bank
313862,India Bank #359
313863,India Bank #343
313864,India Bank #344
313865,India Bank #538
313866,India Bank #779
313869,Spain Bank #4644
313871,France Bank #1381
313873,Croatia Bank #2015
313874,Italy Bank #1429
313877,Croatia Bank #1230
313878,Germany Bank #5349
313879,Netherlands Bank #4178
313880,Italy Bank #4715
313881,Spain Bank #3800
313882,Spain Bank #1291
313884,Germany Bank #3997
313885,India Bank #829
313886,India Bank #774
313889,India Bank #348
313890,Willows Bancorp
313891,First Bank of Denver
313893,National Bank of Omaha
313894,Brownstone Savings Bank
313895,Bank of Bridgeport
313896,Savings Bank of Chicago
313897,France Bank #5013
313900,Fieldstone Community Bank
313904,Oak Community Bank
313905,Acme Bancorp
313907,India Bank #1099
313908,India Bank #1072
313915,India Bank #386
313917,India Bank #353
313920,India Bank #909
313921,India Bank #882
313923,India Bank #400
313924,India Bank #831
313925,India Bank #799
313926,India Bank #357
313928,India Bank #454
313929,India Bank #388
313930,India Bank #356
313933,India Bank #361
313934,Spain Bank #5192
313936,India Bank #398
313937,India Bank #363
313938,India Bank #1159
313939,India Bank #847
313942,India Bank #366
313943,India Bank #367
313944,India Bank #368
313946,India Bank #370
313947,Hilltop Trust Bank
313948,Bank of the North
313949,Netherlands Bank #6137
313950,First Bank of Madison
313951,National Bank of the East
313954,Savings Bank of Omaha
313955,Germany Bank #1235
313956,Germany Bank #5184
313957,Acme Thrift
313960,Savings Bank of Los Angeles
313961,Bank of Arkadelphia
313962,Savings Bank of Detroit
313963,First Bank of Watertown
313964,Savings Bank of Springfield
313965,Savings Bank of Madison
313966,Mountain Bank
313967,Flagstone Cooperative Bank
313969,First Bank of Laramie
313971,First Bank of Los Angeles
313972,Desert Cooperative Bank
313976,Savings Bank of Portland
313977,Savings Bank of Portland
313978,Sappo Bank
313979,Mountain Federal Bank
313982,Spruce Trust Bank
313983,Oasis Bancorp
313984,Bank of Miami
313985,Desert Bancorp
313987,Latvia Bank #1236
313988,Bank of Philadelphia
313991,Italy Bank #2622
313993,Italy Bank #1641
313996,Belgium Bank #3648
313997,Germany Bank #4985
313998,Italy Bank #1698
313999,First Bank of New Orleans
314000,Savings Bank of the South
314001,Bank of the South
314003,National Bank of Huron
314004,Bank of Newbury
314005,Oasis Cooperative Bank
314006,First Bank of the North
314007,First Bank of Fairfield
314009,First Bank of Hartford
314011,Bank of Los Angeles
314013,Sunrise Bancorp
314015,Desert Savings Bank
314016,Bank of Plattsburg
314021,National Bank of Tuscon
314022,First Bank of Laramie
314028,First Bank of Sacramento
314030,National Bank of Miami
314032,National Bank of Seattle
314033,National Bank of Billings
314034,First Bank of Milford
314035,Bank of Albany
314036,Capital Bank
314037,Savings Bank of Portland
314038,First Bank of Seattle
314040,Bank of Pittsburgh
314041,Brownstone Trust Bank
314045,First Bank of Plattsburg
314046,First Bank of Columbus
314048,National Bank of Miami
314049,National Bank of Springfield
314060,Plateau Federal Bank
314064,Savings Bank of Lincoln
314066,First Bank of Arkadelphia
314068,Willows Bank
314069,Savings Bank of Pittsburgh
314070,First Bank of Newbury
314073,First Bank of Cleveland
314082,National Bank of Lincoln
314084,First Bank of Arkadelphia
314086,National Bank of Phoenix
314087,Baltech Thrift
314088,Hearthstone Bancorp
314091,Plateau Bank
314092,City National Credit Union
314093,Spruce Bank
314098,First Bank of Tampa
314099,The Pine Thrift
314103,Golden Credit Union
314108,First Bank of Arkadelphia
314110,Sappo Thrift
314111,National Bank of the North
314114,Desert Thrift
314115,First Bank of Seattle
314118,Brook Trust Bank
314119,Acme Federal Bank
314121,Sappo Bancorp
314122,Fieldstone Federal Bank
314123,Bank of Columbus
314125,Desert Cooperative Bank
314126,Bank of Plattsburg
314129,Brownstone Thrift
314130,National Bank of New Orleans
314131,India Bank #1215
314132,India Bank #679
314134,India Bank #1113
314135,India Bank #811
314136,Capital Cooperative Bank
314138,Bank of Phoenix
314140,Savings Bank of Newbury
314142,Savings Bank of the East
314148,India Bank #1120
314150,India Bank #417
314151,India Bank #1065
314152,India Bank #1101
314153,India Bank #371
314154,India Bank #372
314156,India Bank #1026
314157,India Bank #881
314160,India Bank #440
314161,India Bank #1093
314162,India Bank #406
314163,India Bank #374
314165,India Bank #373
314166,India Bank #1085
314168,India Bank #588
314169,India Bank #392
314170,India Bank #1151
314171,India Bank #427
314172,India Bank #793
314173,India Bank #376
314174,India Bank #377
314179,India Bank #500
314181,India Bank #42
314182,Bank of Harrisburg
314183,India Bank #1069
314187,Netherlands Bank #1250
314190,Netherlands Bank #1245
314191,Portugal Bank #6141
314192,Slovakia Bank #5681
314195,Germany Bank #1243
314200,France Bank #4180
314201,Spain Bank #4875
314202,France Bank #5337
314205,France Bank #1305
314207,Portugal Bank #4606
314211,Germany Bank #5637
314212,Luxembourg Bank #2072
314213,Germany Bank #5009
314215,France Bank #1311
314216,Spain Bank #4856
314219,Italy Bank #3978
314222,Italy Bank #4450
314225,Belgium Bank #4264
314228,Italy Bank #4956
314231,France Bank #4957
314234,Spain Bank #4821
314238,Acme Trust Bank
314242,Sunrise Bank
314244,Bank of Huron
314245,Plandor Cooperative Bank
314248,Bank of Houston
314251,National Bank of Danbury
314252,Hilltop Trust Bank
314253,Arbor Cooperative Bank
314254,Sappo Federal Bank
314255,National Bank of Houston
314256,Future Trust Bank
314257,Spain Bank #1463
314258,Spain Bank #4970
314261,First Bank of Albany
314263,Savings Bank of Cleveland
314264,National Bank of Detroit
314265,Bank of New York
314269,Sea Credit Union
314270,Hilltop Cooperative Bank
314271,Savings Bank of Augusta
314272,Bank of Boston
314275,Slovenia Bank #1257
314276,Germany Bank #2976
314277,First Bank of Tampa
314278,First Bank of Philadelphia
314279,First Bank of Boston
314280,National Bank of Newport
314281,National Bank of Madison
314283,Arbor Federal Bank
314288,Bank of Phoenix
314289,Oasis Federal Bank
314292,First Bank of Boston
314294,First Bank of Danbury
314295,National Bank of the North
314296,First Bank of the South
314299,Savings Bank of Billings
314300,National Bank of Sacramento
314303,Germany Bank #4198
314304,Germany Bank #1984
314305,Italy Bank #1318
314310,Italy Bank #3590
314313,Netherlands Bank #3777
314314,Germany Bank #5662
314315,France Bank #4708
314318,Germany Bank #1261
314319,Germany Bank #2200
314320,Germany Bank #1265
314321,Germany Bank #1290
314323,Germany Bank #1502
314324,Bank of Newport
314326,National Bank of Detroit
314327,Savings Bank of Columbus
314328,Acme Federal Bank
314329,First Bank of Detroit
314332,Hearthstone Cooperative Bank
314334,Germany Bank #1263
314335,Italy Bank #4917
314336,Italy Bank #1508
314337,France Bank #1313
314338,Italy Bank #3197
314341,France Bank #1262
314343,Slovakia Bank #1264
314346,Spain Bank #4631
314347,Italy Bank #3984
314349,India Bank #394
314350,India Bank #1220
314352,India Bank #979
314354,India Bank #997
314355,India Bank #1100
314357,India Bank #1046
314358,India Bank #891
314359,India Bank #777
314363,India Bank #1178
314364,India Bank #380
314368,National Bank of Augusta
314369,India Bank #381
314370,India Bank #1045
314371,India Bank #383
314372,India Bank #833
314374,Flagstone Federal Bank
314375,India Bank #493
314377,India Bank #1132
314378,India Bank #1142
314381,India Bank #489
314385,India Bank #671
314386,France Bank #1350
314387,India Bank #542
314389,India Bank #424
314390,India Bank #419
314393,India Bank #907
314394,India Bank #809
314395,India Bank #384
314396,India Bank #1147
314397,India Bank #385
314403,Capital Community Bank
314405,India Bank #411
314406,India Bank #1212
314407,Capital Bank
314410,Plandor Savings Bank
314412,France Bank #1268
314413,India Bank #387
314415,India Bank #581
314417,India Bank #585
314418,India Bank #519
314419,India Bank #408
314423,India Bank #1143
314425,India Bank #389
314426,India Bank #1050
314427,India Bank #22
314429,India Bank #621
314430,India Bank #976
314431,India Bank #390
314434,India Bank #1155
314439,India Bank #530
314443,India Bank #795
314446,Sappo Bancorp
314447,Regents Thrift
314448,Dawn Credit Union
314449,Slovenia Bank #1269
314451,National Bank of Madison
314454,First Bank of New Orleans
314461,National Bank of Topeka
314463,Brook Trust Bank
314464,Savings Bank of Indianapolis
314465,India Bank #1184
314468,India Bank #1216
314469,India Bank #395
314470,India Bank #1237
314475,India Bank #1057
314476,India Bank #591
314479,India Bank #1218
314482,India Bank #423
314483,India Bank #441
314485,India Bank #442
314488,India Bank #481
314489,India Bank #402
314492,India Bank #403
314496,Mountain Trust Bank
314497,Spruce Bancorp
314498,First Bank of Arkadelphia
314499,India Bank #404
314501,India Bank #873
314502,India Bank #477
314503,India Bank #433
314505,India Bank #515
314508,India Bank #420
314511,India Bank #407
314512,India Bank #1146
314513,India Bank #950
314516,India Bank #1186
314523,India Bank #409
314524,India Bank #410
314527,India Bank #810
314528,India Bank #617
314529,India Bank #446
314530,India Bank #935
314533,India Bank #445
314535,India Bank #416
314536,India Bank #418
314537,India Bank #695
314540,India Bank #436
314541,India Bank #1014
314542,India Bank #983
314545,India Bank #1175
314547,India Bank #437
314548,India Bank #421
314549,India Bank #1224
314555,Capital Bancorp
314556,National Bank of Fairfield
314557,Bank of Watertown
314558,First Bank of the East
314561,First Bank of Boston
314564,India Bank #422
314566,India Bank #425
314567,India Bank #484
314568,India Bank #1030
314571,India Bank #746
314572,India Bank #869
314573,India Bank #428
314575,India Bank #438
314578,India Bank #514
314579,India Bank #429
314580,India Bank #476
314583,India Bank #430
314585,India Bank #431
314586,India Bank #684
314587,India Bank #475
314588,India Bank #1049
314589,India Bank #1185
314590,India Bank #912
314592,India Bank #951
314593,India Bank #439
314594,India Bank #1074
314595,India Bank #942
314597,India Bank #952
314598,India Bank #494
314599,India Bank #447
314604,Arbor Savings Bank
314609,India Bank #464
314610,India Bank #724
314611,India Bank #444
314614,India Bank #1219
314616,India Bank #916
314618,India Bank #448
314621,India Bank #1122
314622,India Bank #892
314623,India Bank #1015
314624,India Bank #579
314627,India Bank #483
314629,Savings Bank of Portland
314631,India Bank #470
314632,India Bank #565
314635,India Bank #495
314638,India Bank #816
314639,First Bank of Plattsburg
314644,Savings Bank of Pittsburgh
314645,Germany Bank #5063
314646,Baltech Bank
314647,Savings Bank of Arkadelphia
314648,National Bank of Milford
314650,Fieldstone Bank
314651,Baltech Federal Bank
314654,Capital Thrift
314656,National Bank of the East
314660,Spain Bank #1278
314661,Italy Bank #1279
314662,Spain Bank #5572
314663,France Bank #5484
314665,France Bank #1280
314666,France Bank #1270
314668,Belgium Bank #1271
314670,Spain Bank #5760
314671,Belgium Bank #5212
314672,Germany Bank #5131
314673,Italy Bank #4608
314674,Spain Bank #4443
314675,Brook Savings Bank
314676,Savings Bank of the South
314684,Germany Bank #4546
314689,Italy Bank #4824
314690,Greece Bank #4265
314692,France Bank #4663
314693,France Bank #1283
314694,Portugal Bank #70
314695,Croatia Bank #2046
314697,Hearthstone Bancorp
314702,Bank of Providence
314704,France Bank #5294
314705,Spain Bank #1276
314707,Bank of Denver
314708,National Bank of Madison
314710,Belgium Bank #1309
314711,Bank of Pittsburgh
314712,Baltech Bancorp
314717,Sea Thrift
314718,Hilltop Trust Bank
314723,Bank of Portsmouth
314724,Savings Bank of Sacramento
314725,India Bank #473
314727,India Bank #474
314729,India Bank #1068
314731,India Bank #457
314732,India Bank #748
314733,India Bank #14
314734,Arbor Trust Bank
314736,India Bank #1158
314738,Savings Bank of Watertown
314739,India Bank #855
314741,India Bank #452
314742,India Bank #794
314744,India Bank #455
314745,India Bank #458
314746,India Bank #459
314747,India Bank #772
314748,India Bank #460
314758,India Bank #920
314759,India Bank #462
314761,India Bank #461
314763,India Bank #1192
314767,India Bank #999
314768,India Bank #1166
314772,India Bank #851
314775,India Bank #1061
314776,India Bank #465
314778,India Bank #466
314780,India Bank #467
314782,India Bank #468
314783,India Bank #479
314784,France Bank #4554
314790,India Bank #874
314797,India Bank #896
314798,India Bank #472
314799,India Bank #1086
314800,India Bank #712
314802,India Bank #1110
314803,India Bank #1172
314804,India Bank #62
314805,India Bank #532
314806,India Bank #643
314810,India Bank #478
314812,India Bank #1148
314815,India Bank #1262
314816,India Bank #1253
314818,India Bank #1123
314822,India Bank #486
314824,India Bank #524
314829,India Bank #797
314831,China Bank #305
314832,India Bank #849
314837,India Bank #482
314838,India Bank #577
314843,India Bank #523
314844,India Bank #1198
314845,India Bank #903
314846,India Bank #1102
314848,India Bank #1231
314849,India Bank #995
314851,India Bank #1088
314852,India Bank #1094
314853,India Bank #485
314854,India Bank #611
314858,India Bank #1047
314859,India Bank #914
314861,India Bank #875
314863,India Bank #23
314864,India Bank #18
314866,India Bank #487
314868,India Bank #488
314869,India Bank #994
314871,India Bank #655
314877,India Bank #1118
314878,India Bank #490
314880,India Bank #1031
314881,India Bank #491
314884,India Bank #492
314891,India Bank #613
314894,India Bank #567
314895,India Bank #498
314896,India Bank #864
314898,National Bank of Pittsburgh
314900,Netherlands Bank #1288
314901,Spain Bank #3422
314907,Germany Bank #1285
314909,National Bank of Bridgeport
314912,Germany Bank #5338
314913,Germany Bank #4869
314915,Heath Community Bank
314916,Savings Bank of Columbus
314917,Bank of Danbury
314918,Bank of Miami
314919,National Bank of Columbus
314921,Heath Thrift
314922,Regents Community Bank
314923,Savings Bank of Madison
314924,Savings Bank of Butte
314925,Hearthstone Savings Bank
314927,First Bank of Springfield
314928,National Bank of Miami
314931,The Pine Community Bank
314932,First Bank of Helena
314933,National Bank of the East
314935,Brook Cooperative Bank
314937,Bank of Boston
314938,National Bank of Lincoln
314939,Golden Bancorp
314940,Capital Thrift
314942,Desert Community Bank
314943,Bank of Helena
314944,First Bank of Augusta
314945,The Pine Thrift
314949,Future Trust Bank
314952,Savings Bank of Albany
314954,Regents Cooperative Bank
314955,Bank of Laramie
314958,Savings Bank of Boston
314959,National Bank of Bridgeport
314961,National Bank of Montpelier
314962,First Bank of Lacrosse
314965,National Bank of Chicago
314967,Bank of Dallas
314971,India Bank #548
314973,India Bank #499
314975,India Bank #967
314977,India Bank #868
314978,India Bank #600
314981,India Bank #1182
314982,India Bank #1228
314984,India Bank #503
314985,Netherlands Bank #5068
314989,Germany Bank #1289
314992,Slovenia Bank #1296
314993,Germany Bank #4891
314995,Italy Bank #5490
314998,Spain Bank #1292
314999,Netherlands Bank #4073
315000,Germany Bank #1636
315001,France Bank #2097
315002,Belgium Bank #1294
315004,Spain Bank #3440
315008,Savings Bank of Montpelier
315010,Portugal Bank #3973
315011,India Bank #1135
315016,India Bank #1136
315017,India Bank #622
315018,India Bank #502
315019,China Bank #826
315022,India Bank #998
315026,India Bank #47
315027,India Bank #48
315028,India Bank #10
315029,India Bank #504
315032,India Bank #1187
315033,India Bank #531
315038,Germany Bank #2513
315039,Germany Bank #5968
315041,Bank of the South
315042,India Bank #687
315045,India Bank #578
315046,India Bank #1168
315047,Ireland Bank #3508
315049,Latvia Bank #3064
315050,Italy Bank #5086
315053,First Bank of Portsmouth
315055,National Bank of Fairfield
315056,Regents Bank
315058,National Bank of Watertown
315059,National Bank of Montpelier
315061,Savings Bank of Topeka
315066,National Bank of the West
315068,Savings Bank of Fort Wayne
315069,National Bank of Lacrosse
315070,First Bank of Philadelphia
315072,Savings Bank of Augusta
315074,Oasis Federal Bank
315076,Savings Bank of the West
315079,National Bank of Huron
315080,Flagstone Thrift
315082,Savings Bank of Topeka
315084,Regents Savings Bank
315085,The Pine Community Bank
315094,France Bank #2519
315095,Italy Bank #1299
315096,Italy Bank #1472
315097,Italy Bank #1300
315098,Ireland Bank #4710
315100,France Bank #1301
315102,Italy Bank #1517
315103,Spain Bank #1302
315105,Germany Bank #4583
315106,Germany Bank #1871
315107,Germany Bank #5936
315109,Slovakia Bank #4457
315110,France Bank #5199
315111,Germany Bank #3176
315112,Italy Bank #2338
315115,National Bank of Columbus
315116,Spain Bank #1801
315118,Greece Bank #5366
315119,Germany Bank #1632
315123,Italy Bank #2324
315127,Italy Bank #1307
315132,France Bank #5969
315133,Spain Bank #1343
315134,France Bank #1903
315137,Germany Bank #2503
315142,Spain Bank #3858
315144,India Bank #512
315145,India Bank #1033
315146,India Bank #1095
315147,India Bank #1189
315151,India Bank #677
315155,India Bank #506
315157,India Bank #744
315158,India Bank #1199
315160,India Bank #938
315161,India Bank #1121
315163,India Bank #858
315164,China Bank #306
315166,India Bank #509
315171,India Bank #1229
315178,India Bank #703
315179,India Bank #659
315183,India Bank #1161
315184,India Bank #1173
315185,Dawn Trust Bank
315186,Spruce Savings Bank
315187,Bank of Watertown
315188,Brook Federal Bank
315190,France Bank #1503
315192,Heath Cooperative Bank
315193,India Bank #651
315195,India Bank #511
315196,India Bank #1202
315197,India Bank #552
315200,India Bank #800
315202,India Bank #575
315203,India Bank #52
315205,India Bank #755
315206,India Bank #723
315209,India Bank #513
315211,India Bank #1115
315212,India Bank #589
315213,India Bank #570
315214,India Bank #1263
315223,India Bank #848
315224,India Bank #788
315226,India Bank #573
315228,China Bank #317
315231,China Bank #902
315232,India Bank #57
315234,India Bank #1233
315235,India Bank #1238
315236,Savings Bank of Los Angeles
315237,Bank of Augusta
315239,Bank of Indianapolis
315240,National Bank of Arkadelphia
315242,Hearthstone Cooperative Bank
315243,Regents Savings Bank
315245,India Bank #835
315246,India Bank #518
315247,India Bank #645
315248,Acme Cooperative Bank
315250,Fieldstone Bancorp
315253,The Pine Bank
315254,India Bank #584
315259,India Bank #1016
315262,India Bank #60
315269,India Bank #1141
315271,India Bank #780
315274,India Bank #547
315275,India Bank #13
315277,India Bank #1112
315278,India Bank #944
315279,India Bank #837
315284,India Bank #520
315285,India Bank #966
315286,India Bank #832
315292,India Bank #825
315293,India Bank #522
315297,India Bank #852
315298,Bank of Pittsburgh
315299,India Bank #582
315300,India Bank #525
315301,India Bank #876
315302,India Bank #1092
315303,France Bank #1832
315304,National Bank of Cleveland
315306,India Bank #877
315308,India Bank #1248
315309,India Bank #711
315310,India Bank #1032
315311,India Bank #554
315312,India Bank #605
315314,India Bank #526
315316,India Bank #527
315319,India Bank #904
315320,India Bank #529
315324,First Bank of Newbury
315325,Baltech Credit Union
315329,Sea Cooperative Bank
315330,National Bank of Lincoln
315332,Desert Cooperative Bank
315334,Bank of Laramie
315335,Bank of the Valley
315339,Savings Bank of Newport
315340,Fieldstone Community Bank
315341,Hilltop Bank
315342,Sappo Bank
315343,Bank of Houston
315344,First Bank of Billings
315349,India Bank #601
315350,India Bank #534
315352,India Bank #1133
315355,India Bank #804
315356,India Bank #561
315360,Germany Bank #1678
315361,India Bank #943
315364,India Bank #559
315365,India Bank #3
315366,India Bank #536
315367,India Bank #883
315368,India Bank #884
315373,Austria Bank #4248
315374,India Bank #1034
315378,India Bank #657
315379,India Bank #1150
315382,India Bank #560
315383,India Bank #683
315384,India Bank #537
315386,India Bank #551
315390,India Bank #948
315392,India Bank #1048
315394,India Bank #981
315396,India Bank #539
315399,India Bank #541
315400,India Bank #1019
315401,India Bank #945
315402,India Bank #778
315403,India Bank #923
315405,First Bank of Cleveland
315407,India Bank #639
315409,Spruce Bank
315410,First Bank of Sacramento
315411,Mountain Community Bank
315412,Capital Community Bank
315416,India Bank #543
315417,India Bank #908
315420,India Bank #760
315421,India Bank #544
315422,India Bank #1167
315424,First Bank of Dallas
315428,Savings Bank of Watertown
315434,India Bank #1163
315435,India Bank #545
315437,India Bank #738
315438,India Bank #1000
315439,India Bank #801
315441,India Bank #1134
315442,India Bank #1209
315445,India Bank #663
315448,India Bank #553
315449,India Bank #556
315450,India Bank #905
315451,India Bank #557
315453,India Bank #823
315454,India Bank #583
315455,India Bank #558
315459,India Bank #1067
315463,India Bank #727
315465,Hearthstone Community Bank
315466,First Bank of Newbury
315468,The Pine Credit Union
315469,The Pine Bancorp
315470,First Bank of Fairfield
315471,National Bank of Miami
315476,Savings Bank of Philadelphia
315478,Bank of Topeka
315479,First Bank of New Orleans
315480,Spruce Bank
315483,India Bank #705
315484,First Bank of Huron
315487,Bank of Harrisburg
315488,Bank of Columbus
315489,First Bank of Phoenix
315492,Baltech Bancorp
315493,First Bank of Topeka
315494,India Bank #595
315498,India Bank #925
315499,France Bank #1314
315500,Acme Bancorp
315502,India Bank #826
315503,India Bank #563
315504,Hilltop Federal Bank
315506,India Bank #1243
315507,India Bank #562
315508,India Bank #901
315510,India Bank #933
315511,India Bank #564
315513,India Bank #615
315516,India Bank #592
315517,India Bank #1249
315518,National Bank of the North
315524,India Bank #928
315525,India Bank #924
315526,India Bank #1230
315529,National Bank of Chicago
315531,Ireland Bank #2731
315532,Greece Bank #3246
315533,France Bank #1315
315534,Regents Federal Bank
315535,France Bank #6083
315536,Portugal Bank #1682
315537,The Pine Credit Union
315539,National Bank of Watertown
315542,Bank of Montpelier
315544,First Bank of Watertown
315550,Heath Cooperative Bank
315551,National Bank of Houston
315554,First Bank of Plattsburg
315555,Bank of Montpelier
315556,National Bank of Lincoln
315557,Savings Bank of Portsmouth
315559,Bank of Omaha
315561,City National Trust Bank
315562,Brook Community Bank
315563,Bank of Pittsburgh
315567,Plateau Bancorp
315568,National Bank of New Orleans
315569,Bank of Harrisburg
315571,Oasis Bancorp
315573,Bank of Denver
315574,Golden Thrift
315577,Golden Credit Union
315579,Spain Bank #6054
315580,First Bank of the Valley
315581,Bank of Montpelier
315584,Bank of New Orleans
315585,Savings Bank of the South
315586,Sea Bancorp
315587,Bank of Harrisburg
315589,First Bank of Pittsburgh
315591,Arbor Bank
315592,First Bank of Portsmouth
315593,Desert Credit Union
315595,Savings Bank of Laramie
315596,Brownstone Credit Union
315604,The Pine Community Bank
315605,National Bank of Newport
315607,Bank of Portsmouth
315610,Bank of Fort Wayne
315612,Bank of New Orleans
315617,Flagstone Community Bank
315618,Willows Cooperative Bank
315620,Bank of Tuscon
315621,Bank of Columbus
315625,Germany Bank #2293
315627,Spain Bank #4575
315628,Germany Bank #5195
315629,France Bank #3577
315631,France Bank #4186
315632,France Bank #1316
315633,Belgium Bank #1425
315635,Italy Bank #3650
315636,Italy Bank #2278
315637,France Bank #5558
315639,Italy Bank #4490
315646,Fieldstone Savings Bank
315647,Savings Bank of Los Angeles
315648,Spruce Cooperative Bank
315650,Spain Bank #4661
315651,Spain Bank #4718
315652,Netherlands Bank #3999
315655,Spain Bank #4444
315656,Savings Bank of Plattsburg
315662,Austria Bank #5829
315663,Belgium Bank #3358
315665,Finland Bank #1319
315671,France Bank #1788
315672,Savings Bank of Danbury
315673,Portugal Bank #3651
315674,France Bank #3733
315677,First Bank of Madison
315678,Bank of Arkadelphia
315680,Hilltop Community Bank
315681,First Bank of Butte
315682,Hearthstone Trust Bank
315683,Bank of Billings
315685,Heath Community Bank
315686,Plandor Bank
315687,First Bank of Columbus
315689,National Bank of New York
315690,National Bank of Lincoln
315693,Savings Bank of Houston
315696,National Bank of Houston
315698,National Bank of Butte
315700,Bank of Watertown
315703,Portugal Bank #5680
315704,Italy Bank #4206
315705,Bank of Providence
315706,France Bank #5658
315707,National Bank of Dallas
315709,Greece Bank #1324
315710,First Bank of Harrisburg
315711,Golden Bank
315713,First Bank of the East
315715,Netherlands Bank #5275
315718,National Bank of Bridgeport
315719,Bank of Phoenix
315720,Savings Bank of Newbury
315721,National Bank of Houston
315727,Hilltop Federal Bank
315728,Savings Bank of Tuscon
315729,Italy Bank #4963
315730,Germany Bank #4483
315732,Bank of Billings
315735,Savings Bank of Denver
315736,Savings Bank of New Orleans
315737,National Bank of the East
315739,Savings Bank of Madison
315740,Desert Bank
315741,First Bank of Huron
315743,Willows Savings Bank
315747,Plateau Bank
315749,National Bank of Philadelphia
315750,Savings Bank of Fort Wayne
315751,Savings Bank of Fort Wayne
315752,Sappo Cooperative Bank
315755,Savings Bank of Springfield
315757,Bank of Pittsburgh
315759,Savings Bank of Denver
315762,First Bank of New Orleans
315763,Willows Bancorp
315765,Sappo Community Bank
315766,Sea Bank
315767,Savings Bank of Tuscon
315768,Savings Bank of Houston
315770,Savings Bank of Fort Wayne
315771,National Bank of Watertown
315772,National Bank of Omaha
315773,First Bank of Miami
315774,Bank of Portsmouth
315779,Bank of Harrisburg
315783,Mountain Bancorp
315785,Mountain Bancorp
315790,First Bank of Augusta
315796,Bank of Phoenix
315797,First Bank of Cleveland
315798,Hearthstone Trust Bank
315799,Italy Bank #1915
315800,Oasis Thrift
315802,Willows Thrift
315803,India Bank #590
315805,India Bank #757
315806,India Bank #635
315809,Dawn Credit Union
315810,Bank of the Valley
315811,National Bank of Omaha
315813,India Bank #566
315814,India Bank #1203
315816,India Bank #758
315823,India Bank #1196
315826,India Bank #1162
315827,India Bank #840
315828,India Bank #1225
315830,India Bank #776
315831,India Bank #572
315832,India Bank #913
315833,India Bank #569
315835,India Bank #819
315837,India Bank #1103
315838,India Bank #834
315839,India Bank #571
315840,India Bank #915
315841,India Bank #602
315844,India Bank #1087
315845,India Bank #934
315846,India Bank #1174
315847,India Bank #906
315848,India Bank #710
315849,India Bank #984
315853,India Bank #1250
315854,China Bank #329
315855,India Bank #787
315857,India Bank #587
315859,India Bank #812
315860,India Bank #603
315861,India Bank #921
315862,India Bank #604
315865,India Bank #910
315866,India Bank #1062
315871,First Bank of the East
315872,Hearthstone Federal Bank
315873,India Bank #593
315874,India Bank #594
315875,India Bank #775
315881,India Bank #597
315882,India Bank #598
315883,India Bank #1169
315884,India Bank #636
315885,India Bank #697
315887,Savings Bank of Phoenix
315888,Germany Bank #1326
315890,France Bank #1328
315891,India Bank #919
315893,First Bank of the East
315897,India Bank #607
315899,India Bank #608
315901,India Bank #623
315902,First Bank of Detroit
315904,India Bank #612
315905,India Bank #922
315907,India Bank #610
315909,India Bank #865
315910,India Bank #625
315912,India Bank #609
315915,First Bank of Danbury
315916,Spain Bank #3270
315918,Bank of Fairfield
315921,First Bank of Chicago
315922,Capital Trust Bank
315923,Savings Bank of the North
315925,First Bank of Miami
315927,First Bank of Huron
315928,Savings Bank of Danbury
315930,National Bank of Sacramento
315931,Bank of Helena
315932,National Bank of Fairfield
315933,Future Bancorp
315935,Spain Bank #3343
315936,Brownstone Savings Bank
315937,Arbor Trust Bank
315938,Savings Bank of Butte
315939,India Bank #844
315944,India Bank #926
315945,India Bank #1258
315947,India Bank #616
315948,India Bank #836
315950,India Bank #1105
315951,India Bank #699
315952,India Bank #803
315953,India Bank #620
315954,India Bank #627
315955,India Bank #628
315958,India Bank #1221
315962,India Bank #1265
315963,India Bank #765
315964,India Bank #618
315966,India Bank #1269
315969,India Bank #1201
315970,India Bank #619
315972,India Bank #1264
315973,India Bank #886
315974,India Bank #1204
315976,India Bank #685
315977,India Bank #843
315978,India Bank #624
315979,India Bank #968
315980,India Bank #1137
315982,Savings Bank of Newbury
315983,India Bank #640
315986,India Bank #1089
315987,India Bank #1190
315989,India Bank #630
315994,India Bank #1125
315995,India Bank #878
315997,India Bank #856
315998,India Bank #626
315999,India Bank #631
316001,India Bank #632
316005,India Bank #802
316007,India Bank #637
316009,India Bank #634
316012,India Bank #898
316013,India Bank #667
316018,India Bank #641
316019,India Bank #1191
316021,India Bank #1244
316023,India Bank #946
316025,India Bank #887
316027,India Bank #646
316030,India Bank #644
316031,India Bank #1117
316034,India Bank #953
316037,India Bank #647
316039,India Bank #902
316040,India Bank #822
316041,India Bank #650
316042,India Bank #1259
316044,India Bank #668
316045,India Bank #1017
316046,India Bank #754
316048,India Bank #661
316049,India Bank #656
316051,India Bank #1266
316053,India Bank #648
316054,India Bank #1064
316055,India Bank #1140
316056,India Bank #1035
316057,India Bank #853
316058,India Bank #649
316059,India Bank #911
316062,India Bank #652
316063,India Bank #653
316064,India Bank #654
316067,India Bank #866
316078,India Bank #662
316081,India Bank #824
316085,India Bank #752
316086,India Bank #1251
316087,India Bank #660
316088,India Bank #1124
316089,India Bank #664
316093,Italy Bank #5559
316095,France Bank #4277
316098,Bank of New Orleans
316100,Bank of Madison
316101,First Bank of Topeka
316102,Future Trust Bank
316103,Bank of Plattsburg
316104,Bank of Phoenix
316105,Hearthstone Trust Bank
316106,Oak Federal Bank
316107,National Bank of the Valley
316108,Bank of Fairfield
316109,Sea Trust Bank
316114,Bank of Harrisburg
316115,The Pine Thrift
316116,Bank of Hartford
316117,Savings Bank of the South
316118,National Bank of Newbury
316120,National Bank of New York
316121,Plateau Federal Bank
316128,National Bank of Boston
316131,First Bank of Arkadelphia
316133,Plateau Trust Bank
316136,Germany Bank #1331
316138,Italy Bank #5339
316139,Germany Bank #2109
316141,National Bank of Los Angeles
316144,Savings Bank of Laramie
316145,Fieldstone Thrift
316148,Acme Community Bank
316152,National Bank of Lacrosse
316157,India Bank #917
316159,India Bank #737
316160,India Bank #665
316161,India Bank #666
316164,India Bank #818
316166,India Bank #673
316168,India Bank #669
316169,India Bank #1177
316170,India Bank #773
316176,India Bank #670
316177,India Bank #1268
316179,India Bank #861
316180,India Bank #796
316182,France Bank #5417
316184,India Bank #721
316186,India Bank #672
316187,India Bank #674
316191,India Bank #676
316194,India Bank #728
316195,India Bank #675
316196,India Bank #817
316198,India Bank #1213
316199,India Bank #681
316201,India Bank #682
316202,India Bank #1116
316207,India Bank #743
316210,India Bank #845
316212,India Bank #735
316214,India Bank #860
316215,India Bank #783
316218,India Bank #1236
316220,India Bank #707
316221,India Bank #686
316223,India Bank #784
316225,India Bank #879
316226,India Bank #689
316228,India Bank #927
316231,India Bank #888
316232,India Bank #693
316233,India Bank #827
316235,India Bank #846
316236,India Bank #690
316237,India Bank #789
316240,India Bank #691
316242,India Bank #969
316243,India Bank #1170
316244,National Bank of Laramie
316245,Brook Savings Bank
316246,India Bank #1205
316248,Plateau Credit Union
316249,India Bank #694
316251,India Bank #931
316256,India Bank #692
316260,India Bank #1108
316261,Savings Bank of Denver
316263,First Bank of New York
316264,Bank of Seattle
316265,India Bank #890
316266,India Bank #739
316270,India Bank #798
316271,Oasis Savings Bank
316272,Germany Bank #2857
316275,Mountain Federal Bank
316276,Fieldstone Credit Union
316277,First Bank of Fairfield
316280,Fieldstone Thrift
316281,First Bank of Albany
316283,Sappo Community Bank
316284,Ireland Bank #1335
316285,Slovakia Bank #5289
316287,Latvia Bank #1444
316291,Germany Bank #4861
316293,Italy Bank #1332
316295,Savings Bank of Billings
316296,National Bank of Miami
316297,First Bank of Fort Wayne
316299,Savings Bank of Miami
316300,Savings Bank of Columbus
316301,Plandor Savings Bank
316302,Fieldstone Community Bank
316303,First Bank of Springfield
316305,Savings Bank of Portsmouth
316308,Plateau Community Bank
316310,Bank of Detroit
316311,First Bank of Miami
316312,Bank of Miami
316313,Spain Bank #4401
316315,Austria Bank #4709
316317,Belgium Bank #5786
316319,Estonia Bank #2742
316321,France Bank #4610
316322,National Bank of Butte
316323,National Bank of Plattsburg
316325,India Bank #813
316327,India Bank #841
316329,Arbor Trust Bank
316332,India Bank #1126
316335,India Bank #1255
316338,India Bank #717
316341,India Bank #954
316342,India Bank #696
316343,India Bank #1206
316346,India Bank #731
316347,India Bank #769
316348,India Bank #732
316350,India Bank #733
316352,India Bank #734
316353,India Bank #929
316354,India Bank #700
316357,India Bank #701
316358,India Bank #698
316361,India Bank #1091
316364,Savings Bank of Seattle
316365,India Bank #1207
316366,India Bank #893
316367,India Bank #1208
316368,India Bank #805
316370,Bank of Albany
316377,India Bank #706
316380,India Bank #708
316382,India Bank #709
316384,India Bank #790
316385,India Bank #1226
316386,India Bank #1156
316387,India Bank #1194
316388,India Bank #1217
316393,India Bank #716
316394,Italy Bank #1337
316398,India Bank #713
316399,India Bank #1260
316400,India Bank #714
316405,India Bank #867
316407,India Bank #1242
316409,India Bank #889
316410,India Bank #715
316412,India Bank #871
316413,India Bank #770
316415,India Bank #854
316419,India Bank #725
316423,India Bank #726
316424,India Bank #1210
316425,India Bank #718
316426,India Bank #719
316428,India Bank #1152
316429,India Bank #1090
316430,Regents Bancorp
316431,Sea Savings Bank
316433,First Bank of Phoenix
316435,First Bank of the North
316438,First Bank of Boston
316440,Willows Trust Bank
316443,Brook Credit Union
316444,Heath Cooperative Bank
316445,National Bank of Portland
316446,Dawn Federal Bank
316447,Savings Bank of Sacramento
316449,Bank of Augusta
316451,The Pine Cooperative Bank
316455,First Bank of Fort Wayne
316457,India Bank #720
316460,India Bank #722
316469,India Bank #1227
316470,India Bank #1257
316478,India Bank #1232
316479,India Bank #1157
316480,India Bank #729
316481,India Bank #730
316487,India Bank #857
316488,India Bank #899
316489,India Bank #932
316493,Savings Bank of Indianapolis
316494,Brook Bank
316495,National Bank of New York
316498,Savings Bank of Huron
316506,Bank of Phoenix
316508,Capital Community Bank
316509,Bank of Sacramento
316510,National Bank of Fort Wayne
316511,Savings Bank of Tampa
316513,Savings Bank of Providence
316516,Bank of the Valley
316517,National Bank of the East
316518,Savings Bank of Arkadelphia
316519,National Bank of New Orleans
316522,Acme Trust Bank
316523,Willows Credit Union
316524,First Bank of Bridgeport
316525,Mountain Savings Bank
316527,Germany Bank #1341
316528,First Bank of Detroit
316530,Savings Bank of Portsmouth
316531,Plandor Bancorp
316532,Savings Bank of Boston
316533,Oasis Thrift
316537,First Bank of Albany
316540,Savings Bank of Danbury
316541,Savings Bank of the Valley
316542,Arbor Bancorp
316544,Savings Bank of Albany
316546,First Bank of Chicago
316547,Brook Bancorp
316549,First Bank of Seattle
316551,Sunrise Federal Bank
316553,First Bank of Harrisburg
316554,First Bank of Fairfield
316557,National Bank of Portland
316558,France Bank #1763
316566,Sunrise Community Bank
316568,First Bank of Pittsburgh
316570,National Bank of Lincoln
316571,Bank of Lincoln
316572,Savings Bank of Newport
316574,First Bank of New Orleans
316577,Spain Bank #1344
316578,Germany Bank #5444
316582,India Bank #1139
316585,India Bank #814
316586,India Bank #65
316588,India Bank #1252
316590,India Bank #1051
316592,India Bank #850
316595,India Bank #740
316597,India Bank #880
316598,India Bank #741
316599,India Bank #894
316600,Russia Bank #67
316604,National Bank of the West
316614,Russia Bank #64
316615,Russia Bank #65
316617,Russia Bank #66
316618,Russia Bank #73
316619,Russia Bank #75
316623,Russia Bank #212
316624,Russia Bank #68
316625,Russia Bank #105
316628,Russia Bank #866
316630,Russia Bank #912
316632,Russia Bank #74
316634,Russia Bank #150
316636,Russia Bank #817
316637,Russia Bank #826
316638,Russia Bank #72
316639,Russia Bank #213
316640,Russia Bank #175
316641,Russia Bank #864
316644,Russia Bank #1009
316645,Russia Bank #162
316648,Russia Bank #69
316649,Russia Bank #70
316651,Russia Bank #102
316652,Savings Bank of Hartford
316653,Russia Bank #71
316655,Russia Bank #339
316657,Russia Bank #840
316663,Russia Bank #81
316664,Russia Bank #87
316665,Russia Bank #981
316666,Russia Bank #863
316667,Russia Bank #98
316670,First Bank of Hartford
316671,First Bank of Lincoln
316673,Russia Bank #953
316675,Russia Bank #76
316679,Russia Bank #806
316681,Russia Bank #991
316682,Russia Bank #189
316683,Russia Bank #89
316687,Russia Bank #697
316689,Russia Bank #84
316690,Russia Bank #77
316691,Russia Bank #862
316697,Russia Bank #78
316698,Russia Bank #86
316699,Russia Bank #109
316700,Russia Bank #841
316701,Russia Bank #7
316704,Russia Bank #101
316706,Russia Bank #79
316707,Russia Bank #88
316709,Russia Bank #870
316711,Russia Bank #868
316714,Russia Bank #808
316716,Russia Bank #923
316717,Russia Bank #882
316718,Russia Bank #99
316719,Russia Bank #268
316720,Russia Bank #116
316722,Russia Bank #82
316723,Russia Bank #85
316724,Russia Bank #805
316725,Russia Bank #83
316727,Russia Bank #171
316728,Germany Bank #5261
316730,Russia Bank #867
316733,Russia Bank #272
316734,Russia Bank #134
316736,Russia Bank #96
316737,Russia Bank #90
316739,Russia Bank #258
316741,Russia Bank #91
316742,Russia Bank #100
316744,Russia Bank #92
316750,Russia Bank #97
316753,Russia Bank #93
316755,Russia Bank #95
316756,Russia Bank #94
316762,Russia Bank #157
316763,Russia Bank #833
316768,Russia Bank #983
316771,Russia Bank #147
316775,Russia Bank #143
316777,Russia Bank #148
316778,Russia Bank #149
316779,Russia Bank #121
316780,Russia Bank #873
316781,Russia Bank #103
316784,Russia Bank #896
316786,Russia Bank #264
316787,Russia Bank #1
316788,First Bank of Harrisburg
316789,Russia Bank #119
316790,Russia Bank #104
316791,Russia Bank #135
316792,Russia Bank #144
316794,Russia Bank #197
316795,Russia Bank #111
316796,Russia Bank #112
316800,Russia Bank #108
316801,Russia Bank #107
316802,Russia Bank #125
316803,Russia Bank #163
316804,Russia Bank #110
316805,Russia Bank #131
316807,Russia Bank #890
316808,Russia Bank #115
316809,Russia Bank #138
316811,Russia Bank #124
316813,Russia Bank #120
316814,Russia Bank #159
316816,Russia Bank #874
316818,Russia Bank #122
316820,Russia Bank #865
316821,Russia Bank #113
316823,Oasis Bancorp
316824,Russia Bank #114
316828,Russia Bank #117
316830,Russia Bank #118
316831,Russia Bank #854
316833,Russia Bank #807
316834,Russia Bank #126
316835,Russia Bank #973
316836,Russia Bank #127
316838,Russia Bank #128
316839,Russia Bank #501
316841,Russia Bank #130
316842,Russia Bank #141
316845,Russia Bank #243
316846,Russia Bank #129
316847,Russia Bank #123
316849,Russia Bank #136
316850,Russia Bank #820
316855,Russia Bank #179
316856,Bank of Tampa
316857,Russia Bank #827
316860,Russia Bank #899
316863,Russia Bank #132
316865,Russia Bank #133
316867,Russia Bank #137
316869,Russia Bank #26
316873,Russia Bank #139
316875,Russia Bank #885
316876,Russia Bank #145
316877,Russia Bank #843
316878,Russia Bank #140
316879,Russia Bank #810
316883,Russia Bank #146
316884,Russia Bank #966
316887,Savings Bank of Omaha
316892,Russia Bank #195
316895,Russia Bank #269
316896,Russia Bank #223
316898,Russia Bank #166
316899,Russia Bank #27
316900,Russia Bank #932
316902,Russia Bank #352
316904,Russia Bank #151
316906,Russia Bank #153
316907,Russia Bank #844
316908,Russia Bank #242
316909,Sunrise Bancorp
316910,National Bank of Fairfield
316915,Regents Federal Bank
316916,Oak Bancorp
316917,Russia Bank #210
316918,Russia Bank #5
316919,Russia Bank #703
316921,Russia Bank #152
316923,Russia Bank #158
316924,Russia Bank #811
316925,Russia Bank #261
316926,Russia Bank #156
316927,Russia Bank #155
316928,Russia Bank #154
316937,First Bank of Omaha
316939,The Pine Cooperative Bank
316943,First Bank of Lincoln
316944,The Pine Bank
316945,First Bank of Helena
316948,Russia Bank #216
316949,Russia Bank #965
316950,Russia Bank #940
316951,Russia Bank #262
316952,Russia Bank #842
316954,Russia Bank #937
316958,Russia Bank #181
316959,Russia Bank #183
316960,Russia Bank #172
316961,Russia Bank #421
316962,Russia Bank #814
316963,Russia Bank #312
316967,Russia Bank #311
316968,Russia Bank #402
316971,Russia Bank #315
316973,Russia Bank #847
316974,Russia Bank #20
316977,Russia Bank #518
316978,Russia Bank #848
316979,Russia Bank #513
316983,Russia Bank #316
316989,Russia Bank #17
316993,Russia Bank #160
316994,Russia Bank #819
316995,Russia Bank #198
316996,Russia Bank #945
316997,Russia Bank #534
316999,Russia Bank #177
317000,Russia Bank #161
317002,Russia Bank #10
317007,Russia Bank #259
317010,Portugal Bank #2525
317011,France Bank #1345
317013,National Bank of Tampa
317014,National Bank of Newport
317016,National Bank of Philadelphia
317017,National Bank of Phoenix
317020,Bank of Miami
317023,Regents Bank
317026,Russia Bank #809
317028,Russia Bank #165
317030,Russia Bank #192
317032,Russia Bank #11
317034,Russia Bank #164
317035,Russia Bank #437
317038,Russia Bank #176
317041,Russia Bank #869
317042,Russia Bank #1047
317043,Russia Bank #167
317045,Russia Bank #168
317046,Russia Bank #846
317047,Russia Bank #187
317048,Russia Bank #203
317049,Russia Bank #169
317051,Russia Bank #0
317052,Russia Bank #174
317053,France Bank #1348
317055,Germany Bank #1349
317058,Savings Bank of the South
317059,National Bank of Omaha
317061,France Bank #5688
317063,Russia Bank #170
317064,Russia Bank #173
317067,Bank of Omaha
317068,Russia Bank #816
317070,Russia Bank #194
317071,Russia Bank #249
317072,Russia Bank #1011
317074,National Bank of Los Angeles
317079,Russia Bank #924
317081,Russia Bank #237
317082,National Bank of Seattle
317083,First Bank of Milford
317085,Flagstone Cooperative Bank
317090,Russia Bank #1010
317091,Russia Bank #188
317092,Russia Bank #951
317094,First Bank of Augusta
317096,Savings Bank of Helena
317097,Spain Bank #1890
317098,Italy Bank #2963
317102,Russia Bank #178
317103,Russia Bank #880
317104,Russia Bank #196
317106,Russia Bank #329
317107,National Bank of Pittsburgh
317110,National Bank of Albany
317114,Russia Bank #1012
317116,Russia Bank #897
317118,Russia Bank #883
317120,Russia Bank #313
317121,Russia Bank #185
317122,Russia Bank #850
317123,Russia Bank #182
317124,Russia Bank #547
317126,Russia Bank #263
317127,Russia Bank #716
317128,Russia Bank #971
317129,Russia Bank #238
317130,Russia Bank #184
317131,Russia Bank #647
317133,Russia Bank #224
317134,Russia Bank #461
317136,Russia Bank #812
317137,Russia Bank #233
317140,Russia Bank #448
317143,Russia Bank #202
317146,Russia Bank #881
317147,Russia Bank #898
317152,Spain Bank #1701
317154,Portugal Bank #2216
317156,Russia Bank #974
317157,Russia Bank #191
317158,Russia Bank #359
317159,Russia Bank #818
317161,Russia Bank #785
317163,Russia Bank #215
317170,Russia Bank #225
317171,Russia Bank #892
317174,Russia Bank #193
317175,Russia Bank #4
317178,China Bank #309
317180,Russia Bank #324
317181,Russia Bank #239
317182,Russia Bank #209
317183,Russia Bank #383
317185,First Bank of Danbury
317186,Russia Bank #214
317188,The Pine Cooperative Bank
317189,National Bank of New Orleans
317191,Savings Bank of the North
317192,Bank of New Orleans
317195,Russia Bank #199
317198,Russia Bank #707
317201,Russia Bank #308
317202,Russia Bank #200
317205,Russia Bank #201
317207,Russia Bank #207
317210,Russia Bank #252
317211,Russia Bank #204
317212,Russia Bank #916
317214,First Bank of Cleveland
317215,Baltech Trust Bank
317219,National Bank of Billings
317221,Savings Bank of Providence
317222,First Bank of Harrisburg
317224,Bank of Madison
317238,Belgium Bank #5571
317240,Portugal Bank #6140
317241,Spain Bank #3773
317242,Italy Bank #4251
317243,Golden Community Bank
317246,First Bank of Topeka
317248,Heath Credit Union
317253,First Bank of the North
317257,National Bank of Montpelier
317260,Sappo Federal Bank
317261,Russia Bank #345
317262,Russia Bank #334
317263,Russia Bank #205
317264,Russia Bank #343
317269,Russia Bank #282
317271,Russia Bank #246
317272,Russia Bank #206
317274,Russia Bank #250
317275,Russia Bank #825
317277,Russia Bank #221
317278,Russia Bank #729
317279,Russia Bank #208
317281,Russia Bank #8
317284,Russia Bank #211
317287,Capital Community Bank
317289,Germany Bank #1351
317290,Italy Bank #1352
317291,France Bank #1906
317293,First Bank of Albany
317297,Russia Bank #254
317298,Russia Bank #687
317299,Russia Bank #672
317301,Russia Bank #298
317302,Savings Bank of Fairfield
317304,Savings Bank of Harrisburg
317307,Regents Bank
317313,Russia Bank #29
317315,Russia Bank #317
317316,Russia Bank #1019
317318,Savings Bank of the West
317319,Russia Bank #452
317320,Russia Bank #683
317323,Russia Bank #231
317324,Russia Bank #217
317331,Russia Bank #218
317333,Russia Bank #219
317335,Russia Bank #220
317338,Russia Bank #297
317339,Russia Bank #256
317340,Russia Bank #996
317343,Russia Bank #778
317344,Russia Bank #302
317345,Russia Bank #824
317347,Russia Bank #358
317352,Russia Bank #491
317353,Russia Bank #222
317355,Russia Bank #251
317358,Russia Bank #1048
317361,Russia Bank #813
317363,Russia Bank #988
317366,First Bank of Butte
317367,Russia Bank #960
317372,Russia Bank #946
317373,Russia Bank #266
317375,Russia Bank #815
317378,Russia Bank #342
317379,Russia Bank #245
317382,Russia Bank #226
317383,Russia Bank #270
317384,Russia Bank #979
317386,Russia Bank #500
317388,Russia Bank #247
317389,Russia Bank #291
317390,Russia Bank #248
317391,Russia Bank #227
317395,Russia Bank #228
317397,Russia Bank #229
317398,First Bank of Columbus
317399,Bank of Seattle
317400,Savings Bank of Indianapolis
317401,Brook Credit Union
317403,Bank of Philadelphia
317404,Hilltop Cooperative Bank
317406,Bank of Denver
317408,City National Trust Bank
317409,Savings Bank of the West
317410,Mountain Federal Bank
317412,Savings Bank of Springfield
317414,Savings Bank of Los Angeles
317415,France Bank #1354
317416,First Bank of Albany
317417,Bank of Philadelphia
317418,Sappo Community Bank
317419,First Bank of Newport
317420,Italy Bank #3496
317422,Germany Bank #4552
317423,Germany Bank #4036
317424,France Bank #5347
317426,France Bank #1435
317429,Belgium Bank #5485
317433,First Bank of New Orleans
317434,Desert Trust Bank
317435,Oak Cooperative Bank
317436,Russia Bank #884
317438,Russia Bank #319
317441,Russia Bank #230
317442,Russia Bank #278
317443,Russia Bank #232
317445,Russia Bank #296
317446,Russia Bank #1042
317447,Russia Bank #234
317450,Russia Bank #746
317452,Russia Bank #375
317454,Russia Bank #235
317455,Russia Bank #877
317456,Russia Bank #236
317459,Russia Bank #241
317463,Russia Bank #240
317465,Russia Bank #925
317467,Russia Bank #244
317469,China Bank #648
317472,Russia Bank #293
317474,Russia Bank #398
317479,Capital Cooperative Bank
317480,First Bank of Denver
317482,First Bank of Fort Wayne
317484,National Bank of Plattsburg
317487,Dawn Community Bank
317488,Brownstone Thrift
317493,Russia Bank #348
317495,Russia Bank #698
317496,Russia Bank #828
317501,Russia Bank #871
317505,Russia Bank #990
317507,Russia Bank #373
317508,Russia Bank #260
317509,Russia Bank #299
317512,Russia Bank #253
317514,Russia Bank #913
317516,Russia Bank #255
317518,Russia Bank #285
317520,Russia Bank #257
317525,Russia Bank #939
317527,Russia Bank #271
317528,Russia Bank #2
317529,Russia Bank #328
317530,Russia Bank #330
317531,Russia Bank #344
317533,First Bank of Huron
317535,First Bank of Chicago
317538,Savings Bank of Plattsburg
317540,Bank of New York
317542,Russia Bank #265
317543,Russia Bank #327
317544,Russia Bank #284
317545,Russia Bank #289
317548,Russia Bank #394
317549,Russia Bank #633
317550,Russia Bank #273
317551,Russia Bank #267
317553,Russia Bank #309
317554,Russia Bank #274
317558,Russia Bank #845
317559,Russia Bank #275
317560,Russia Bank #1013
317563,Savings Bank of Omaha
317564,Oak Thrift
317565,First Bank of Fairfield
317566,First Bank of Hartford
317567,First Bank of Pittsburgh
317568,Bank of Dallas
317569,Sunrise Thrift
317571,Plandor Community Bank
317575,Spain Bank #1357
317579,Russia Bank #401
317580,Russia Bank #288
317582,Russia Bank #492
317583,Russia Bank #673
317586,Russia Bank #287
317587,Russia Bank #276
317588,Russia Bank #277
317589,Russia Bank #279
317590,Russia Bank #290
317593,Russia Bank #914
317594,Russia Bank #915
317597,Russia Bank #1059
317598,Russia Bank #281
317599,Russia Bank #314
317601,Russia Bank #702
317602,Russia Bank #280
317604,Russia Bank #921
317605,Russia Bank #283
317606,Russia Bank #473
317607,Savings Bank of Newport
317608,First Bank of Madison
317611,National Bank of Harrisburg
317612,National Bank of New York
317614,Oasis Credit Union
317615,Germany Bank #5351
317616,First Bank of Huron
317618,Italy Bank #5065
317619,Belgium Bank #4561
317620,Willows Bank
317621,Bank of Omaha
317623,Russia Bank #554
317629,Russia Bank #292
317630,Russia Bank #286
317633,Russia Bank #918
317637,Russia Bank #384
317638,Russia Bank #322
317639,Russia Bank #294
317640,Russia Bank #295
317641,Russia Bank #566
317644,Russia Bank #956
317645,Russia Bank #982
317646,Russia Bank #463
317648,Russia Bank #1023
317650,Russia Bank #409
317652,Russia Bank #803
317653,Russia Bank #370
317656,Russia Bank #300
317657,Russia Bank #889
317658,Russia Bank #551
317661,Russia Bank #471
317662,Russia Bank #631
317663,National Bank of Fairfield
317665,Savings Bank of the North
317666,Savings Bank of Fort Wayne
317667,Fieldstone Bancorp
317668,Bank of Lincoln
317670,Savings Bank of Fairfield
317671,Savings Bank of Phoenix
317673,Savings Bank of Chicago
317676,Savings Bank of Pittsburgh
317677,First Bank of the South
317678,First Bank of Boston
317680,Flagstone Trust Bank
317681,Bank of Arkadelphia
317682,National Bank of Tuscon
317684,Mountain Credit Union
317693,National Bank of the West
317696,Bank of Los Angeles
317697,Capital Cooperative Bank
317698,Brook Savings Bank
317699,Bank of Fort Wayne
317700,First Bank of Madison
317705,Savings Bank of Harrisburg
317708,Sunrise Cooperative Bank
317710,Brownstone Trust Bank
317711,Plandor Community Bank
317712,Oasis Cooperative Bank
317716,Brownstone Trust Bank
317721,Savings Bank of Huron
317722,Savings Bank of Butte
317724,First Bank of Danbury
317726,Regents Cooperative Bank
317727,Acme Federal Bank
317728,Mountain Bancorp
317729,Bank of Fort Wayne
317731,National Bank of Fairfield
317733,First Bank of Columbus
317735,Savings Bank of Harrisburg
317743,First Bank of the South
317746,National Bank of Omaha
317748,Sappo Bank
317749,Bank of Seattle
317750,First Bank of the South
317753,Oak Credit Union
317755,Savings Bank of Lacrosse
317757,Bank of Sacramento
317761,Sunrise Bank
317762,Willows Community Bank
317763,Savings Bank of Huron
317765,National Bank of Butte
317767,First Bank of Newbury
317768,Bank of Milford
317769,First Bank of Plattsburg
317770,First Bank of Watertown
317771,National Bank of Butte
317772,Bank of Harrisburg
317773,Italy Bank #1588
317774,The Pine Credit Union
317776,Spain Bank #1607
317779,Savings Bank of Boston
317780,First Bank of Seattle
317782,Capital Bancorp
317784,Bank of Lincoln
317787,Savings Bank of Denver
317788,National Bank of Phoenix
317791,National Bank of Lacrosse
317793,Savings Bank of Fort Wayne
317796,Savings Bank of New York
317797,Fieldstone Federal Bank
317799,Oak Credit Union
317801,Bank of Hartford
317802,Mountain Savings Bank
317803,First Bank of Portland
317804,Savings Bank of Los Angeles
317809,Savings Bank of Omaha
317813,Oak Trust Bank
317815,Savings Bank of Phoenix
317816,National Bank of Hartford
317817,Bank of the North
317820,Dawn Savings Bank
317822,Bank of the South
317823,First Bank of Indianapolis
317824,Savings Bank of Bridgeport
317826,National Bank of Pittsburgh
317830,First Bank of Tuscon
317835,Future Bancorp
317836,First Bank of Huron
317838,Sunrise Federal Bank
317840,Sappo Credit Union
317842,France Bank #4442
317843,France Bank #4188
317846,Savings Bank of Sacramento
317847,Hearthstone Federal Bank
317848,The Pine Community Bank
317851,France Bank #2719
317854,Germany Bank #5306
317855,Malta Bank #1849
317856,Italy Bank #5953
317857,Italy Bank #1834
317859,Belgium Bank #4392
317868,Plateau Thrift
317869,Bank of Harrisburg
317870,France Bank #1362
317871,Belgium Bank #5421
317873,Portugal Bank #2121
317874,Portugal Bank #2481
317876,Spain Bank #1363
317878,Germany Bank #3754
317879,Austria Bank #6139
317882,Germany Bank #3166
317883,Spruce Bank
317884,Hearthstone Cooperative Bank
317885,France Bank #3220
317886,Savings Bank of Phoenix
317887,Hearthstone Bancorp
317888,First Bank of Boston
317890,First Bank of Miami
317892,Savings Bank of the East
317893,First Bank of Portsmouth
317896,France Bank #4874
317897,Italy Bank #4189
317899,Spain Bank #1471
317901,Spain Bank #1950
317903,Germany Bank #2262
317904,Spain Bank #1366
317906,Malta Bank #1367
317907,Netherlands Bank #5177
317908,Germany Bank #5909
317910,Bank of Fairfield
317912,Italy Bank #1555
317915,France Bank #3221
317916,Greece Bank #4712
317924,Belgium Bank #5081
317926,Portugal Bank #4190
317928,Germany Bank #1372
317931,Spain Bank #1373
317934,Germany Bank #2265
317935,Germany Bank #4023
317937,Belgium Bank #5066
317938,Spain Bank #1374
317939,Slovakia Bank #5492
317940,Italy Bank #2791
317941,Slovakia Bank #1699
317942,France Bank #1714
317948,Germany Bank #2643
317949,Spain Bank #5509
317950,Germany Bank #4971
317951,Spain Bank #3002
317956,Willows Thrift
317957,First Bank of Laramie
317959,Arbor Trust Bank
317961,Future Federal Bank
317962,Spruce Trust Bank
317963,Hearthstone Bancorp
317968,Arbor Credit Union
317969,Savings Bank of Danbury
317971,Savings Bank of Portsmouth
317972,National Bank of Danbury
317973,Sappo Thrift
317974,National Bank of the West
317981,Savings Bank of Los Angeles
317987,Bank of Providence
317989,Portugal Bank #2183
317990,Italy Bank #4506
317992,Germany Bank #1377
317996,Spain Bank #3142
317999,France Bank #5940
318000,Germany Bank #1378
318004,Germany Bank #5826
318005,Spain Bank #1379
318006,Italy Bank #5749
318007,Spain Bank #1957
318008,Italy Bank #1382
318009,Netherlands Bank #6192
318010,Spain Bank #1383
318012,France Bank #1384
318014,France Bank #4207
318015,Netherlands Bank #2572
318016,Savings Bank of the West
318017,France Bank #2579
318020,Greece Bank #1385
318021,Germany Bank #5077
318026,Spain Bank #4827
318028,Germany Bank #5994
318030,Italy Bank #3007
318036,France Bank #1415
318037,France Bank #1416
318039,Slovenia Bank #1417
318040,Germany Bank #4011
318041,Germany Bank #3605
318042,Spain Bank #1401
318043,Finland Bank #2566
318044,Germany Bank #3529
318045,Belgium Bank #1523
318046,Germany Bank #1402
318050,Italy Bank #1656
318051,France Bank #4110
318054,Italy Bank #1473
318055,Germany Bank #4474
318057,Spain Bank #1387
318059,France Bank #1388
318062,Netherlands Bank #1729
318064,Italy Bank #1389
318065,Italy Bank #1536
318068,Belgium Bank #3218
318071,Germany Bank #4553
318073,France Bank #3981
318074,Germany Bank #6250
318075,Italy Bank #1448
318076,Netherlands Bank #1467
318077,Italy Bank #1391
318078,Spain Bank #1404
318079,France Bank #3540
318080,Netherlands Bank #5764
318083,Savings Bank of Watertown
318084,France Bank #1528
318085,France Bank #3004
318086,Spain Bank #4436
318087,Greece Bank #5669
318091,Croatia Bank #5560
318094,Italy Bank #2676
318097,Italy Bank #1406
318099,Germany Bank #2551
318100,France Bank #5817
318101,Germany Bank #2707
318103,Spain Bank #1396
318104,Germany Bank #1438
318105,France Bank #4418
318108,Germany Bank #1394
318109,Croatia Bank #4475
318112,China Bank #938
318113,China Bank #311
318114,China Bank #451
318116,Spain Bank #2867
318118,Belgium Bank #1795
318122,Dawn Thrift
318123,Germany Bank #1398
318124,France Bank #5910
318127,Italy Bank #1479
318128,Slovakia Bank #4556
318133,Spain Bank #1501
318137,Spain Bank #4714
318140,Savings Bank of Lincoln
318141,Bank of Columbus
318143,Austria Bank #1407
318145,Latvia Bank #3634
318147,Italy Bank #2466
318154,Germany Bank #5993
318155,France Bank #3983
318156,Germany Bank #3312
318157,Spain Bank #1408
318160,Spain Bank #3098
318162,Slovakia Bank #1410
318164,France Bank #4308
318165,Belgium Bank #3198
318166,Italy Bank #5143
318167,Plandor Cooperative Bank
318168,Savings Bank of Springfield
318172,Italy Bank #4641
318173,Latvia Bank #1759
318175,Germany Bank #4756
318180,Italy Bank #1475
318181,France Bank #1530
318189,Italy Bank #4559
318190,Germany Bank #4446
318191,Spain Bank #1757
318192,Italy Bank #1512
318193,Germany Bank #4787
318195,Italy Bank #4716
318199,Sappo Community Bank
318200,Regents Thrift
318201,Italy Bank #6055
318202,Lithuania Bank #6015
318204,France Bank #5325
318205,National Bank of Denver
318207,Bank of Dallas
318208,First Bank of Huron
318212,Belgium Bank #1544
318213,France Bank #1452
318216,Germany Bank #2018
318217,Germany Bank #1861
318218,National Bank of Denver
318219,Sea Cooperative Bank
318220,First Bank of Omaha
318221,Fieldstone Trust Bank
318222,National Bank of Miami
318223,First Bank of Dallas
318224,National Bank of Fairfield
318225,Bank of Arkadelphia
318226,First Bank of Billings
318231,First Bank of Watertown
318233,Arbor Bancorp
318235,The Pine Trust Bank
318236,Plandor Bancorp
318238,France Bank #5793
318239,Germany Bank #4454
318245,Bank of Huron
318246,Russia Bank #404
318247,Russia Bank #903
318249,Russia Bank #935
318250,Russia Bank #320
318251,Russia Bank #522
318252,Russia Bank #568
318253,Russia Bank #954
318255,Russia Bank #310
318256,Russia Bank #301
318257,Bank of Albany
318261,Bank of the South
318262,Oak Bancorp
318264,First Bank of Indianapolis
318265,Brook Bancorp
318266,Bank of New Orleans
318267,First Bank of Dallas
318268,Sunrise Bancorp
318270,National Bank of Phoenix
318272,Savings Bank of Omaha
318276,Bank of Tampa
318279,Golden Trust Bank
318280,First Bank of Helena
318282,Savings Bank of Plattsburg
318283,Heath Community Bank
318285,Plandor Savings Bank
318286,Willows Community Bank
318287,National Bank of Providence
318289,National Bank of Plattsburg
318290,Bank of Springfield
318292,Germany Bank #5418
318294,Germany Bank #3558
318298,Mountain Community Bank
318299,First Bank of New Orleans
318300,Brook Savings Bank
318301,National Bank of Newbury
318302,National Bank of Portland
318309,Dawn Cooperative Bank
318311,Russia Bank #957
318312,Russia Bank #356
318313,Russia Bank #303
318314,Russia Bank #949
318316,Russia Bank #980
318318,Russia Bank #835
318320,Russia Bank #381
318324,France Bank #1567
318325,First Bank of Indianapolis
318326,Arbor Trust Bank
318329,Russia Bank #307
318330,First Bank of Omaha
318333,Bank of Dallas
318335,Oasis Federal Bank
318336,Bank of Bridgeport
318339,Savings Bank of Huron
318342,Germany Bank #5113
318345,Willows Bancorp
318347,Russia Bank #998
318349,Russia Bank #717
318352,Russia Bank #321
318354,Russia Bank #476
318355,Russia Bank #901
318358,Russia Bank #304
318361,Russia Bank #593
318362,Russia Bank #305
318365,Russia Bank #852
318366,Russia Bank #397
318368,Russia Bank #306
318369,Russia Bank #757
318371,France Bank #4837
318373,Germany Bank #1587
318375,Spain Bank #4413
318377,Italy Bank #3679
318379,Russia Bank #395
318380,Russia Bank #975
318381,Russia Bank #379
318382,Russia Bank #727
318383,Russia Bank #523
318390,Russia Bank #326
318392,Russia Bank #934
318398,First Bank of Portsmouth
318401,Russia Bank #340
318402,Russia Bank #516
318403,Russia Bank #652
318405,Russia Bank #1015
318406,Russia Bank #337
318407,Russia Bank #997
318408,Russia Bank #1020
318409,Russia Bank #353
318410,Russia Bank #1035
318411,Russia Bank #325
318412,Russia Bank #834
318416,Russia Bank #346
318417,Russia Bank #772
318418,Russia Bank #821
318419,Russia Bank #318
318423,Russia Bank #323
318424,Russia Bank #451
318425,Russia Bank #332
318427,Russia Bank #967
318429,Russia Bank #502
318431,Russia Bank #6
318432,First Bank of Hartford
318433,Hearthstone Savings Bank
318435,Russia Bank #331
318442,Russia Bank #754
318445,Russia Bank #338
318449,Russia Bank #333
318451,Russia Bank #755
318453,Russia Bank #955
318454,Russia Bank #335
318455,Russia Bank #1067
318456,Russia Bank #1050
318458,Russia Bank #336
318461,Russia Bank #723
318464,Russia Bank #349
318465,First Bank of Laramie
318467,National Bank of Augusta
318469,Russia Bank #786
318470,Russia Bank #571
318472,Russia Bank #341
318473,Russia Bank #576
318478,Russia Bank #443
318480,Russia Bank #482
318481,Russia Bank #984
318482,Russia Bank #933
318484,Russia Bank #540
318485,Russia Bank #347
318488,Russia Bank #376
318490,Germany Bank #1421
318492,Mountain Credit Union
318493,Bank of the North
318495,Russia Bank #350
318497,Russia Bank #999
318498,Russia Bank #849
318500,Russia Bank #426
318501,Russia Bank #1043
318504,China Bank #795
318505,Russia Bank #361
318509,Russia Bank #1041
318510,Russia Bank #362
318511,Russia Bank #893
318512,Bank of Laramie
318513,Baltech Federal Bank
318515,Russia Bank #363
318517,Russia Bank #766
318519,Russia Bank #364
318521,Russia Bank #366
318523,Russia Bank #365
318524,Russia Bank #831
318525,Russia Bank #688
318527,Russia Bank #367
318531,Russia Bank #515
318533,Russia Bank #858
318535,Russia Bank #972
318536,Russia Bank #1004
318538,Russia Bank #354
318539,Russia Bank #1027
318541,National Bank of Bridgeport
318543,Russia Bank #931
318544,Russia Bank #355
318548,Russia Bank #357
318559,Russia Bank #909
318560,Russia Bank #360
318561,Russia Bank #368
318562,Russia Bank #496
318564,Russia Bank #396
318565,Russia Bank #747
318566,Russia Bank #369
318569,Russia Bank #371
318571,Russia Bank #1018
318573,Russia Bank #822
318574,Russia Bank #485
318575,Russia Bank #372
318577,Russia Bank #439
318579,Russia Bank #422
318580,Russia Bank #774
318582,Russia Bank #964
318585,Russia Bank #423
318588,Russia Bank #677
318590,Russia Bank #393
318595,Russia Bank #378
318596,Russia Bank #900
318599,Russia Bank #389
318600,Russia Bank #958
318601,Russia Bank #718
318603,Russia Bank #374
318605,Russia Bank #962
318606,Russia Bank #947
318608,Russia Bank #823
318609,Russia Bank #387
318610,Netherlands Bank #5419
318611,France Bank #1663
318613,National Bank of Milford
318614,Italy Bank #1768
318615,Spain Bank #2632
318616,Croatia Bank #5594
318619,France Bank #1423
318622,Spain Bank #2272
318623,Germany Bank #5231
318624,France Bank #5361
318627,Brownstone Cooperative Bank
318629,Belgium Bank #4568
318633,France Bank #5795
318634,Spain Bank #5427
318635,Germany Bank #1427
318636,Germany Bank #4962
318637,Spain Bank #1430
318642,National Bank of Butte
318643,Russia Bank #388
318644,Russia Bank #570
318646,Russia Bank #790
318647,Russia Bank #1014
318648,Russia Bank #377
318649,Russia Bank #1063
318652,Russia Bank #692
318653,Russia Bank #380
318657,Russia Bank #407
318658,Russia Bank #599
318659,Russia Bank #944
318660,Russia Bank #382
318662,Russia Bank #1053
318663,Russia Bank #853
318664,Russia Bank #400
318667,City National Credit Union
318668,Flagstone Bancorp
318672,National Bank of Milford
318674,Bank of the Valley
318676,Russia Bank #902
318677,Russia Bank #385
318678,Russia Bank #386
318682,Russia Bank #851
318683,Russia Bank #674
318684,Russia Bank #483
318686,Russia Bank #886
318687,Russia Bank #405
318689,Russia Bank #433
318691,Russia Bank #968
318692,Russia Bank #549
318693,Russia Bank #734
318694,Russia Bank #694
318697,Russia Bank #572
318699,Russia Bank #390
318700,First Bank of Albany
318702,Bank of Fort Wayne
318704,Oasis Credit Union
318705,Sea Cooperative Bank
318709,Bank of Lincoln
318710,Savings Bank of Augusta
318713,Savings Bank of Topeka
318714,Bank of Laramie
318718,National Bank of Sacramento
318719,National Bank of the Valley
318721,National Bank of Los Angeles
318722,National Bank of Phoenix
318724,France Bank #1431
318725,Germany Bank #3876
318726,France Bank #5371
318730,Germany Bank #4480
318736,The Pine Thrift
318737,First Bank of the East
318738,Baltech Federal Bank
318739,Acme Trust Bank
318740,City National Bank
318741,Flagstone Community Bank
318744,Arbor Bank
318746,First Bank of Cleveland
318747,Golden Community Bank
318756,Bank of Newport
318757,Bank of Madison
318760,Capital Community Bank
318761,Future Credit Union
318764,Savings Bank of New Orleans
318765,Plateau Federal Bank
318766,Flagstone Thrift
318767,Savings Bank of Portsmouth
318772,Italy Bank #1839
318773,Savings Bank of Dallas
318776,First Bank of Bridgeport
318777,Oak Trust Bank
318780,First Bank of Newbury
318781,Bank of New Orleans
318784,Sea Bank
318785,Oasis Savings Bank
318786,First Bank of Denver
318789,Savings Bank of Indianapolis
318790,National Bank of Lacrosse
318792,France Bank #1889
318793,Italy Bank #4320
318798,Bank of Omaha
318799,Bank of Indianapolis
318800,Mountain Federal Bank
318804,First Bank of Huron
318805,Bank of Hartford
318806,Oak Community Bank
318807,Baltech Federal Bank
318808,Savings Bank of Portsmouth
318810,Russia Bank #908
318811,Dawn Bank
318812,Russia Bank #424
318813,Russia Bank #425
318815,Russia Bank #704
318820,Russia Bank #676
318822,Russia Bank #434
318826,Russia Bank #420
318827,Russia Bank #1003
318830,Russia Bank #391
318832,Russia Bank #495
318838,Russia Bank #667
318839,Russia Bank #392
318841,Russia Bank #505
318842,Russia Bank #952
318845,Russia Bank #855
318846,Russia Bank #410
318847,Russia Bank #399
318851,Russia Bank #725
318854,Savings Bank of Watertown
318857,Russia Bank #457
318858,Russia Bank #413
318860,Russia Bank #403
318861,Russia Bank #414
318864,Russia Bank #59
318866,Russia Bank #705
318867,Russia Bank #408
318869,Russia Bank #406
318875,Russia Bank #411
318876,Russia Bank #1000
318877,Russia Bank #561
318878,Russia Bank #919
318879,Russia Bank #782
318880,Russia Bank #412
318885,Russia Bank #419
318886,China Bank #313
318887,China Bank #478
318889,China Bank #1012
318890,China Bank #789
318891,China Bank #314
318894,Russia Bank #415
318895,Russia Bank #416
318897,Russia Bank #417
318899,Russia Bank #418
318901,Russia Bank #537
318903,Russia Bank #917
318905,France Bank #1434
318908,Sunrise Credit Union
318909,Bank of Laramie
318911,First Bank of Milford
318916,Russia Bank #533
318917,Russia Bank #829
318918,Russia Bank #989
318919,Russia Bank #891
318920,Russia Bank #436
318921,Russia Bank #546
318923,Russia Bank #801
318924,Russia Bank #567
318925,Russia Bank #427
318926,Russia Bank #976
318928,National Bank of Fairfield
318929,National Bank of the West
318930,First Bank of Sacramento
318933,Russia Bank #431
318940,Russia Bank #563
318941,Russia Bank #804
318943,Russia Bank #830
318946,Russia Bank #428
318948,Russia Bank #429
318951,Russia Bank #1029
318952,Russia Bank #616
318961,Russia Bank #484
318963,Russia Bank #752
318964,Russia Bank #430
318967,Russia Bank #557
318969,Russia Bank #432
318970,Russia Bank #458
318976,Russia Bank #536
318977,Russia Bank #904
318978,Russia Bank #435
318980,Russia Bank #775
318981,Sunrise Cooperative Bank
318984,Russia Bank #438
318985,Russia Bank #641
318990,Russia Bank #662
318996,Russia Bank #528
319000,National Bank of Dallas
319002,France Bank #2746
319006,Ireland Bank #1437
319009,Germany Bank #1439
319011,National Bank of Hartford
319013,Bank of Topeka
319016,Flagstone Community Bank
319017,Oak Bancorp
319018,France Bank #1574
319019,Spain Bank #2077
319020,France Bank #2646
319022,Slovakia Bank #3199
319024,Spain Bank #3495
319025,Austria Bank #2001
319028,France Bank #4903
319031,Plandor Bancorp
319032,Savings Bank of Madison
319034,Mountain Savings Bank
319035,National Bank of Topeka
319038,Oasis Trust Bank
319039,National Bank of Philadelphia
319040,National Bank of Cleveland
319043,Hilltop Trust Bank
319044,National Bank of Tampa
319045,National Bank of Laramie
319046,Savings Bank of Indianapolis
319047,Savings Bank of Cleveland
319048,Russia Bank #529
319049,Russia Bank #467
319052,Russia Bank #468
319054,Russia Bank #469
319055,Russia Bank #1008
319056,Russia Bank #887
319058,Russia Bank #906
319059,Russia Bank #440
319060,Russia Bank #444
319062,Russia Bank #1001
319063,Russia Bank #922
319065,Russia Bank #442
319066,Russia Bank #441
319070,Russia Bank #1005
319071,Russia Bank #666
319074,Russia Bank #783
319075,Russia Bank #503
319076,Russia Bank #895
319078,Russia Bank #445
319081,Russia Bank #617
319082,Russia Bank #888
319083,Russia Bank #446
319085,Russia Bank #1040
319090,Russia Bank #699
319091,Russia Bank #1038
319092,Russia Bank #447
319093,Russia Bank #450
319095,Russia Bank #553
319097,Russia Bank #927
319099,Russia Bank #453
319100,Russia Bank #656
319101,Russia Bank #449
319102,Russia Bank #454
319103,Russia Bank #455
319104,Russia Bank #456
319105,Russia Bank #459
319109,China Bank #455
319111,China Bank #21
319112,Russia Bank #690
319113,Russia Bank #1056
319114,Russia Bank #460
319115,Russia Bank #470
319116,Russia Bank #1039
319119,Russia Bank #733
319122,Savings Bank of Pittsburgh
319124,Russia Bank #948
319125,Russia Bank #464
319127,Russia Bank #1052
319129,Russia Bank #596
319131,Russia Bank #462
319133,Russia Bank #756
319136,Russia Bank #3
319138,Russia Bank #905
319140,Russia Bank #730
319142,Russia Bank #926
319144,Russia Bank #472
319145,Russia Bank #1057
319146,Russia Bank #465
319147,Russia Bank #466
319148,Russia Bank #719
319151,Russia Bank #761
319154,Russia Bank #802
319157,Russia Bank #585
319159,Russia Bank #498
319160,Russia Bank #784
319161,Russia Bank #530
319162,Russia Bank #477
319163,Russia Bank #1054
319164,Russia Bank #685
319166,Russia Bank #726
319167,Russia Bank #767
319170,Russia Bank #474
319171,Russia Bank #475
319172,Russia Bank #541
319173,Russia Bank #531
319176,Russia Bank #494
319177,Russia Bank #1049
319179,Russia Bank #950
319181,Russia Bank #478
319182,Russia Bank #479
319183,Russia Bank #480
319185,Russia Bank #481
319187,Russia Bank #601
319189,Russia Bank #598
319198,Russia Bank #487
319199,Russia Bank #486
319202,Russia Bank #665
319204,Russia Bank #574
319207,Russia Bank #751
319208,Russia Bank #839
319210,Russia Bank #504
319219,Russia Bank #488
319220,Russia Bank #489
319222,Russia Bank #1002
319223,Russia Bank #490
319224,Russia Bank #856
319226,Russia Bank #773
319227,Russia Bank #493
319229,Russia Bank #638
319231,Russia Bank #497
319232,Russia Bank #499
319236,Dawn Federal Bank
319240,Russia Bank #959
319241,Russia Bank #872
319242,Russia Bank #765
319243,Russia Bank #1030
319244,Russia Bank #1062
319246,Russia Bank #611
319248,Savings Bank of the North
319249,Hilltop Savings Bank
319251,Baltech Federal Bank
319256,National Bank of Tampa
319257,First Bank of Fort Wayne
319259,Fieldstone Federal Bank
319262,First Bank of New Orleans
319263,Italy Bank #1441
319268,National Bank of Plattsburg
319271,First Bank of Harrisburg
319273,Mountain Cooperative Bank
319276,Spain Bank #4826
319277,Italy Bank #5494
319280,Bank of Butte
319284,Russia Bank #506
319287,Russia Bank #532
319288,Russia Bank #963
319289,Russia Bank #507
319291,Russia Bank #623
319292,Russia Bank #1044
319293,Russia Bank #928
319294,Russia Bank #758
319295,Russia Bank #938
319296,Russia Bank #508
319297,Russia Bank #552
319305,France Bank #1767
319307,Oak Federal Bank
319308,Russia Bank #720
319313,Russia Bank #509
319315,Russia Bank #510
319317,Russia Bank #511
319324,Russia Bank #512
319330,Russia Bank #520
319332,Russia Bank #1032
319335,Russia Bank #1036
319336,Russia Bank #776
319337,Russia Bank #743
319340,Russia Bank #985
319341,Russia Bank #740
319342,Russia Bank #711
319345,Russia Bank #941
319346,Russia Bank #943
319347,Russia Bank #875
319348,Russia Bank #910
319349,Russia Bank #969
319350,Russia Bank #514
319351,Russia Bank #857
319352,Russia Bank #519
319353,Russia Bank #684
319355,Russia Bank #995
319356,Russia Bank #693
319358,Russia Bank #521
319359,Russia Bank #799
319363,Russia Bank #517
319364,National Bank of Albany
319365,Russia Bank #524
319366,Russia Bank #712
319370,Russia Bank #569
319372,China Bank #894
319380,Russia Bank #525
319381,Russia Bank #669
319382,Russia Bank #610
319383,Russia Bank #526
319384,Russia Bank #527
319385,First Bank of Omaha
319386,Sunrise Trust Bank
319387,Bank of Topeka
319388,Oasis Credit Union
319389,France Bank #4834
319391,France Bank #1826
319392,Germany Bank #1443
319394,Spain Bank #4472
319395,Spain Bank #3062
319396,Germany Bank #1445
319397,France Bank #1447
319398,Italy Bank #1446
319400,France Bank #3129
319403,Savings Bank of Augusta
319404,Sappo Community Bank
319406,Future Thrift
319407,Dawn Bank
319408,Bank of Los Angeles
319412,Russia Bank #41
319413,Russia Bank #42
319415,Russia Bank #794
319419,Russia Bank #780
319421,Russia Bank #535
319422,Russia Bank #800
319423,Russia Bank #545
319425,Russia Bank #744
319427,Bank of Butte
319429,First Bank of Miami
319431,Savings Bank of Boston
319433,National Bank of Columbus
319435,National Bank of Providence
319437,Bank of Montpelier
319438,Brownstone Bancorp
319439,Savings Bank of Butte
319441,Regents Bancorp
319443,Slovenia Bank #5789
319444,Italy Bank #1450
319445,Ireland Bank #4840
319447,Sea Cooperative Bank
319448,First Bank of Tampa
319449,National Bank of Plattsburg
319450,Savings Bank of the South
319451,The Pine Bancorp
319453,Savings Bank of Harrisburg
319454,First Bank of Danbury
319455,Plandor Savings Bank
319458,First Bank of Danbury
319462,Savings Bank of Butte
319466,Desert Bancorp
319467,First Bank of Fairfield
319468,Savings Bank of the East
319469,Bank of Fort Wayne
319473,First Bank of Billings
319475,Savings Bank of Providence
319476,Russia Bank #671
319477,Russia Bank #46
319478,Russia Bank #741
319479,Russia Bank #48
319481,Russia Bank #1028
319488,Russia Bank #49
319490,Russia Bank #675
319495,Russia Bank #50
319496,Russia Bank #907
319497,Russia Bank #737
319498,Russia Bank #51
319499,Russia Bank #668
319500,Russia Bank #538
319501,Russia Bank #558
319502,Russia Bank #993
319503,Russia Bank #788
319505,Russia Bank #1037
319506,Russia Bank #696
319508,Russia Bank #539
319514,Russia Bank #1016
319516,Russia Bank #670
319517,Russia Bank #722
319518,Russia Bank #579
319519,Russia Bank #580
319521,Russia Bank #1072
319523,Russia Bank #678
319525,Russia Bank #543
319526,Russia Bank #544
319528,Russia Bank #750
319529,Russia Bank #621
319530,Russia Bank #832
319531,Russia Bank #1024
319532,Russia Bank #590
319533,Russia Bank #663
319534,Russia Bank #548
319535,Fieldstone Bank
319537,Bank of New York
319542,Russia Bank #581
319544,Russia Bank #582
319546,Russia Bank #836
319547,Russia Bank #1069
319548,Russia Bank #550
319549,Russia Bank #1025
319551,Russia Bank #1051
319553,Russia Bank #876
319554,Russia Bank #929
319555,Russia Bank #706
319557,Russia Bank #555
319560,Russia Bank #679
319561,Russia Bank #942
319563,Russia Bank #564
319564,Russia Bank #1060
319566,Russia Bank #1021
319575,Bank of Newport
319576,Bank of the South
319577,Brownstone Thrift
319583,Russia Bank #556
319584,Russia Bank #583
319587,Russia Bank #1045
319594,Russia Bank #620
319595,Russia Bank #936
319596,Russia Bank #559
319598,Russia Bank #920
319599,Russia Bank #732
319600,Russia Bank #560
319602,Russia Bank #762
319603,Russia Bank #562
319605,Russia Bank #713
319607,Russia Bank #653
319608,Russia Bank #565
319611,Russia Bank #961
319612,Russia Bank #691
319613,Russia Bank #680
319618,Russia Bank #639
319621,Russia Bank #791
319624,Russia Bank #731
319628,Russia Bank #977
319630,Russia Bank #763
319632,Russia Bank #742
319633,Russia Bank #618
319635,Russia Bank #575
319636,Russia Bank #738
319637,Russia Bank #577
319638,Russia Bank #992
319641,Russia Bank #721
319643,Russia Bank #578
319644,Russia Bank #724
319650,Golden Federal Bank
319653,Savings Bank of Butte
319656,Spruce Community Bank
319657,First Bank of Plattsburg
319661,Savings Bank of Bridgeport
319662,National Bank of Hartford
319663,Bank of Helena
319665,Sea Credit Union
319667,Savings Bank of Tampa
319668,Savings Bank of Bridgeport
319671,Italy Bank #4581
319674,Austria Bank #4764
319675,Belgium Bank #2631
319676,France Bank #3465
319680,Ireland Bank #1454
319681,Spain Bank #5751
319682,Greece Bank #1978
319687,Baltech Cooperative Bank
319691,Bank of Bridgeport
319692,Brownstone Thrift
319696,Russia Bank #1061
319698,Russia Bank #584
319699,Russia Bank #894
319700,Russia Bank #615
319701,Russia Bank #613
319702,Russia Bank #859
319704,Russia Bank #1026
319708,Russia Bank #586
319710,Russia Bank #986
319712,Russia Bank #587
319714,Russia Bank #1022
319716,Russia Bank #588
319720,First Bank of Los Angeles
319721,National Bank of Topeka
319722,First Bank of Butte
319723,National Bank of Cleveland
319724,Russia Bank #589
319727,Russia Bank #930
319729,Savings Bank of Indianapolis
319730,Germany Bank #1456
319733,Savings Bank of Phoenix
319734,Spruce Credit Union
319737,Savings Bank of Providence
319738,First Bank of Omaha
319741,Belgium Bank #5734
319744,Italy Bank #1910
319745,Spain Bank #3987
319750,Mountain Cooperative Bank
319754,Russia Bank #878
319755,Russia Bank #603
319756,Russia Bank #604
319757,Russia Bank #605
319758,Russia Bank #764
319760,Savings Bank of Madison
319761,Russia Bank #592
319764,Russia Bank #591
319766,Russia Bank #770
319768,Russia Bank #714
319769,Acme Cooperative Bank
319773,Baltech Community Bank
319774,First Bank of Arkadelphia
319776,National Bank of New York
319778,National Bank of Springfield
319780,Bank of Hartford
319784,Savings Bank of Seattle
319787,First Bank of Miami
319788,Savings Bank of Phoenix
319789,First Bank of Plattsburg
319792,First Bank of Tuscon
319795,National Bank of Indianapolis
319796,National Bank of Houston
319802,Savings Bank of Milford
319803,First Bank of Springfield
319804,Mountain Savings Bank
319805,National Bank of Arkadelphia
319808,Germany Bank #4298
319810,Germany Bank #2674
319811,First Bank of Watertown
319812,Russia Bank #768
319813,Russia Bank #1058
319818,First Bank of Tampa
319819,Bank of Portsmouth
319820,Savings Bank of Harrisburg
319821,Germany Bank #5491
319822,Spain Bank #5385
319823,Germany Bank #1459
319824,Germany Bank #5098
319827,Oasis Savings Bank
319829,First Bank of Newport
319830,First Bank of Pittsburgh
319832,First Bank of Houston
319834,Hilltop Savings Bank
319837,First Bank of the North
319841,First Bank of Fort Wayne
319842,National Bank of Tuscon
319847,National Bank of Chicago
319848,Bank of Tampa
319849,Oasis Trust Bank
319850,Dawn Thrift
319851,National Bank of Montpelier
319854,Russia Bank #700
319856,Russia Bank #792
319859,Russia Bank #789
319863,Savings Bank of Denver
319864,First Bank of Harrisburg
319865,China Bank #742
319866,China Bank #1025
319867,Russia Bank #970
319868,Russia Bank #748
319871,Russia Bank #594
319872,Russia Bank #1006
319873,Russia Bank #597
319874,Russia Bank #753
319875,Russia Bank #595
319876,Russia Bank #987
319877,Russia Bank #602
319879,Russia Bank #681
319881,Savings Bank of Houston
319882,Russia Bank #612
319884,Russia Bank #9
319887,Russia Bank #735
319890,Russia Bank #781
319891,Russia Bank #600
319892,Russia Bank #606
319894,Russia Bank #608
319897,Russia Bank #1007
319898,Russia Bank #1031
319900,Russia Bank #1070
319901,Russia Bank #1071
319902,Russia Bank #607
319904,Russia Bank #609
319905,Russia Bank #686
319907,Russia Bank #860
319908,Russia Bank #759
319909,Russia Bank #708
319913,Russia Bank #795
319914,Russia Bank #837
319916,Russia Bank #994
319918,Future Bancorp
319919,Russia Bank #619
319922,Russia Bank #796
319926,Russia Bank #614
319928,Bank of Topeka
319929,Fieldstone Federal Bank
319930,First Bank of Harrisburg
319931,Savings Bank of Bridgeport
319935,Russia Bank #787
319938,Dawn Credit Union
319940,Russia Bank #709
319942,Russia Bank #646
319943,Russia Bank #622
319945,Russia Bank #749
319947,Russia Bank #651
319949,China Bank #321
319950,China Bank #323
319954,China Bank #324
319955,Russia Bank #624
319959,Russia Bank #626
319965,Russia Bank #627
319967,Russia Bank #861
319969,Russia Bank #628
319976,Bank of Hartford
319979,Dawn Federal Bank
319980,Baltech Credit Union
319982,First Bank of Newbury
319983,Brook Bank
319986,National Bank of Bridgeport
319989,Russia Bank #710
319990,Russia Bank #911
319992,Russia Bank #1055
319995,Spain Bank #1461
319996,Russia Bank #1064
319998,Bank of Columbus
319999,National Bank of Albany
320003,Russia Bank #689
320005,Bank of New Orleans
320006,Russia Bank #769
320014,Portugal Bank #1464
320016,Spain Bank #4934
320019,Italy Bank #1703
320020,Spain Bank #1799
320021,Germany Bank #4967
320023,France Bank #5438
320028,Germany Bank #4203
320029,Germany Bank #3473
320031,China Bank #491
320034,France Bank #2609
320035,Spain Bank #1790
320036,Portugal Bank #5701
320037,Germany Bank #4991
320038,Germany Bank #5725
320041,Belgium Bank #4729
320042,Russia Bank #715
320046,Russia Bank #879
320048,Russia Bank #728
320049,Russia Bank #838
320050,Russia Bank #648
320054,Russia Bank #649
320056,Russia Bank #1033
320059,First Bank of Helena
320063,Russia Bank #760
320064,Russia Bank #1065
320065,Russia Bank #629
320067,Russia Bank #630
320068,Russia Bank #632
320071,Russia Bank #664
320072,Russia Bank #634
320073,Russia Bank #771
320075,Russia Bank #695
320081,Russia Bank #978
320085,Bank of Indianapolis
320089,Russia Bank #779
320094,Russia Bank #701
320098,Russia Bank #1017
320099,Russia Bank #635
320101,Russia Bank #650
320102,Russia Bank #798
320103,Russia Bank #657
320104,Russia Bank #636
320108,Russia Bank #1068
320109,Russia Bank #643
320110,Russia Bank #644
320111,Russia Bank #797
320117,Russia Bank #745
320118,Russia Bank #640
320119,Russia Bank #637
320120,Bank of Watertown
320121,National Bank of Pittsburgh
320122,Russia Bank #793
320124,The Pine Credit Union
320125,Bank of Plattsburg
320131,Russia Bank #642
320134,Russia Bank #736
320141,Russia Bank #777
320142,Russia Bank #58
320148,China Bank #326
320151,National Bank of Indianapolis
320153,China Bank #1071
320154,National Bank of Harrisburg
320160,China Bank #331
320162,China Bank #489
320164,National Bank of Detroit
320166,China Bank #1004
320170,China Bank #336
320171,China Bank #497
320172,China Bank #490
320173,China Bank #362
320174,China Bank #908
320175,China Bank #333
320176,China Bank #929
320177,China Bank #334
320178,China Bank #653
320180,China Bank #337
320181,Bank of the East
320182,Russia Bank #1046
320183,Russia Bank #1066
320184,Oak Bancorp
320185,Russia Bank #61
320189,Russia Bank #655
320190,Russia Bank #1034
320194,Russia Bank #682
320199,Mountain Federal Bank
320200,National Bank of Sacramento
320201,Savings Bank of the Valley
320203,Savings Bank of Seattle
320205,Savings Bank of Milford
320206,Savings Bank of Denver
320208,First Bank of Providence
320213,Oasis Bancorp
320214,Bank of Montpelier
320217,Oak Bank
320218,First Bank of Fairfield
320220,National Bank of Detroit
320221,National Bank of Tampa
320222,Sappo Bancorp
320223,First Bank of Lincoln
320226,National Bank of Billings
320231,Savings Bank of Watertown
320232,First Bank of Denver
320235,Austria Bank #2893
320236,Spain Bank #3988
320237,Savings Bank of the West
320242,Savings Bank of Phoenix
320244,Future Thrift
320245,First Bank of Indianapolis
320246,Acme Savings Bank
320247,Bank of Bridgeport
320249,First Bank of Miami
320250,The Pine Bank
320257,Savings Bank of Denver
320258,First Bank of Portland
320262,First Bank of the Valley
320264,First Bank of Miami
320266,National Bank of New York
320269,Heath Credit Union
320270,Savings Bank of Providence
320272,Sea Community Bank
320273,Bank of the North
320274,Regents Cooperative Bank
320275,National Bank of Boston
320277,National Bank of Portland
320279,Savings Bank of Philadelphia
320280,National Bank of Phoenix
320285,Spain Bank #1468
320286,France Bank #4448
320287,Germany Bank #4828
320288,Belgium Bank #3790
320290,Arbor Cooperative Bank
320291,Bank of the South
320292,Capital Trust Bank
320294,Bank of Fort Wayne
320297,Willows Bank
320298,Savings Bank of Portland
320300,France Bank #5844
320301,France Bank #1712
320302,Germany Bank #2067
320303,France Bank #2267
320304,Spain Bank #1476
320307,National Bank of Danbury
320309,Brownstone Bancorp
320310,National Bank of Seattle
320311,Future Thrift
320312,Bank of Omaha
320315,Bank of Hartford
320316,Bank of Springfield
320318,Bank of Philadelphia
320322,Ireland Bank #1470
320323,Germany Bank #2349
320326,Germany Bank #1469
320328,Savings Bank of New Orleans
320329,France Bank #2144
320332,Bank of the Valley
320334,Savings Bank of Harrisburg
320335,Capital Trust Bank
320336,Germany Bank #4324
320337,Oak Savings Bank
320341,Future Credit Union
320343,Italy Bank #4222
320345,Italy Bank #3404
320346,Spain Bank #3222
320347,Netherlands Bank #1478
320350,Savings Bank of Arkadelphia
320352,The Pine Community Bank
320354,Hilltop Cooperative Bank
320355,National Bank of Madison
320357,Russia Bank #654
320360,Russia Bank #658
320361,Russia Bank #659
320365,UK Bank #804
320367,UK Bank #674
320368,Oak Cooperative Bank
320369,Baltech Trust Bank
320371,China Bank #1048
320372,China Bank #338
320373,China Bank #470
320374,China Bank #367
320375,China Bank #946
320378,UK Bank #74
320380,UK Bank #73
320382,UK Bank #68
320384,UK Bank #21
320385,UK Bank #64
320386,UK Bank #311
320387,UK Bank #83
320388,UK Bank #66
320391,UK Bank #79
320392,UK Bank #671
320394,UK Bank #69
320398,UK Bank #120
320399,UK Bank #70
320401,UK Bank #65
320402,UK Bank #75
320404,UK Bank #686
320406,UK Bank #71
320407,UK Bank #67
320408,UK Bank #72
320410,UK Bank #672
320412,UK Bank #571
320414,UK Bank #81
320415,UK Bank #921
320416,UK Bank #659
320417,UK Bank #76
320418,UK Bank #859
320421,UK Bank #45
320422,UK Bank #97
320423,UK Bank #121
320424,UK Bank #673
320425,UK Bank #724
320426,UK Bank #806
320428,UK Bank #758
320429,UK Bank #82
320430,UK Bank #78
320431,UK Bank #54
320433,UK Bank #717
320436,UK Bank #753
320437,UK Bank #77
320439,UK Bank #109
320440,UK Bank #861
320446,UK Bank #80
320448,UK Bank #38
320452,UK Bank #781
320454,UK Bank #111
320455,UK Bank #84
320456,UK Bank #91
320457,UK Bank #760
320459,UK Bank #721
320460,UK Bank #713
320463,UK Bank #85
320464,UK Bank #1106
320465,UK Bank #269
320468,UK Bank #736
320469,UK Bank #395
320470,UK Bank #251
320472,UK Bank #689
320475,UK Bank #192
320478,Savings Bank of Dallas
320479,Savings Bank of Philadelphia
320482,Future Thrift
320483,Bank of Phoenix
320484,UK Bank #835
320486,Mountain Credit Union
320487,UK Bank #86
320489,UK Bank #27
320490,UK Bank #174
320491,UK Bank #1032
320492,UK Bank #118
320494,UK Bank #87
320495,UK Bank #754
320501,UK Bank #718
320503,UK Bank #784
320505,UK Bank #88
320507,Savings Bank of New York
320508,UK Bank #132
320509,UK Bank #750
320510,UK Bank #142
320512,UK Bank #102
320514,UK Bank #138
320515,UK Bank #10
320517,UK Bank #99
320518,UK Bank #89
320520,UK Bank #90
320524,Future Bancorp
320526,France Bank #3114
320528,Savings Bank of Hartford
320529,Savings Bank of Seattle
320531,UK Bank #811
320532,UK Bank #658
320537,UK Bank #124
320538,UK Bank #100
320540,UK Bank #815
320544,France Bank #5186
320548,Germany Bank #4274
320549,France Bank #2211
320551,Germany Bank #5070
320552,Netherlands Bank #2397
320553,France Bank #4247
320554,Lithuania Bank #5685
320555,Spain Bank #1482
320558,France Bank #3241
320560,Spain Bank #5735
320563,Germany Bank #5787
320565,France Bank #2230
320566,Portugal Bank #3029
320569,Belgium Bank #3601
320570,Bank of Newbury
320573,Bank of Houston
320576,Italy Bank #5538
320577,Spain Bank #4604
320579,France Bank #2014
320581,Germany Bank #2197
320582,Belgium Bank #3715
320583,Slovakia Bank #4720
320584,Spain Bank #1553
320586,Germany Bank #1664
320587,France Bank #4221
320588,Lithuania Bank #1487
320589,Italy Bank #5428
320591,Cyprus Bank #3509
320593,Netherlands Bank #4577
320597,France Bank #3344
320599,Spain Bank #4789
320600,Italy Bank #1484
320601,Germany Bank #1485
320602,France Bank #5687
320605,France Bank #5197
320607,Germany Bank #2934
320608,Croatia Bank #5682
320609,France Bank #3993
320615,Slovenia Bank #1489
320616,France Bank #4977
320618,France Bank #1563
320620,Italy Bank #5340
320621,Croatia Bank #1926
320626,China Bank #891
320628,Greece Bank #1686
320631,Future Community Bank
320633,First Bank of Lacrosse
320634,National Bank of the West
320635,Savings Bank of Butte
320639,National Bank of Seattle
320640,First Bank of Topeka
320641,Willows Community Bank
320642,Hearthstone Savings Bank
320643,Spain Bank #2319
320644,France Bank #6268
320646,Greece Bank #2510
320647,France Bank #4083
320651,Savings Bank of New York
320654,France Bank #4565
320657,Bank of Phoenix
320658,Savings Bank of Portland
320660,Savings Bank of New Orleans
320661,National Bank of Chicago
320662,National Bank of New Orleans
320665,Bank of the West
320669,National Bank of Cleveland
320670,Hearthstone Cooperative Bank
320673,Italy Bank #4830
320674,Italy Bank #1491
320677,France Bank #5312
320681,Spain Bank #1495
320686,France Bank #1604
320689,France Bank #1496
320692,Germany Bank #5695
320693,France Bank #5430
320694,Spain Bank #4326
320695,Belgium Bank #2553
320699,Greece Bank #1494
320700,Italy Bank #5580
320702,Belgium Bank #2024
320704,Germany Bank #2091
320705,France Bank #2749
320706,Italy Bank #1718
320709,Italy Bank #5502
320712,France Bank #1499
320713,France Bank #1500
320714,Italy Bank #5420
320717,Netherlands Bank #1524
320721,Portugal Bank #3345
320723,France Bank #1707
320726,Italy Bank #5090
320727,Germany Bank #2357
320728,Finland Bank #6312
320732,Germany Bank #2694
320733,Germany Bank #2045
320737,France Bank #5460
320741,Germany Bank #5423
320742,Spain Bank #5248
320749,Germany Bank #4229
320750,Germany Bank #5823
320751,Savings Bank of Chicago
320755,Willows Cooperative Bank
320759,Germany Bank #4402
320760,Italy Bank #1507
320761,Belgium Bank #1589
320762,France Bank #1505
320764,Belgium Bank #5824
320766,France Bank #4737
320767,France Bank #3079
320769,France Bank #6182
320771,Italy Bank #1509
320772,Lithuania Bank #1518
320773,Spain Bank #1510
320774,Belgium Bank #1511
320775,France Bank #2614
320778,Germany Bank #4591
320781,France Bank #5107
320782,France Bank #2257
320786,Slovenia Bank #5554
320789,France Bank #1513
320791,Italy Bank #4082
320793,Germany Bank #3305
320797,Germany Bank #1514
320799,Germany Bank #5736
320804,Belgium Bank #3530
320805,Italy Bank #5179
320807,Italy Bank #1623
320808,Germany Bank #4204
320809,Italy Bank #1873
320810,First Bank of Bridgeport
320811,Croatia Bank #4226
320812,France Bank #3619
320816,Germany Bank #3363
320817,France Bank #1559
320818,Netherlands Bank #61
320819,Italy Bank #5233
320820,Spain Bank #5445
320822,Germany Bank #2869
320823,Slovakia Bank #4652
320824,Germany Bank #2346
320828,National Bank of Milford
320829,Italy Bank #2212
320831,National Bank of Denver
320833,Netherlands Bank #3996
320834,France Bank #2488
320837,Italy Bank #5508
320839,Italy Bank #2506
320840,Italy Bank #5449
320842,Italy Bank #4831
320843,Germany Bank #4024
320844,Italy Bank #6110
320845,Germany Bank #5180
320847,Germany Bank #4404
320848,Ireland Bank #1519
320849,Finland Bank #1520
320855,France Bank #5364
320856,Germany Bank #1966
320857,Greece Bank #1521
320858,France Bank #1522
320859,France Bank #6021
320860,Germany Bank #4567
320861,Germany Bank #6027
320862,Spain Bank #4835
320865,Belgium Bank #3144
320866,Germany Bank #4261
320867,Belgium Bank #1538
320868,Ireland Bank #3781
320872,Spain Bank #2391
320873,Italy Bank #1631
320875,Golden Savings Bank
320876,Sappo Bank
320877,Capital Bancorp
320879,Bank of Pittsburgh
320881,Dawn Federal Bank
320882,Regents Federal Bank
320885,Austria Bank #1534
320886,Germany Bank #4410
320889,Germany Bank #4859
320890,China Bank #1061
320891,Austria Bank #4832
320892,Germany Bank #5393
320896,Germany Bank #5308
320897,Germany Bank #1526
320898,Savings Bank of Pittsburgh
320901,France Bank #4969
320902,Germany Bank #1527
320903,Germany Bank #4896
320907,France Bank #1529
320908,Italy Bank #4235
320909,Germany Bank #3578
320910,France Bank #4901
320911,Italy Bank #1847
320912,France Bank #1531
320913,Portugal Bank #1535
320914,Germany Bank #5116
320915,France Bank #6236
320916,Italy Bank #3998
320917,Germany Bank #1532
320918,Lithuania Bank #1533
320920,Spain Bank #1930
320922,Germany Bank #4988
320924,Spain Bank #1537
320927,Italy Bank #2724
320928,Italy Bank #2134
320931,Portugal Bank #1551
320932,Germany Bank #6117
320934,Italy Bank #3589
320936,Italy Bank #1552
320937,Bank of Boston
320938,Mountain Savings Bank
320939,Spain Bank #4016
320940,Germany Bank #3591
320941,Germany Bank #1560
320942,Slovenia Bank #1674
320944,Italy Bank #4722
320945,Greece Bank #4208
320950,Italy Bank #1542
320953,Flagstone Federal Bank
320955,Savings Bank of Columbus
320957,Italy Bank #5582
320958,Greece Bank #1679
320961,Spain Bank #5080
320962,France Bank #4096
320963,First Bank of Portland
320966,Savings Bank of Huron
320972,National Bank of Phoenix
320973,Savings Bank of Pittsburgh
320974,Savings Bank of the Valley
320978,Germany Bank #1616
320979,National Bank of New Orleans
320980,City National Cooperative Bank
320982,Spruce Credit Union
320983,First Bank of New York
320988,Portugal Bank #5511
320989,Brownstone Savings Bank
320995,Savings Bank of Watertown
321001,Oak Bancorp
321003,Savings Bank of Augusta
321004,Hearthstone Credit Union
321008,First Bank of Providence
321009,National Bank of Pittsburgh
321010,National Bank of Bridgeport
321011,First Bank of Houston
321015,Savings Bank of Omaha
321016,Germany Bank #3808
321020,Savings Bank of Watertown
321022,Heath Thrift
321023,National Bank of Columbus
321024,Baltech Bank
321026,Bank of Newbury
321027,Savings Bank of Providence
321028,National Bank of Bridgeport
321030,Greece Bank #1554
321031,Germany Bank #4469
321034,France Bank #2099
321036,Italy Bank #1545
321038,Italy Bank #3602
321040,Greece Bank #3699
321041,Ireland Bank #1548
321043,Germany Bank #3877
321046,France Bank #4974
321047,France Bank #1547
321048,National Bank of the West
321049,Sunrise Federal Bank
321050,Savings Bank of Billings
321053,Bank of the Valley
321055,Bank of Danbury
321057,Savings Bank of Los Angeles
321060,Netherlands Bank #3117
321061,Slovakia Bank #1783
321064,Portugal Bank #1549
321066,France Bank #4411
321067,Italy Bank #2279
321073,Germany Bank #4866
321074,Slovakia Bank #1557
321076,Finland Bank #1844
321077,France Bank #1558
321079,Italy Bank #4619
321080,Germany Bank #3441
321081,France Bank #4747
321083,Germany Bank #1556
321084,Germany Bank #3351
321086,Spain Bank #5071
321087,Belgium Bank #5973
321090,The Pine Bank
321091,Acme Trust Bank
321092,Italy Bank #1902
321093,France Bank #1753
321094,Spain Bank #4029
321096,Germany Bank #5300
321098,Netherlands Bank #5908
321099,France Bank #5345
321100,Slovakia Bank #4966
321102,National Bank of Portland
321105,Germany Bank #2196
321106,Germany Bank #1726
321109,Italy Bank #2287
321110,Greece Bank #5916
321112,Italy Bank #1810
321113,Austria Bank #5622
321116,Germany Bank #3230
321117,France Bank #3623
321119,France Bank #5516
321122,Flagstone Credit Union
321123,National Bank of Tampa
321124,National Bank of Portland
321126,Germany Bank #1562
321127,Italy Bank #5182
321130,France Bank #5698
321131,First Bank of Fort Wayne
321132,Plandor Community Bank
321135,Spain Bank #1564
321139,Netherlands Bank #4723
321142,Italy Bank #1602
321143,Ireland Bank #2732
321144,Spain Bank #1565
321145,Belgium Bank #5944
321146,Germany Bank #1618
321148,Spain Bank #1566
321150,France Bank #1606
321151,Germany Bank #1568
321154,Netherlands Bank #3154
321158,Portugal Bank #1569
321160,France Bank #4759
321161,Greece Bank #4894
321165,National Bank of Chicago
321168,Belgium Bank #4651
321176,Italy Bank #6105
321179,Italy Bank #2429
321180,Croatia Bank #3566
321181,France Bank #4838
321183,First Bank of Newbury
321185,Croatia Bank #1819
321187,France Bank #6295
321189,Savings Bank of Huron
321190,France Bank #5185
321197,Slovakia Bank #1609
321198,Spain Bank #1573
321201,Germany Bank #5210
321202,Netherlands Bank #5440
321205,France Bank #1575
321207,Germany Bank #1595
321210,Greece Bank #1596
321211,Germany Bank #2848
321212,Germany Bank #5867
321214,Netherlands Bank #5737
321216,Spain Bank #3446
321217,Ireland Bank #2190
321219,France Bank #5825
321221,Germany Bank #3510
321222,Spain Bank #2273
321224,Belgium Bank #2883
321225,Belgium Bank #5087
321231,Italy Bank #5868
321232,Germany Bank #3295
321233,France Bank #3559
321234,Germany Bank #4407
321235,Germany Bank #2162
321237,Spain Bank #5841
321239,Future Cooperative Bank
321243,Germany Bank #1590
321244,Germany Bank #1719
321245,Brownstone Federal Bank
321247,Hilltop Savings Bank
321248,Sunrise Cooperative Bank
321249,Mountain Savings Bank
321250,Germany Bank #1655
321253,France Bank #1580
321255,Germany Bank #2832
321256,Germany Bank #2271
321259,Netherlands Bank #1836
321264,Greece Bank #1581
321265,Spain Bank #6166
321268,Netherlands Bank #2443
321269,Netherlands Bank #1601
321272,France Bank #5694
321273,Belgium Bank #4841
321274,Italy Bank #4922
321275,Austria Bank #1584
321276,Portugal Bank #5623
321277,Greece Bank #1586
321280,France Bank #2084
321281,Ireland Bank #1742
321283,Greece Bank #1662
321286,Italy Bank #2127
321290,Germany Bank #1650
321291,Germany Bank #5528
321294,Germany Bank #2726
321295,Lithuania Bank #4408
321296,Finland Bank #1591
321298,Germany Bank #1593
321299,Slovakia Bank #4430
321300,Germany Bank #4434
321301,France Bank #4785
321303,Netherlands Bank #5578
321305,France Bank #1599
321308,France Bank #3212
321309,Germany Bank #1600
321310,Portugal Bank #1785
321311,Netherlands Bank #5546
321312,Austria Bank #5268
321316,Netherlands Bank #1885
321317,France Bank #2709
321319,UK Bank #994
321322,UK Bank #787
321323,UK Bank #105
321325,UK Bank #319
321327,UK Bank #888
321328,UK Bank #807
321329,UK Bank #240
321330,UK Bank #98
321337,UK Bank #568
321339,UK Bank #902
321340,UK Bank #101
321341,UK Bank #92
321342,UK Bank #93
321343,UK Bank #556
321345,UK Bank #757
321346,UK Bank #841
321348,UK Bank #400
321349,UK Bank #139
321351,UK Bank #889
321352,UK Bank #140
321353,UK Bank #585
321354,UK Bank #996
321355,UK Bank #95
321356,UK Bank #96
321357,UK Bank #119
321358,UK Bank #838
321359,UK Bank #933
321361,UK Bank #946
321367,UK Bank #141
321369,UK Bank #147
321371,UK Bank #677
321372,UK Bank #103
321375,UK Bank #934
321378,UK Bank #225
321380,UK Bank #104
321382,Germany Bank #1977
321383,National Bank of Lincoln
321385,UK Bank #259
321386,UK Bank #675
321387,UK Bank #714
321391,UK Bank #130
321392,UK Bank #106
321393,UK Bank #177
321394,Bank of Arkadelphia
321396,First Bank of Plattsburg
321397,Bank of Seattle
321400,National Bank of Huron
321402,Arbor Credit Union
321404,Regents Thrift
321405,First Bank of Los Angeles
321406,First Bank of Philadelphia
321407,First Bank of Tuscon
321409,Spruce Trust Bank
321414,Fieldstone Bancorp
321417,Willows Savings Bank
321418,First Bank of Augusta
321421,Savings Bank of Tampa
321423,Arbor Trust Bank
321425,National Bank of Topeka
321427,Bank of Springfield
321428,Plateau Trust Bank
321430,First Bank of Helena
321433,First Bank of Indianapolis
321435,First Bank of Madison
321437,First Bank of Madison
321438,Hilltop Credit Union
321439,National Bank of Columbus
321442,Arbor Bank
321444,National Bank of Omaha
321446,Oak Bank
321448,National Bank of the North
321450,Bank of Miami
321451,Bank of Columbus
321452,Fieldstone Credit Union
321453,Savings Bank of Dallas
321454,Savings Bank of Madison
321456,Future Bancorp
321458,First Bank of Harrisburg
321459,Hilltop Community Bank
321460,Germany Bank #1610
321461,Germany Bank #2068
321463,Italy Bank #1918
321465,Estonia Bank #3458
321469,Germany Bank #3318
321470,Spain Bank #4214
321472,Germany Bank #3793
321473,Italy Bank #1612
321474,Germany Bank #4462
321475,Italy Bank #1614
321477,Spain Bank #1613
321479,First Bank of Billings
321480,Golden Bancorp
321484,Mountain Cooperative Bank
321485,Savings Bank of Helena
321486,Dawn Thrift
321492,Capital Trust Bank
321493,First Bank of Danbury
321496,Ireland Bank #1617
321497,Spain Bank #1619
321498,France Bank #4255
321500,Italy Bank #1620
321505,Italy Bank #5422
321506,Spain Bank #1803
321508,Savings Bank of Springfield
321511,Savings Bank of Harrisburg
321512,Savings Bank of Chicago
321513,Sea Savings Bank
321516,Sappo Federal Bank
321518,National Bank of Fort Wayne
321519,Bank of Bridgeport
321522,Bank of Los Angeles
321523,National Bank of Detroit
321526,National Bank of Lincoln
321527,National Bank of the North
321529,National Bank of New Orleans
321532,National Bank of Fairfield
321534,Italy Bank #1622
321536,Mountain Community Bank
321537,Bank of New York
321539,National Bank of Newport
321542,Germany Bank #5689
321543,Netherlands Bank #2420
321544,Savings Bank of Lincoln
321547,National Bank of Butte
321549,Germany Bank #3841
321550,First Bank of Augusta
321552,Dawn Cooperative Bank
321553,Baltech Credit Union
321554,National Bank of Omaha
321555,Savings Bank of Pittsburgh
321556,Oak Cooperative Bank
321559,Savings Bank of Harrisburg
321560,Hilltop Bancorp
321562,Bank of Helena
321563,Bank of Phoenix
321564,National Bank of Detroit
321565,National Bank of Hartford
321566,Bank of Billings
321569,First Bank of Columbus
321575,First Bank of Philadelphia
321576,National Bank of New Orleans
321577,Plandor Bancorp
321581,Baltech Credit Union
321586,Savings Bank of Albany
321588,Savings Bank of Newport
321591,Savings Bank of Billings
321592,National Bank of Hartford
321593,France Bank #4633
321595,Germany Bank #4884
321597,Bank of Plattsburg
321599,Capital Community Bank
321600,Savings Bank of Houston
321601,First Bank of Hartford
321604,Desert Federal Bank
321605,Hearthstone Savings Bank
321606,Savings Bank of New Orleans
321607,Savings Bank of Danbury
321609,UK Bank #769
321610,UK Bank #882
321612,UK Bank #529
321615,UK Bank #756
321618,UK Bank #112
321619,UK Bank #200
321620,UK Bank #144
321622,UK Bank #1056
321623,UK Bank #858
321624,UK Bank #113
321625,UK Bank #210
321626,UK Bank #690
321627,UK Bank #884
321629,UK Bank #108
321630,UK Bank #107
321635,UK Bank #114
321639,UK Bank #128
321642,UK Bank #110
321643,UK Bank #678
321644,UK Bank #212
321645,UK Bank #1009
321646,UK Bank #146
321647,UK Bank #115
321648,UK Bank #116
321649,UK Bank #127
321650,UK Bank #117
321651,UK Bank #143
321653,UK Bank #137
321654,UK Bank #122
321655,UK Bank #136
321656,China Bank #1127
321657,China Bank #1010
321658,China Bank #1067
321659,China Bank #344
321660,China Bank #346
321661,China Bank #347
321662,China Bank #570
321664,China Bank #746
321665,China Bank #409
321675,China Bank #718
321676,China Bank #820
321681,Japan Bank #516
321682,China Bank #446
321683,China Bank #804
321684,China Bank #892
321686,China Bank #947
321688,China Bank #341
321690,China Bank #343
321694,China Bank #531
321696,China Bank #386
321699,China Bank #348
321700,UK Bank #922
321702,UK Bank #716
321705,UK Bank #979
321706,UK Bank #135
321707,UK Bank #629
321708,UK Bank #679
321709,Baltech Savings Bank
321710,First Bank of Columbus
321711,UK Bank #125
321713,UK Bank #683
321716,UK Bank #343
321719,UK Bank #715
321721,UK Bank #761
321722,UK Bank #412
321723,UK Bank #881
321725,UK Bank #171
321726,Willows Trust Bank
321727,UK Bank #213
321728,UK Bank #901
321729,UK Bank #148
321730,UK Bank #923
321731,UK Bank #676
321733,UK Bank #730
321737,UK Bank #168
321738,UK Bank #123
321740,UK Bank #908
321744,UK Bank #157
321745,UK Bank #134
321746,UK Bank #150
321747,UK Bank #126
321749,Bank of Albany
321750,Savings Bank of Bridgeport
321752,UK Bank #680
321755,UK Bank #740
321758,Savings Bank of Denver
321761,Savings Bank of Newport
321762,Oasis Bancorp
321763,First Bank of Newbury
321764,Desert Thrift
321765,First Bank of Topeka
321766,Oak Cooperative Bank
321767,First Bank of Topeka
321771,UK Bank #617
321772,UK Bank #129
321773,UK Bank #375
321774,UK Bank #131
321775,UK Bank #173
321778,UK Bank #133
321785,UK Bank #980
321786,UK Bank #895
321792,UK Bank #152
321794,UK Bank #871
321795,UK Bank #236
321797,UK Bank #687
321802,Savings Bank of Lincoln
321807,UK Bank #153
321809,UK Bank #660
321812,First Bank of the West
321816,Future Savings Bank
321822,France Bank #1624
321823,France Bank #1625
321824,Spain Bank #5266
321831,Desert Federal Bank
321833,Future Community Bank
321834,First Bank of Montpelier
321835,Flagstone Savings Bank
321837,Plandor Bancorp
321839,National Bank of the West
321840,National Bank of Madison
321841,Spain Bank #4999
321843,Savings Bank of Seattle
321851,Oak Savings Bank
321856,National Bank of Omaha
321857,First Bank of Billings
321858,National Bank of Cleveland
321859,National Bank of Helena
321861,Desert Bancorp
321862,Bank of Miami
321863,UK Bank #9
321864,Brownstone Savings Bank
321867,Savings Bank of Philadelphia
321868,Bank of Portsmouth
321872,UK Bank #211
321878,UK Bank #154
321879,UK Bank #266
321880,UK Bank #656
321881,UK Bank #162
321882,UK Bank #255
321883,UK Bank #755
321885,UK Bank #836
321886,UK Bank #848
321887,UK Bank #166
321888,UK Bank #723
321889,UK Bank #977
321890,UK Bank #948
321895,UK Bank #158
321897,UK Bank #159
321903,UK Bank #224
321906,UK Bank #179
321909,China Bank #754
321911,UK Bank #794
321914,UK Bank #785
321915,First Bank of Billings
321917,UK Bank #351
321918,UK Bank #145
321920,UK Bank #837
321921,UK Bank #719
321922,Cyprus Bank #5493
321924,France Bank #5788
321926,Belgium Bank #6022
321927,France Bank #4489
321933,Slovakia Bank #6111
321936,France Bank #1630
321937,France Bank #4031
321938,Slovenia Bank #5496
321940,Spain Bank #4578
321941,Netherlands Bank #1628
321942,Bank of Tampa
321943,First Bank of the West
321944,Italy Bank #1626
321945,France Bank #4976
321946,Arbor Thrift
321947,France Bank #5801
321948,Germany Bank #2404
321951,Italy Bank #5103
321952,Germany Bank #1633
321953,Germany Bank #1637
321955,Austria Bank #2840
321958,Portugal Bank #1758
321959,Germany Bank #4851
321960,Spain Bank #4322
321962,Ireland Bank #5398
321964,UK Bank #813
321966,China Bank #461
321967,China Bank #732
321968,China Bank #433
321970,France Bank #5500
321979,China Bank #423
321981,National Bank of Milford
321982,First Bank of Madison
321983,Italy Bank #6107
321986,France Bank #1652
321993,Portugal Bank #3247
321995,Spain Bank #1639
321997,Spain Bank #5439
321999,Germany Bank #1824
322002,France Bank #4310
322003,Netherlands Bank #3857
322005,France Bank #1677
322009,Spain Bank #1761
322011,France Bank #5624
322013,Italy Bank #5724
322014,Hilltop Thrift
322015,Savings Bank of the North
322017,Bank of Tuscon
322019,First Bank of Lincoln
322020,First Bank of Indianapolis
322021,First Bank of Hartford
322026,First Bank of Indianapolis
322027,Savings Bank of Dallas
322034,National Bank of Indianapolis
322035,National Bank of Augusta
322039,Spain Bank #4317
322041,Portugal Bank #5996
322042,Italy Bank #5542
322043,Germany Bank #1642
322044,Estonia Bank #5565
322045,Italy Bank #4725
322048,Germany Bank #5134
322050,France Bank #1744
322054,Germany Bank #3322
322055,Spain Bank #2630
322056,France Bank #5625
322057,Netherlands Bank #1737
322058,Germany Bank #5995
322059,Italy Bank #1644
322060,Germany Bank #2205
322062,Italy Bank #1645
322064,Hilltop Savings Bank
322065,Germany Bank #1883
322068,Germany Bank #3463
322070,France Bank #5433
322071,Germany Bank #4881
322072,France Bank #4216
322077,Greece Bank #1643
322079,Italy Bank #4600
322080,Greece Bank #4726
322082,Germany Bank #3518
322084,Austria Bank #1647
322085,France Bank #1648
322086,Germany Bank #5082
322088,Germany Bank #4576
322090,Spain Bank #4432
322091,Italy Bank #2652
322093,France Bank #6221
322095,Belgium Bank #5540
322097,First Bank of Sacramento
322102,Spain Bank #5454
322103,Italy Bank #1651
322105,France Bank #4878
322108,Netherlands Bank #5976
322110,France Bank #1653
322113,France Bank #5998
322114,Spain Bank #2635
322120,Savings Bank of New Orleans
322123,Bank of Milford
322124,UK Bank #156
322125,UK Bank #180
322128,UK Bank #149
322130,UK Bank #418
322131,UK Bank #310
322135,UK Bank #883
322137,UK Bank #842
322138,UK Bank #151
322142,UK Bank #232
322145,UK Bank #630
322146,UK Bank #1063
322147,UK Bank #376
322148,UK Bank #155
322156,France Bank #2784
322159,Netherlands Bank #5302
322160,Greece Bank #5448
322161,Italy Bank #4968
322163,France Bank #2693
322164,France Bank #1905
322170,UK Bank #669
322174,UK Bank #942
322175,UK Bank #615
322176,UK Bank #296
322177,UK Bank #956
322180,UK Bank #163
322182,UK Bank #814
322184,UK Bank #965
322185,UK Bank #161
322186,Canada Bank #780
322189,Savings Bank of Topeka
322191,Canada Bank #0
322193,Bank of Plattsburg
322194,Canada Bank #65
322196,Canada Bank #591
322197,Canada Bank #68
322200,Canada Bank #574
322201,Canada Bank #599
322204,Savings Bank of the East
322210,UK Bank #995
322211,UK Bank #164
322213,UK Bank #298
322215,UK Bank #165
322216,Savings Bank of Huron
322217,Bank of Harrisburg
322220,National Bank of Springfield
322221,Bank of Hartford
322222,First Bank of New Orleans
322223,Bank of the West
322225,France Bank #1981
322227,Italy Bank #2865
322228,Italy Bank #2178
322229,France Bank #4218
322231,Germany Bank #1658
322232,Germany Bank #4727
322238,France Bank #1730
322239,Spain Bank #4225
322240,Italy Bank #1852
322241,Spain Bank #4501
322247,France Bank #5072
322249,Spain Bank #1660
322250,Austria Bank #1661
322254,First Bank of Cleveland
322255,Willows Credit Union
322256,The Pine Cooperative Bank
322260,Savings Bank of the East
322262,Brownstone Bank
322267,National Bank of Watertown
322269,First Bank of Cleveland
322270,Savings Bank of the South
322271,First Bank of New Orleans
322272,National Bank of the South
322274,Savings Bank of Portsmouth
322275,National Bank of Philadelphia
322277,Savings Bank of the South
322279,France Bank #3126
322280,Italy Bank #2340
322281,Germany Bank #4069
322284,Spain Bank #4219
322285,Germany Bank #5581
322287,Spain Bank #5563
322291,Desert Thrift
322294,Bank of Madison
322295,Bank of Tuscon
322296,Savings Bank of Newbury
322299,National Bank of Pittsburgh
322300,Bank of Phoenix
322301,Dawn Community Bank
322304,First Bank of Chicago
322305,Dawn Trust Bank
322306,Baltech Federal Bank
322309,National Bank of Billings
322312,First Bank of Bridgeport
322316,Capital Community Bank
322317,Oasis Credit Union
322318,Sunrise Federal Bank
322320,Acme Community Bank
322321,Heath Credit Union
322323,Germany Bank #6023
322325,Dawn Federal Bank
322326,National Bank of Sacramento
322329,Savings Bank of Laramie
322330,Oasis Cooperative Bank
322331,Germany Bank #5140
322333,Netherlands Bank #1667
322334,France Bank #1676
322335,Spain Bank #4249
322336,Spain Bank #1669
322337,Flagstone Thrift
322338,Sea Bancorp
322339,Heath Federal Bank
322341,Bank of Boston
322342,Savings Bank of Danbury
322343,Plateau Savings Bank
322345,Savings Bank of Albany
322346,National Bank of Bridgeport
322347,Flagstone Thrift
322348,Germany Bank #1668
322351,First Bank of Seattle
322352,National Bank of the East
322353,Mountain Credit Union
322354,Savings Bank of Watertown
322355,National Bank of Madison
322356,National Bank of Harrisburg
322357,Germany Bank #4459
322362,France Bank #3870
322364,Sappo Trust Bank
322366,Bank of Miami
322367,Bank of Dallas
322368,Bank of Arkadelphia
322371,Savings Bank of Denver
322373,Plateau Community Bank
322375,First Bank of the South
322379,Brownstone Trust Bank
322380,First Bank of Indianapolis
322381,Bank of Fort Wayne
322382,Sunrise Bank
322386,UK Bank #306
322388,UK Bank #792
322390,UK Bank #1041
322395,UK Bank #167
322399,UK Bank #681
322402,UK Bank #219
322403,UK Bank #684
322404,UK Bank #964
322405,UK Bank #169
322408,UK Bank #782
322410,UK Bank #783
322412,UK Bank #185
322415,UK Bank #860
322416,UK Bank #170
322418,UK Bank #201
322419,UK Bank #839
322420,UK Bank #214
322422,UK Bank #759
322424,UK Bank #610
322426,UK Bank #25
322429,UK Bank #172
322430,First Bank of Lacrosse
322432,National Bank of Laramie
322433,UK Bank #688
322437,UK Bank #39
322438,UK Bank #176
322439,UK Bank #843
322440,UK Bank #308
322441,UK Bank #1048
322443,UK Bank #314
322445,UK Bank #670
322447,UK Bank #300
322448,UK Bank #198
322449,UK Bank #360
322450,UK Bank #46
322452,Italy Bank #5971
322454,Bank of Indianapolis
322455,First Bank of Fairfield
322456,Germany Bank #2117
322458,First Bank of Philadelphia
322460,Mountain Trust Bank
322461,UK Bank #812
322463,UK Bank #778
322465,UK Bank #387
322467,UK Bank #834
322468,Heath Bancorp
322469,UK Bank #209
322471,UK Bank #911
322473,UK Bank #1045
322475,UK Bank #190
322483,UK Bank #16
322485,UK Bank #221
322486,UK Bank #334
322488,UK Bank #203
322490,UK Bank #204
322491,UK Bank #768
322492,UK Bank #205
322493,Savings Bank of Tuscon
322498,Germany Bank #3644
322501,Germany Bank #4620
322502,Germany Bank #4978
322505,Greece Bank #4616
322507,Germany Bank #1672
322508,Italy Bank #4416
322511,Spain Bank #1820
322513,Spain Bank #2698
322514,Italy Bank #4234
322516,Germany Bank #5314
322517,Austria Bank #5437
322519,Spain Bank #1673
322520,Italy Bank #5684
322521,Italy Bank #5136
322522,Italy Bank #2264
322524,Spain Bank #2059
322527,Germany Bank #4293
322529,Italy Bank #3347
322530,Germany Bank #4478
322532,Spain Bank #5381
322534,Germany Bank #2316
322536,Netherlands Bank #6084
322537,Belgium Bank #1675
322538,Germany Bank #4871
322539,Germany Bank #5827
322542,Italy Bank #4417
322549,Sunrise Community Bank
322550,Bank of Montpelier
322551,Regents Cooperative Bank
322553,National Bank of Fairfield
322554,Oak Savings Bank
322556,UK Bank #231
322557,UK Bank #206
322558,UK Bank #178
322560,UK Bank #762
322561,UK Bank #226
322564,UK Bank #823
322567,UK Bank #530
322568,UK Bank #230
322569,UK Bank #1023
322572,UK Bank #899
322573,UK Bank #697
322574,UK Bank #186
322575,UK Bank #253
322576,UK Bank #263
322579,UK Bank #764
322580,UK Bank #729
322581,UK Bank #693
322582,UK Bank #187
322583,UK Bank #193
322584,UK Bank #181
322585,UK Bank #726
322587,UK Bank #248
322588,UK Bank #862
322590,Baltech Federal Bank
322595,Savings Bank of Cleveland
322597,UK Bank #1020
322599,UK Bank #182
322600,UK Bank #183
322601,UK Bank #256
322602,UK Bank #682
322604,UK Bank #978
322605,UK Bank #735
322607,UK Bank #367
322608,UK Bank #189
322610,UK Bank #207
322613,UK Bank #1112
322614,UK Bank #196
322615,UK Bank #1065
322618,UK Bank #720
322619,UK Bank #575
322620,UK Bank #191
322621,UK Bank #228
322623,UK Bank #327
322624,UK Bank #287
322627,UK Bank #734
322628,UK Bank #199
322629,UK Bank #216
322630,UK Bank #878
322632,UK Bank #197
322637,UK Bank #849
322638,Future Bank
322639,Hearthstone Credit Union
322641,Acme Cooperative Bank
322643,National Bank of Seattle
322646,Dawn Credit Union
322647,National Bank of Billings
322648,Baltech Trust Bank
322649,UK Bank #763
322651,The Pine Trust Bank
322655,UK Bank #645
322659,UK Bank #538
322661,Bank of Chicago
322662,UK Bank #267
322663,UK Bank #194
322664,UK Bank #900
322666,Bank of Danbury
322675,UK Bank #727
322676,UK Bank #195
322679,UK Bank #202
322686,UK Bank #732
322690,UK Bank #478
322696,UK Bank #810
322698,UK Bank #48
322699,UK Bank #833
322702,UK Bank #685
322706,UK Bank #549
322708,UK Bank #227
322709,UK Bank #967
322710,UK Bank #292
322711,UK Bank #982
322712,UK Bank #1101
322713,Savings Bank of Tuscon
322714,UK Bank #700
322715,UK Bank #984
322718,Savings Bank of Watertown
322723,UK Bank #262
322724,UK Bank #742
322725,UK Bank #244
322726,UK Bank #246
322730,UK Bank #786
322731,Israel Bank #820
322733,UK Bank #1121
322739,UK Bank #254
322740,UK Bank #853
322741,UK Bank #791
322743,UK Bank #215
322745,UK Bank #528
322746,UK Bank #770
322747,UK Bank #554
322751,Savings Bank of the Valley
322756,Mountain Trust Bank
322759,France Bank #4311
322760,Greece Bank #1797
322761,Austria Bank #5101
322762,Spain Bank #5579
322764,Spain Bank #1683
322767,France Bank #5564
322768,Italy Bank #3248
322772,UK Bank #282
322774,UK Bank #622
322775,UK Bank #373
322776,UK Bank #217
322777,UK Bank #864
322780,UK Bank #218
322783,Finland Bank #4990
322786,Spain Bank #4256
322789,France Bank #5043
322791,First Bank of Butte
322793,Germany Bank #1685
322794,Germany Bank #3698
322795,Spain Bank #5076
322797,UK Bank #220
322798,UK Bank #947
322799,UK Bank #347
322801,UK Bank #869
322802,UK Bank #1019
322803,UK Bank #818
322804,UK Bank #223
322805,China Bank #899
322807,China Bank #511
322809,China Bank #357
322811,China Bank #353
322814,Spain Bank #1752
322817,Portugal Bank #5495
322819,Germany Bank #5529
322820,France Bank #1779
322821,Greece Bank #4846
322822,Greece Bank #4847
322823,China Bank #1074
322824,China Bank #486
322827,China Bank #352
322831,China Bank #834
322832,China Bank #674
322833,China Bank #696
322834,China Bank #768
322835,China Bank #480
322837,China Bank #354
322838,China Bank #355
322839,China Bank #625
322840,China Bank #401
322842,China Bank #356
322844,China Bank #764
322845,UK Bank #932
322847,UK Bank #471
322848,UK Bank #1004
322849,UK Bank #222
322852,UK Bank #392
322854,UK Bank #905
322857,UK Bank #981
322859,Fieldstone Bancorp
322860,Savings Bank of Fort Wayne
322861,First Bank of Portland
322862,Sappo Savings Bank
322864,Arbor Community Bank
322866,Savings Bank of Dallas
322869,Regents Cooperative Bank
322871,Spain Bank #5869
322872,Germany Bank #3423
322873,Spain Bank #1689
322874,Italy Bank #6220
322876,First Bank of Bridgeport
322878,Savings Bank of Lincoln
322879,First Bank of Fort Wayne
322881,Sea Bancorp
322882,Bank of Billings
322884,Acme Federal Bank
322885,Bank of Houston
322886,Acme Federal Bank
322887,National Bank of Indianapolis
322889,Bank of New Orleans
322890,Capital Cooperative Bank
322891,National Bank of Chicago
322893,Estonia Bank #5739
322894,Greece Bank #4005
322896,Spain Bank #4034
322897,Savings Bank of Boston
322898,Savings Bank of Newport
322899,First Bank of Plattsburg
322901,Fieldstone Community Bank
322903,Savings Bank of Seattle
322904,Savings Bank of Detroit
322905,Savings Bank of Newbury
322908,Savings Bank of Detroit
322910,Savings Bank of the Valley
322912,Bank of Harrisburg
322914,Savings Bank of Tuscon
322915,Bank of Huron
322916,Bank of Springfield
322917,First Bank of Helena
322919,Mountain Cooperative Bank
322920,Bank of Billings
322926,National Bank of Chicago
322927,First Bank of Topeka
322928,Bank of the East
322929,Hearthstone Cooperative Bank
322931,National Bank of Lincoln
322932,Savings Bank of Cleveland
322941,Acme Thrift
322947,National Bank of Columbus
322948,Desert Trust Bank
322949,Bank of New York
322950,National Bank of Newbury
322952,Savings Bank of Philadelphia
322953,Germany Bank #2039
322954,Hearthstone Community Bank
322955,Bank of New York
322956,First Bank of the South
322957,First Bank of Springfield
322959,First Bank of the East
322960,Savings Bank of Bridgeport
322963,Savings Bank of Fairfield
322964,Sappo Thrift
322966,National Bank of Seattle
322973,Savings Bank of Sacramento
322974,Savings Bank of the Valley
322975,UK Bank #1050
322980,UK Bank #865
322981,UK Bank #234
322983,UK Bank #867
322987,UK Bank #274
322988,UK Bank #252
322989,UK Bank #235
322990,UK Bank #229
322991,UK Bank #22
322992,UK Bank #579
322994,UK Bank #924
322997,UK Bank #247
322998,UK Bank #433
322999,UK Bank #797
323000,UK Bank #857
323001,UK Bank #24
323004,UK Bank #958
323005,Sappo Savings Bank
323006,UK Bank #885
323009,Spain Bank #2988
323011,Germany Bank #3813
323013,Germany Bank #3306
323015,UK Bank #250
323016,UK Bank #537
323017,UK Bank #1031
323019,Savings Bank of Watertown
323020,UK Bank #699
323023,UK Bank #233
323024,National Bank of Phoenix
323025,UK Bank #999
323028,UK Bank #237
323037,France Bank #2478
323039,First Bank of Phoenix
323042,Desert Credit Union
323043,UK Bank #372
323045,UK Bank #438
323047,UK Bank #239
323051,UK Bank #23
323056,UK Bank #1116
323059,UK Bank #722
323060,Hearthstone Federal Bank
323061,Savings Bank of Montpelier
323064,Netherlands Bank #1693
323067,UK Bank #1077
323068,UK Bank #643
323069,UK Bank #866
323072,UK Bank #788
323075,UK Bank #539
323077,UK Bank #243
323078,UK Bank #272
323079,UK Bank #840
323081,UK Bank #368
323082,UK Bank #245
323084,UK Bank #966
323087,UK Bank #1117
323090,UK Bank #983
323097,UK Bank #725
323098,UK Bank #1064
323099,UK Bank #1125
323100,UK Bank #863
323101,UK Bank #557
323103,UK Bank #968
323104,UK Bank #249
323105,Italy Bank #1694
323106,France Bank #5699
323107,Bank of Chicago
323115,Golden Community Bank
323116,National Bank of Sacramento
323118,Spruce Community Bank
323120,UK Bank #586
323122,UK Bank #488
323124,UK Bank #1055
323125,UK Bank #820
323126,UK Bank #1014
323127,UK Bank #280
323129,UK Bank #845
323130,UK Bank #555
323131,UK Bank #265
323134,UK Bank #565
323135,UK Bank #738
323137,UK Bank #257
323139,Savings Bank of Columbus
323140,First Bank of Arkadelphia
323141,Savings Bank of Huron
323142,National Bank of Tuscon
323143,France Bank #1696
323145,National Bank of Topeka
323146,Desert Cooperative Bank
323147,National Bank of Bridgeport
323150,First Bank of Newport
323151,National Bank of the South
323153,Sunrise Bancorp
323156,Savings Bank of Detroit
323157,First Bank of Lacrosse
323159,Fieldstone Federal Bank
323162,Spruce Savings Bank
323163,National Bank of the East
323164,First Bank of Watertown
323166,Savings Bank of Seattle
323168,Italy Bank #3791
323170,UK Bank #482
323174,UK Bank #258
323175,UK Bank #1010
323180,UK Bank #284
323182,UK Bank #819
323183,UK Bank #260
323184,UK Bank #531
323186,UK Bank #285
323187,UK Bank #271
323189,UK Bank #286
323190,UK Bank #261
323191,Savings Bank of Seattle
323195,UK Bank #997
323196,UK Bank #264
323198,UK Bank #505
323201,UK Bank #625
323203,UK Bank #1039
323206,UK Bank #277
323207,UK Bank #278
323209,UK Bank #773
323210,UK Bank #733
323211,UK Bank #1005
323214,Italy Bank #3173
323215,UK Bank #279
323216,UK Bank #745
323218,UK Bank #940
323221,UK Bank #973
323222,UK Bank #321
323223,UK Bank #315
323225,UK Bank #886
323228,UK Bank #587
323229,UK Bank #817
323230,UK Bank #273
323232,UK Bank #268
323233,UK Bank #1134
323234,UK Bank #288
323238,Savings Bank of Hartford
323239,First Bank of Lincoln
323240,UK Bank #1053
323242,UK Bank #816
323245,Savings Bank of Fort Wayne
323248,First Bank of Lincoln
323249,Plateau Savings Bank
323250,Bank of the South
323251,Bank of Portland
323252,UK Bank #937
323253,UK Bank #406
323256,UK Bank #950
323257,UK Bank #691
323259,UK Bank #275
323260,UK Bank #270
323268,UK Bank #427
323270,UK Bank #593
323272,UK Bank #434
323274,UK Bank #789
323276,UK Bank #925
323278,UK Bank #12
323281,UK Bank #276
323284,UK Bank #993
323286,UK Bank #281
323288,UK Bank #442
323289,UK Bank #563
323293,UK Bank #569
323295,UK Bank #396
323297,UK Bank #790
323298,UK Bank #283
323305,UK Bank #1044
323307,UK Bank #432
323308,UK Bank #466
323310,UK Bank #1033
323311,UK Bank #903
323312,Canada Bank #84
323313,UK Bank #1011
323315,UK Bank #289
323317,UK Bank #423
323319,UK Bank #728
323323,UK Bank #294
323324,UK Bank #704
323325,UK Bank #290
323327,UK Bank #302
323329,UK Bank #666
323330,UK Bank #1054
323333,UK Bank #301
323335,UK Bank #309
323337,UK Bank #303
323338,UK Bank #712
323339,UK Bank #304
323341,UK Bank #904
323342,UK Bank #566
323343,UK Bank #798
323344,UK Bank #828
323348,Netherlands Bank #1831
323349,Germany Bank #1697
323350,France Bank #5740
323351,France Bank #4087
323355,UK Bank #640
323356,UK Bank #765
323357,UK Bank #694
323358,UK Bank #295
323361,UK Bank #475
323362,Italy Bank #1720
323365,Sunrise Community Bank
323368,Spain Bank #5346
323369,UK Bank #705
323372,UK Bank #291
323373,UK Bank #293
323376,UK Bank #1018
323377,UK Bank #766
323380,UK Bank #939
323381,UK Bank #936
323387,UK Bank #564
323389,UK Bank #525
323391,UK Bank #695
323392,UK Bank #737
323396,First Bank of Newbury
323397,Oasis Bancorp
323399,UK Bank #602
323402,UK Bank #1034
323403,UK Bank #917
323404,UK Bank #370
323408,National Bank of the Valley
323409,Savings Bank of Topeka
323410,UK Bank #297
323413,UK Bank #305
323414,National Bank of Watertown
323415,Acme Savings Bank
323417,Desert Community Bank
323420,France Bank #5657
323421,Slovakia Bank #4788
323422,Germany Bank #2002
323425,Belgium Bank #5575
323426,Germany Bank #3251
323428,First Bank of Indianapolis
323430,First Bank of the East
323431,Golden Federal Bank
323436,Germany Bank #5377
323440,Brook Bank
323441,Dawn Bank
323442,Plandor Bank
323443,Savings Bank of Tuscon
323444,First Bank of Portland
323445,Savings Bank of Cleveland
323446,Italy Bank #3239
323451,Slovakia Bank #1710
323454,Latvia Bank #1711
323456,Germany Bank #4580
323460,Italy Bank #1917
323461,Germany Bank #4589
323463,Spain Bank #2549
323465,Germany Bank #6360
323466,Italy Bank #6067
323467,France Bank #5290
323468,France Bank #5791
323469,Germany Bank #3867
323470,Ireland Bank #1702
323471,Spain Bank #2193
323472,Future Trust Bank
323473,Bank of Albany
323476,Netherlands Bank #1704
323477,Germany Bank #1705
323483,France Bank #5462
323485,Croatia Bank #1708
323487,France Bank #6269
323489,France Bank #5626
323491,Brownstone Credit Union
323493,Sunrise Bank
323495,UK Bank #355
323496,UK Bank #350
323499,UK Bank #696
323500,UK Bank #607
323503,UK Bank #707
323504,UK Bank #1013
323505,UK Bank #2
323506,UK Bank #1078
323507,UK Bank #1049
323508,UK Bank #870
323509,UK Bank #731
323510,UK Bank #532
323515,UK Bank #890
323516,Hilltop Savings Bank
323517,Savings Bank of Seattle
323519,Mountain Thrift
323520,Heath Bank
323521,National Bank of Philadelphia
323524,Golden Community Bank
323525,First Bank of Lincoln
323526,Bank of Phoenix
323527,National Bank of Harrisburg
323528,Bank of Newbury
323530,National Bank of Harrisburg
323531,Savings Bank of Huron
323532,Savings Bank of Houston
323535,Willows Trust Bank
323541,Sea Community Bank
323544,UK Bank #546
323548,UK Bank #18
323549,UK Bank #345
323550,China Bank #971
323556,UK Bank #545
323558,UK Bank #744
323559,UK Bank #626
323560,UK Bank #779
323565,Bank of the East
323566,National Bank of Newbury
323567,National Bank of Portsmouth
323568,National Bank of Laramie
323569,Bank of Houston
323570,Plandor Trust Bank
323578,National Bank of Butte
323579,First Bank of the South
323580,Brook Credit Union
323581,National Bank of Arkadelphia
323582,Capital Community Bank
323584,National Bank of Butte
323588,Plateau Trust Bank
323590,Savings Bank of Cleveland
323594,National Bank of Columbus
323595,Savings Bank of Milford
323599,UK Bank #743
323600,Greece Bank #4595
323603,Italy Bank #1713
323604,Croatia Bank #2367
323605,Germany Bank #2436
323606,France Bank #5928
323608,France Bank #5246
323612,Netherlands Bank #2322
323613,UK Bank #1084
323616,UK Bank #647
323617,UK Bank #1080
323618,UK Bank #1118
323621,UK Bank #313
323624,UK Bank #413
323625,UK Bank #543
323634,First Bank of Chicago
323637,UK Bank #599
323639,UK Bank #552
323640,UK Bank #576
323641,Savings Bank of Springfield
323642,Netherlands Bank #4045
323646,First Bank of Los Angeles
323654,Oak Trust Bank
323656,National Bank of Laramie
323657,Slovakia Bank #4762
323661,UK Bank #1089
323662,UK Bank #316
323663,UK Bank #388
323664,UK Bank #793
323665,UK Bank #767
323666,UK Bank #312
323669,UK Bank #320
323670,UK Bank #692
323674,UK Bank #868
323675,Dawn Cooperative Bank
323676,First Bank of Lincoln
323678,UK Bank #873
323680,UK Bank #322
323682,National Bank of Portland
323683,Spain Bank #3493
323685,Savings Bank of Helena
323687,Future Trust Bank
323691,Bank of Newbury
323693,Italy Bank #1715
323694,Greece Bank #2220
323696,Spain Bank #4054
323697,Italy Bank #2720
323701,Croatia Bank #1717
323703,Netherlands Bank #5424
323705,Savings Bank of Milford
323707,Germany Bank #1725
323715,Dawn Bancorp
323716,Dawn Credit Union
323718,Bank of Cleveland
323719,UK Bank #363
323720,UK Bank #385
323722,UK Bank #909
323724,UK Bank #383
323725,UK Bank #393
323726,Bank of Montpelier
323728,First Bank of New Orleans
323729,Savings Bank of Houston
323732,National Bank of Fairfield
323733,UK Bank #891
323734,UK Bank #318
323737,UK Bank #472
323740,UK Bank #1079
323745,UK Bank #648
323746,UK Bank #358
323748,UK Bank #570
323749,UK Bank #829
323753,UK Bank #892
323754,National Bank of Arkadelphia
323756,Regents Bancorp
323764,UK Bank #410
323769,UK Bank #323
323770,UK Bank #533
323774,Desert Bank
323779,UK Bank #1035
323781,UK Bank #338
323783,Savings Bank of Butte
323784,First Bank of Pittsburgh
323787,Hilltop Savings Bank
323790,UK Bank #588
323791,UK Bank #653
323792,UK Bank #324
323793,UK Bank #935
323794,UK Bank #1070
323795,UK Bank #957
323797,UK Bank #1072
323800,UK Bank #1109
323801,UK Bank #959
323802,UK Bank #906
323803,UK Bank #887
323806,Italy Bank #5997
323809,UK Bank #844
323810,UK Bank #325
323812,UK Bank #971
323813,UK Bank #987
323814,UK Bank #326
323815,UK Bank #1047
323816,UK Bank #605
323819,UK Bank #1113
323821,UK Bank #795
323823,UK Bank #914
323826,UK Bank #339
323828,Savings Bank of Springfield
323829,First Bank of Miami
323830,UK Bank #329
323833,Canada Bank #485
323835,UK Bank #331
323836,UK Bank #1071
323838,UK Bank #486
323840,UK Bank #1098
323847,UK Bank #591
323850,First Bank of Bridgeport
323851,UK Bank #394
323853,City National Federal Bank
323855,UK Bank #328
323859,UK Bank #846
323860,Savings Bank of the North
323862,UK Bank #491
323863,UK Bank #332
323865,UK Bank #333
323866,UK Bank #1012
323867,UK Bank #776
323871,UK Bank #330
323873,UK Bank #523
323874,UK Bank #335
323875,UK Bank #356
323876,UK Bank #340
323877,UK Bank #522
323878,UK Bank #969
323879,UK Bank #1126
323880,UK Bank #336
323881,UK Bank #453
323882,UK Bank #595
323886,UK Bank #540
323888,UK Bank #337
323891,UK Bank #341
323892,UK Bank #584
323893,UK Bank #342
323894,UK Bank #26
323895,UK Bank #970
323898,UK Bank #606
323899,UK Bank #930
323901,UK Bank #14
323903,UK Bank #1122
323907,UK Bank #344
323908,UK Bank #824
323915,UK Bank #1085
323916,UK Bank #473
323919,UK Bank #1008
323921,UK Bank #635
323922,UK Bank #1090
323924,UK Bank #1087
323927,UK Bank #490
323928,UK Bank #346
323931,Sappo Bancorp
323933,UK Bank #1046
323937,UK Bank #1027
323938,UK Bank #460
323939,UK Bank #348
323940,UK Bank #349
323941,UK Bank #1142
323943,National Bank of Plattsburg
323948,National Bank of Detroit
323952,Savings Bank of Albany
323955,Germany Bank #5741
323958,France Bank #5348
323959,Greece Bank #2500
323963,Savings Bank of Helena
323964,Bank of Huron
323965,UK Bank #748
323967,UK Bank #821
323969,National Bank of Tampa
323974,UK Bank #907
323975,UK Bank #550
323977,UK Bank #534
323979,UK Bank #352
323981,UK Bank #1160
323988,First Bank of the North
323989,Spruce Savings Bank
323990,Savings Bank of Providence
323992,Flagstone Bank
323995,Brook Cooperative Bank
323997,Bank of Providence
324000,Sea Cooperative Bank
324003,National Bank of Chicago
324004,Brownstone Community Bank
324005,Italy Bank #2758
324012,UK Bank #479
324014,UK Bank #405
324017,UK Bank #847
324019,UK Bank #354
324020,UK Bank #353
324021,UK Bank #998
324024,UK Bank #796
324025,UK Bank #596
324027,UK Bank #771
324031,UK Bank #535
324032,UK Bank #772
324033,UK Bank #589
324039,UK Bank #1135
324041,UK Bank #603
324042,UK Bank #429
324044,Arbor Community Bank
324045,Arbor Trust Bank
324046,Oak Trust Bank
324048,National Bank of the Valley
324049,UK Bank #407
324050,UK Bank #357
324052,UK Bank #436
324053,UK Bank #1114
324054,UK Bank #706
324055,UK Bank #551
324056,UK Bank #359
324060,UK Bank #805
324061,First Bank of Madison
324062,Capital Thrift
324064,National Bank of Columbus
324067,Savings Bank of Seattle
324068,The Pine Savings Bank
324070,Regents Bank
324073,UK Bank #435
324074,UK Bank #949
324076,UK Bank #361
324081,UK Bank #590
324085,UK Bank #365
324086,Germany Bank #1723
324089,Savings Bank of Sacramento
324092,UK Bank #850
324093,UK Bank #897
324094,UK Bank #631
324095,UK Bank #366
324097,UK Bank #985
324099,UK Bank #509
324101,UK Bank #364
324103,UK Bank #972
324104,UK Bank #390
324105,UK Bank #1036
324106,UK Bank #822
324107,UK Bank #961
324108,UK Bank #3
324110,UK Bank #369
324111,UK Bank #1028
324115,UK Bank #803
324119,UK Bank #739
324123,National Bank of Portsmouth
324126,Dawn Bank
324127,First Bank of Tampa
324129,UK Bank #1057
324131,UK Bank #1000
324132,UK Bank #377
324133,UK Bank #378
324134,UK Bank #562
324135,UK Bank #374
324136,UK Bank #637
324137,UK Bank #384
324139,UK Bank #371
324142,UK Bank #541
324144,UK Bank #826
324149,UK Bank #398
324151,Savings Bank of Madison
324153,Plandor Bancorp
324156,UK Bank #951
324157,UK Bank #646
324159,UK Bank #1130
324162,UK Bank #408
324163,UK Bank #975
324164,UK Bank #379
324165,UK Bank #741
324168,UK Bank #380
324170,First Bank of Augusta
324174,UK Bank #409
324175,UK Bank #986
324176,UK Bank #381
324179,UK Bank #1062
324182,UK Bank #880
324184,UK Bank #752
324185,Savings Bank of Houston
324186,Desert Bancorp
324190,National Bank of the West
324191,Mountain Federal Bank
324192,The Pine Bancorp
324193,Flagstone Credit Union
324194,Willows Cooperative Bank
324197,Savings Bank of Chicago
324202,First Bank of Sacramento
324204,Savings Bank of Omaha
324205,Bank of Pittsburgh
324207,National Bank of Cleveland
324208,First Bank of Portsmouth
324210,Golden Thrift
324211,Savings Bank of Fort Wayne
324212,Arbor Bank
324217,Acme Bank
324218,Savings Bank of Topeka
324219,National Bank of Miami
324221,Heath Community Bank
324222,First Bank of Arkadelphia
324225,First Bank of the East
324227,Capital Community Bank
324228,Baltech Thrift
324229,Savings Bank of Cleveland
324231,Mountain Community Bank
324232,Savings Bank of Plattsburg
324233,Bank of Laramie
324234,National Bank of Providence
324236,Bank of Augusta
324240,France Bank #4253
324241,Plandor Trust Bank
324243,Fieldstone Trust Bank
324244,National Bank of Phoenix
324247,Savings Bank of Pittsburgh
324248,National Bank of Helena
324250,Bank of Madison
324253,Bank of Pittsburgh
324257,National Bank of Miami
324259,Savings Bank of Helena
324260,First Bank of Laramie
324261,Flagstone Credit Union
324264,Savings Bank of Albany
324265,National Bank of Madison
324266,UK Bank #411
324269,UK Bank #1136
324270,UK Bank #382
324273,UK Bank #542
324275,UK Bank #426
324276,UK Bank #1124
324277,UK Bank #1073
324279,UK Bank #799
324281,UK Bank #1147
324285,UK Bank #638
324286,UK Bank #561
324287,UK Bank #698
324289,UK Bank #389
324290,UK Bank #974
324294,UK Bank #416
324295,UK Bank #780
324297,UK Bank #1123
324299,UK Bank #639
324300,UK Bank #667
324302,UK Bank #632
324305,UK Bank #386
324306,UK Bank #627
324307,UK Bank #952
324309,UK Bank #391
324311,UK Bank #1025
324313,UK Bank #1115
324314,UK Bank #601
324316,UK Bank #1074
324317,UK Bank #1001
324318,UK Bank #1158
324319,UK Bank #467
324321,UK Bank #425
324322,UK Bank #536
324323,China Bank #359
324324,UK Bank #1021
324326,UK Bank #913
324327,UK Bank #577
324328,UK Bank #499
324329,UK Bank #953
324332,UK Bank #1156
324333,UK Bank #1151
324334,UK Bank #452
324340,UK Bank #926
324341,UK Bank #894
324343,UK Bank #910
324344,UK Bank #963
324345,UK Bank #954
324346,UK Bank #521
324348,UK Bank #641
324349,UK Bank #1159
324352,UK Bank #397
324354,UK Bank #623
324356,UK Bank #604
324360,First Bank of Omaha
324362,UK Bank #401
324364,UK Bank #872
324366,UK Bank #800
324371,France Bank #3292
324372,UK Bank #955
324373,Germany Bank #4006
324374,Italy Bank #4300
324377,UK Bank #399
324378,Hilltop Community Bank
324381,Savings Bank of the Valley
324382,Bank of Danbury
324385,First Bank of Newbury
324387,UK Bank #430
324388,UK Bank #441
324390,UK Bank #1107
324391,UK Bank #513
324392,UK Bank #654
324393,UK Bank #420
324395,UK Bank #402
324396,UK Bank #642
324398,UK Bank #1015
324399,UK Bank #403
324400,UK Bank #404
324404,UK Bank #414
324407,UK Bank #1017
324411,UK Bank #1137
324413,UK Bank #1002
324414,UK Bank #1042
324417,UK Bank #1051
324419,UK Bank #802
324420,UK Bank #611
324422,UK Bank #455
324423,UK Bank #657
324424,UK Bank #28
324425,UK Bank #854
324427,UK Bank #446
324429,UK Bank #597
324432,UK Bank #415
324433,UK Bank #618
324435,UK Bank #437
324439,Spruce Bancorp
324441,Savings Bank of Lincoln
324442,National Bank of Fairfield
324443,UK Bank #929
324448,UK Bank #919
324449,UK Bank #912
324450,UK Bank #825
324452,UK Bank #945
324453,UK Bank #443
324455,UK Bank #417
324457,UK Bank #830
324463,UK Bank #1052
324464,UK Bank #500
324465,UK Bank #1086
324469,UK Bank #831
324475,UK Bank #458
324477,First Bank of New York
324478,Bank of Fort Wayne
324479,National Bank of New York
324480,Savings Bank of Fairfield
324481,Savings Bank of Topeka
324484,Willows Bank
324485,National Bank of New Orleans
324486,Spruce Federal Bank
324487,Bank of Augusta
324489,Germany Bank #5078
324492,Bank of Hartford
324493,Italy Bank #4892
324494,Desert Bancorp
324496,Plateau Bank
324497,France Bank #1972
324498,Italy Bank #2354
324499,National Bank of Omaha
324501,National Bank of Milford
324502,Germany Bank #1948
324506,Savings Bank of Newport
324509,National Bank of Columbus
324510,Golden Federal Bank
324511,National Bank of Philadelphia
324512,Bank of Newbury
324518,Plateau Thrift
324519,Desert Bank
324520,First Bank of Cleveland
324521,Baltech Community Bank
324522,Bank of Boston
324523,Savings Bank of Plattsburg
324524,National Bank of Tuscon
324525,Savings Bank of Laramie
324526,Fieldstone Trust Bank
324527,Hilltop Credit Union
324529,Bank of Huron
324530,Mountain Cooperative Bank
324532,Acme Credit Union
324534,Savings Bank of Detroit
324536,UK Bank #1059
324542,First Bank of Augusta
324543,UK Bank #1061
324544,UK Bank #1003
324545,UK Bank #649
324546,UK Bank #419
324548,UK Bank #992
324552,UK Bank #1029
324554,UK Bank #1108
324558,UK Bank #592
324560,UK Bank #751
324566,UK Bank #801
324567,UK Bank #709
324568,UK Bank #856
324569,UK Bank #621
324573,National Bank of Topeka
324576,National Bank of the West
324577,First Bank of Topeka
324579,Oak Community Bank
324580,Austria Bank #1732
324581,Austria Bank #4421
324582,Belgium Bank #2083
324583,France Bank #5089
324588,Bank of the North
324590,Sunrise Thrift
324592,Savings Bank of Cleveland
324593,Bank of Topeka
324594,The Pine Community Bank
324595,Savings Bank of Topeka
324597,Sea Federal Bank
324598,France Bank #3852
324599,Spain Bank #2494
324601,Greece Bank #1798
324602,Lithuania Bank #1733
324603,Netherlands Bank #5627
324606,Spain Bank #1735
324607,Italy Bank #5870
324613,France Bank #3603
324619,China Bank #924
324623,China Bank #548
324625,China Bank #507
324626,China Bank #1119
324631,China Bank #364
324633,China Bank #1049
324635,First Bank of the North
324636,Savings Bank of Indianapolis
324637,First Bank of Milford
324638,First Bank of Fairfield
324644,Sea Cooperative Bank
324646,National Bank of Miami
324647,First Bank of the Valley
324648,Dawn Trust Bank
324649,Acme Cooperative Bank
324651,Spruce Federal Bank
324652,Savings Bank of Tampa
324657,National Bank of Portsmouth
324658,National Bank of Milford
324659,Oasis Bancorp
324660,Bank of Houston
324665,National Bank of the South
324666,Savings Bank of Hartford
324667,Bank of Providence
324668,Savings Bank of Tampa
324670,National Bank of Topeka
324672,National Bank of Huron
324675,Bank of Huron
324676,National Bank of Detroit
324681,Hilltop Cooperative Bank
324687,Bank of the South
324690,Bank of Fort Wayne
324692,First Bank of Madison
324693,Heath Bancorp
324695,Dawn Bancorp
324697,Savings Bank of Boston
324700,Brook Trust Bank
324702,Mountain Savings Bank
324707,Savings Bank of Portland
324708,Baltech Federal Bank
324713,First Bank of Arkadelphia
324715,Regents Bank
324716,Bank of Danbury
324717,Netherlands Bank #2716
324719,Germany Bank #2433
324721,France Bank #6138
324722,Germany Bank #4749
324728,France Bank #6190
324729,France Bank #5354
324730,Capital Bank
324731,UK Bank #421
324732,UK Bank #422
324736,UK Bank #560
324738,UK Bank #650
324741,UK Bank #655
324743,UK Bank #774
324744,UK Bank #1148
324745,UK Bank #1149
324746,UK Bank #424
324747,UK Bank #938
324748,UK Bank #927
324751,UK Bank #613
324752,UK Bank #462
324754,UK Bank #1102
324756,UK Bank #851
324757,UK Bank #445
324761,UK Bank #428
324764,UK Bank #1140
324765,UK Bank #661
324766,UK Bank #874
324767,UK Bank #1043
324768,Bank of Billings
324769,Bank of Billings
324771,Bank of Fort Wayne
324775,First Bank of the East
324778,Capital Savings Bank
324779,First Bank of Portsmouth
324780,Arbor Bank
324781,Savings Bank of Los Angeles
324782,First Bank of Lincoln
324783,National Bank of Boston
324784,Bank of Augusta
324786,National Bank of Columbus
324788,UK Bank #668
324790,UK Bank #827
324793,UK Bank #1103
324795,UK Bank #15
324796,UK Bank #1026
324801,Canada Bank #594
324804,Canada Bank #788
324805,Canada Bank #69
324806,Canada Bank #567
324808,Canada Bank #92
324810,Canada Bank #66
324813,Canada Bank #89
324814,Canada Bank #67
324818,Canada Bank #592
324823,Canada Bank #82
324824,Canada Bank #678
324826,Canada Bank #646
324828,Canada Bank #87
324830,Canada Bank #619
324831,Canada Bank #91
324832,Canada Bank #70
324833,Canada Bank #215
324834,Canada Bank #683
324835,Canada Bank #72
324836,Canada Bank #45
324839,Canada Bank #77
324841,Canada Bank #572
324842,Canada Bank #626
324843,Canada Bank #593
324844,Canada Bank #34
324845,Canada Bank #86
324846,Canada Bank #703
324849,Canada Bank #71
324851,Canada Bank #404
324853,Canada Bank #112
324855,Canada Bank #153
324856,Canada Bank #76
324857,Canada Bank #243
324859,Canada Bank #73
324860,Canada Bank #74
324861,Canada Bank #2
324863,Canada Bank #568
324866,Canada Bank #80
324869,Canada Bank #119
324870,Canada Bank #656
324871,Canada Bank #75
324873,Canada Bank #801
324876,Canada Bank #78
324877,Canada Bank #79
324882,Canada Bank #728
324884,Canada Bank #83
324885,Canada Bank #81
324886,Canada Bank #658
324888,Canada Bank #641
324889,Canada Bank #16
324890,Canada Bank #96
324895,Canada Bank #406
324896,Canada Bank #682
324897,Canada Bank #85
324898,Canada Bank #671
324900,Canada Bank #620
324901,Canada Bank #782
324902,Canada Bank #250
324903,Canada Bank #715
324904,Canada Bank #737
324906,Canada Bank #606
324910,Canada Bank #693
324912,Canada Bank #101
324913,Italy Bank #1738
324921,Spain Bank #4224
324922,Canada Bank #684
324923,Canada Bank #90
324926,First Bank of Huron
324929,Canada Bank #719
324930,Canada Bank #777
324934,Canada Bank #729
324938,Canada Bank #716
324941,Fieldstone Thrift
324943,Savings Bank of Arkadelphia
324944,First Bank of Helena
324950,First Bank of Harrisburg
324951,Savings Bank of Los Angeles
324952,Baltech Community Bank
324953,Regents Community Bank
324959,Canada Bank #93
324960,Canada Bank #725
324961,Canada Bank #706
324963,Canada Bank #623
324964,Canada Bank #94
324965,Canada Bank #117
324968,Canada Bank #254
324969,Canada Bank #97
324972,Canada Bank #147
324973,Canada Bank #376
324975,Canada Bank #122
324976,Canada Bank #741
324977,Savings Bank of Montpelier
324979,Canada Bank #458
324980,Canada Bank #110
324981,Canada Bank #114
324982,Canada Bank #100
324983,Canada Bank #569
324989,Canada Bank #139
324993,Canada Bank #595
324994,Canada Bank #642
324996,Canada Bank #640
324997,Canada Bank #221
324998,Canada Bank #625
325004,Canada Bank #624
325005,Canada Bank #267
325008,Canada Bank #699
325009,Canada Bank #167
325010,Canada Bank #600
325011,Canada Bank #622
325012,Canada Bank #98
325015,Canada Bank #163
325016,Canada Bank #681
325018,Canada Bank #717
325019,Canada Bank #680
325023,Canada Bank #190
325027,Canada Bank #517
325028,Canada Bank #659
325029,Canada Bank #509
325030,Canada Bank #20
325031,Mountain Federal Bank
325033,Spruce Community Bank
325036,Canada Bank #99
325037,Canada Bank #621
325038,Canada Bank #252
325039,Canada Bank #104
325040,Canada Bank #113
325042,Canada Bank #308
325043,Canada Bank #102
325047,Canada Bank #260
325049,Canada Bank #679
325051,Canada Bank #116
325053,First Bank of Lacrosse
325055,Canada Bank #284
325057,Canada Bank #531
325059,First Bank of Fairfield
325060,National Bank of Danbury
325061,Hilltop Savings Bank
325062,Future Trust Bank
325063,Savings Bank of Los Angeles
325064,National Bank of Denver
325067,Oak Bancorp
325069,Spruce Federal Bank
325070,Canada Bank #660
325071,Canada Bank #230
325072,Canada Bank #657
325073,Canada Bank #738
325074,Brook Trust Bank
325075,Sea Cooperative Bank
325077,Hilltop Community Bank
325081,France Bank #3779
325082,France Bank #1739
325083,First Bank of the North
325085,National Bank of Tuscon
325092,Willows Savings Bank
325093,Sappo Cooperative Bank
325095,Oak Thrift
325097,Hearthstone Cooperative Bank
325098,Bank of Billings
325099,National Bank of Phoenix
325102,Hilltop Trust Bank
325103,First Bank of Columbus
325104,France Bank #5814
325109,National Bank of Philadelphia
325110,Savings Bank of Laramie
325115,Regents Federal Bank
325116,Bank of Plattsburg
325118,Savings Bank of Montpelier
325119,Canada Bank #246
325120,Canada Bank #105
325121,Canada Bank #571
325123,Canada Bank #596
325125,Canada Bank #103
325126,Canada Bank #128
325129,Savings Bank of Fort Wayne
325131,Canada Bank #14
325132,Canada Bank #597
325136,Canada Bank #701
325137,Canada Bank #124
325139,Canada Bank #106
325140,Canada Bank #107
325141,Flagstone Trust Bank
325142,First Bank of Hartford
325143,Brownstone Cooperative Bank
325144,Sappo Trust Bank
325147,Savings Bank of Watertown
325158,Canada Bank #123
325159,Canada Bank #338
325160,Canada Bank #723
325161,Canada Bank #161
325162,Canada Bank #169
325164,Canada Bank #111
325167,Canada Bank #503
325168,Canada Bank #142
325169,Canada Bank #710
325170,Canada Bank #115
325173,Canada Bank #632
325174,Canada Bank #575
325175,Canada Bank #265
325177,Savings Bank of Pittsburgh
325178,Canada Bank #149
325179,Canada Bank #488
325183,Canada Bank #570
325184,Canada Bank #510
325186,Canada Bank #629
325188,Canada Bank #677
325190,Canada Bank #687
325196,Canada Bank #663
325198,Canada Bank #754
325199,Canada Bank #718
325203,Canada Bank #714
325205,Canada Bank #518
325206,Canada Bank #118
325209,Canada Bank #120
325210,Canada Bank #765
325211,Canada Bank #40
325212,Canada Bank #704
325213,Canada Bank #136
325214,Canada Bank #175
325224,Canada Bank #176
325225,Canada Bank #125
325226,Slovakia Bank #5874
325227,Baltech Bancorp
325235,Canada Bank #126
325236,Canada Bank #127
325237,Canada Bank #137
325239,Canada Bank #321
325240,Canada Bank #287
325241,Canada Bank #132
325243,Canada Bank #143
325244,Canada Bank #792
325248,Canada Bank #349
325249,Canada Bank #133
325250,Canada Bank #800
325251,Canada Bank #129
325252,Canada Bank #580
325253,Canada Bank #155
325255,Canada Bank #130
325256,Canada Bank #148
325258,Canada Bank #186
325259,Canada Bank #829
325261,Canada Bank #164
325263,Canada Bank #288
325267,Canada Bank #138
325268,Canada Bank #602
325269,Canada Bank #134
325271,Canada Bank #474
325272,Canada Bank #188
325274,Canada Bank #135
325275,Canada Bank #211
325277,Canada Bank #377
325278,Italy Bank #5359
325280,Canada Bank #131
325281,Canada Bank #661
325282,Canada Bank #770
325286,Savings Bank of Sacramento
325290,Canada Bank #757
325291,Savings Bank of Sacramento
325294,Canada Bank #306
325297,Canada Bank #753
325299,Canada Bank #836
325307,Canada Bank #669
325313,Brownstone Trust Bank
325314,Capital Credit Union
325316,Oak Trust Bank
325318,Flagstone Savings Bank
325320,National Bank of Detroit
325321,Savings Bank of Los Angeles
325322,Bank of Portsmouth
325325,Savings Bank of Helena
325326,Bank of Montpelier
325327,Bank of Billings
325329,National Bank of Lincoln
325331,Savings Bank of Miami
325334,France Bank #5912
325339,Spain Bank #4227
325340,Germany Bank #5518
325341,Spain Bank #3207
325344,France Bank #5001
325345,Germany Bank #5250
325347,Spain Bank #1740
325348,France Bank #1741
325351,Germany Bank #5911
325355,Germany Bank #1775
325357,Spain Bank #4582
325360,Italy Bank #3330
325361,Germany Bank #1838
325364,Bank of Los Angeles
325366,Spain Bank #2308
325368,Finland Bank #3635
325370,France Bank #1743
325374,France Bank #4003
325376,Germany Bank #45
325377,Spain Bank #6297
325379,Austria Bank #4848
325384,France Bank #5629
325387,France Bank #4733
325388,Belgium Bank #4102
325389,Portugal Bank #2392
325390,Italy Bank #2552
325391,Latvia Bank #1745
325393,Ireland Bank #1748
325395,France Bank #1750
325396,Germany Bank #4732
325397,Germany Bank #4012
325400,Spain Bank #2696
325402,National Bank of Portland
325404,Savings Bank of the East
325406,First Bank of Hartford
325407,Netherlands Bank #1869
325408,Germany Bank #2079
325410,Italy Bank #1749
325411,Germany Bank #3511
325414,Germany Bank #2562
325415,Italy Bank #1762
325416,Italy Bank #4588
325419,Croatia Bank #1751
325421,Ireland Bank #2578
325422,Austria Bank #4982
325423,Lithuania Bank #2460
325424,Spain Bank #5497
325429,Italy Bank #4028
325430,France Bank #3512
325431,Sunrise Federal Bank
325433,Germany Bank #3663
325435,Germany Bank #4849
325436,Italy Bank #4289
325438,Spain Bank #1756
325440,Italy Bank #4044
325442,Germany Bank #4980
325443,Spain Bank #6379
325444,Netherlands Bank #6085
325445,France Bank #2103
325446,Greece Bank #3145
325449,Austria Bank #4890
325450,Spain Bank #3481
325451,France Bank #1755
325453,Germany Bank #5286
325454,France Bank #6092
325455,Spain Bank #2080
325456,Germany Bank #5999
325457,Spain Bank #5871
325458,France Bank #4584
325460,Portugal Bank #2022
325463,Slovenia Bank #1760
325465,France Bank #5525
325470,Germany Bank #4734
325472,China Bank #852
325473,China Bank #1111
325474,China Bank #1043
325477,China Bank #368
325485,National Bank of Topeka
325487,Bank of Seattle
325490,National Bank of Laramie
325491,National Bank of Plattsburg
325493,Savings Bank of Billings
325495,Germany Bank #1934
325498,Spain Bank #5426
325499,Spain Bank #4735
325501,Austria Bank #1778
325502,Greece Bank #4060
325504,Portugal Bank #3178
325505,Italy Bank #4853
325506,Germany Bank #4228
325507,Spain Bank #1765
325508,Germany Bank #3879
325510,Germany Bank #4778
325516,Sea Community Bank
325517,Future Trust Bank
325518,Canada Bank #732
325519,Canada Bank #172
325522,Canada Bank #442
325525,Canada Bank #150
325530,Savings Bank of Sacramento
325532,Canada Bank #159
325534,Canada Bank #154
325540,Canada Bank #702
325544,Canada Bank #157
325545,Canada Bank #189
325546,Canada Bank #171
325547,Canada Bank #773
325548,Canada Bank #736
325549,Canada Bank #140
325551,Future Trust Bank
325553,Canada Bank #791
325554,Canada Bank #783
325555,Canada Bank #630
325556,Canada Bank #664
325557,Canada Bank #141
325558,First Bank of Milford
325559,Bank of Hartford
325560,Savings Bank of Columbus
325561,Canada Bank #598
325562,Canada Bank #162
325563,Canada Bank #675
325564,Canada Bank #700
325569,Canada Bank #144
325571,Canada Bank #197
325572,Canada Bank #814
325573,Spain Bank #3421
325574,Netherlands Bank #1866
325576,Italy Bank #5269
325577,Italy Bank #3146
325580,Portugal Bank #1769
325582,Germany Bank #5295
325583,Netherlands Bank #5360
325584,Spain Bank #6000
325586,France Bank #1806
325587,Belgium Bank #2268
325589,Germany Bank #1865
325590,Spain Bank #2602
325591,Canada Bank #173
325594,Spain Bank #4466
325597,France Bank #3168
325598,Canada Bank #225
325599,Canada Bank #166
325601,Canada Bank #573
325605,Canada Bank #466
325606,Canada Bank #156
325607,Canada Bank #145
325609,Canada Bank #146
325610,Canada Bank #502
325613,Canada Bank #294
325616,Canada Bank #151
325618,Canada Bank #158
325619,Canada Bank #168
325622,Canada Bank #251
325624,Canada Bank #286
325629,Canada Bank #170
325630,Canada Bank #643
325631,Canada Bank #733
325632,Canada Bank #612
325634,Canada Bank #449
325636,Canada Bank #210
325637,Canada Bank #766
325638,Canada Bank #336
325639,Canada Bank #152
325640,Canada Bank #450
325641,Canada Bank #240
325646,Canada Bank #184
325647,Canada Bank #408
325651,Canada Bank #358
325652,Canada Bank #174
325654,Hilltop Bank
325655,Canada Bank #815
325659,Canada Bank #686
325661,Canada Bank #758
325662,Canada Bank #160
325665,Canada Bank #185
325666,Canada Bank #690
325673,Canada Bank #730
325674,Germany Bank #3774
325675,Portugal Bank #4593
325676,Italy Bank #1771
325678,Spain Bank #5293
325679,Germany Bank #6325
325680,France Bank #1773
325685,Canada Bank #645
325687,Canada Bank #417
325688,Canada Bank #165
325689,Canada Bank #526
325692,Canada Bank #177
325693,Canada Bank #539
325694,Canada Bank #705
325696,Canada Bank #301
325699,Canada Bank #644
325700,Canada Bank #217
325701,Canada Bank #668
325704,Canada Bank #181
325708,Canada Bank #672
325710,Canada Bank #178
325711,Canada Bank #7
325714,Canada Bank #822
325715,Canada Bank #268
325716,Canada Bank #309
325718,Canada Bank #227
325720,Canada Bank #235
325721,Canada Bank #201
325722,Canada Bank #180
325723,Canada Bank #209
325726,Canada Bank #650
325730,Canada Bank #13
325731,Canada Bank #480
325733,Canada Bank #29
325734,Canada Bank #30
325735,Canada Bank #31
325736,Canada Bank #196
325738,Canada Bank #805
325741,Canada Bank #182
325742,Canada Bank #761
325743,Canada Bank #193
325744,Canada Bank #275
325745,Canada Bank #534
325746,Canada Bank #756
325748,Canada Bank #648
325749,Canada Bank #194
325751,Canada Bank #183
325755,Canada Bank #550
325767,China Bank #369
325768,China Bank #474
325769,China Bank #370
325772,China Bank #407
325779,Canada Bank #712
325782,Canada Bank #881
325784,Canada Bank #809
325785,Canada Bank #810
325786,Canada Bank #187
325787,Canada Bank #755
325790,Canada Bank #198
325791,Canada Bank #272
325792,Canada Bank #195
325793,Canada Bank #326
325795,Canada Bank #191
325797,Bank of Bridgeport
325798,Willows Thrift
325800,Canada Bank #695
325802,Bank of Arkadelphia
325804,Canada Bank #617
325806,Canada Bank #369
325807,Canada Bank #192
325808,Canada Bank #720
325810,Canada Bank #218
325813,Canada Bank #293
325814,Canada Bank #334
325815,Canada Bank #199
325818,Canada Bank #205
325819,Canada Bank #200
325821,Brazil Bank #307
325824,Canada Bank #802
325825,Canada Bank #601
325826,Canada Bank #431
325829,Canada Bank #524
325830,Canada Bank #202
325831,Canada Bank #739
325832,Canada Bank #203
325833,Canada Bank #902
325834,Canada Bank #871
325835,Canada Bank #912
325836,Canada Bank #618
325837,Canada Bank #627
325838,Canada Bank #204
325840,Canada Bank #874
325841,Oasis Thrift
325842,Canada Bank #245
325843,Canada Bank #220
325844,Canada Bank #216
325845,Canada Bank #207
325847,Canada Bank #299
325850,Canada Bank #462
325851,Canada Bank #296
325853,Canada Bank #430
325855,Canada Bank #206
325860,Canada Bank #208
325862,Italy Bank #5745
325863,France Bank #1787
325864,France Bank #5194
325869,Canada Bank #328
325870,Canada Bank #639
325872,Canada Bank #840
325875,Canada Bank #212
325876,Canada Bank #253
325880,Canada Bank #278
325883,Canada Bank #628
325884,Canada Bank #248
325885,Canada Bank #745
325886,Canada Bank #213
325890,Canada Bank #228
325892,Canada Bank #520
325894,Canada Bank #713
325895,Canada Bank #837
325897,Canada Bank #576
325899,Canada Bank #448
325901,National Bank of Dallas
325904,Canada Bank #214
325906,Canada Bank #219
325908,Japan Bank #518
325909,Canada Bank #273
325910,Canada Bank #229
325912,India Bank #742
325913,Canada Bank #545
325915,Canada Bank #224
325916,Canada Bank #222
325918,Canada Bank #226
325921,Canada Bank #587
325922,Canada Bank #223
325923,Canada Bank #473
325925,Canada Bank #342
325932,Canada Bank #662
325933,Canada Bank #784
325937,Canada Bank #603
325939,Canada Bank #289
325940,Canada Bank #247
325941,Canada Bank #649
325942,Canada Bank #609
325944,Canada Bank #634
325945,Canada Bank #532
325946,Hilltop Community Bank
325948,Desert Trust Bank
325951,Canada Bank #231
325952,Canada Bank #633
325954,Canada Bank #444
325955,Canada Bank #232
325957,Canada Bank #589
325960,Canada Bank #385
325962,Canada Bank #282
325965,Canada Bank #665
325966,Canada Bank #752
325968,Canada Bank #236
325970,Canada Bank #803
325971,Canada Bank #292
325975,Canada Bank #904
325976,Canada Bank #233
325977,Canada Bank #234
325978,Canada Bank #604
325979,Canada Bank #38
325980,Canada Bank #775
325981,Canada Bank #258
325982,Canada Bank #39
325983,Canada Bank #611
325990,Canada Bank #504
325993,Canada Bank #41
325994,Canada Bank #835
325999,Canada Bank #238
326000,Canada Bank #785
326001,Canada Bank #237
326003,Canada Bank #283
326004,Canada Bank #239
326008,Future Credit Union
326009,Acme Bancorp
326010,National Bank of Chicago
326012,Savings Bank of Indianapolis
326013,Fieldstone Thrift
326014,National Bank of Butte
326015,National Bank of Fairfield
326018,Bank of Chicago
326019,Sunrise Credit Union
326020,Savings Bank of Billings
326023,Canada Bank #708
326025,Canada Bank #315
326029,Canada Bank #795
326030,Canada Bank #555
326031,Canada Bank #330
326033,Canada Bank #241
326034,Canada Bank #542
326035,Canada Bank #887
326036,Canada Bank #305
326038,Canada Bank #590
326039,National Bank of Philadelphia
326040,National Bank of Portland
326041,Flagstone Federal Bank
326042,Dawn Bancorp
326043,Austria Bank #1830
326045,Italy Bank #4423
326046,Portugal Bank #1892
326049,Bank of Los Angeles
326051,Canada Bank #244
326053,Canada Bank #263
326055,Canada Bank #242
326056,Canada Bank #259
326059,Savings Bank of Tuscon
326061,Bank of Miami
326062,Spain Bank #5686
326063,Germany Bank #1784
326065,Germany Bank #1989
326066,City National Trust Bank
326067,Germany Bank #4739
326068,Finland Bank #2352
326072,Germany Bank #5270
326073,Malta Bank #3200
326076,Italy Bank #4801
326078,Bank of Madison
326079,Bank of Butte
326080,First Bank of Phoenix
326083,Slovakia Bank #1955
326085,National Bank of Albany
326089,Bank of Madison
326091,Arbor Bank
326096,Hilltop Bancorp
326097,First Bank of New Orleans
326098,Flagstone Thrift
326100,Savings Bank of Watertown
326101,Savings Bank of Danbury
326102,National Bank of Watertown
326103,Fieldstone Federal Bank
326104,Savings Bank of Portland
326105,Capital Thrift
326106,First Bank of Bridgeport
326107,Bank of Bridgeport
326109,Brownstone Cooperative Bank
326110,Savings Bank of Madison
326112,Germany Bank #2915
326113,Belgium Bank #2180
326114,Greece Bank #1780
326118,Spain Bank #4424
326119,Crytpo Bank #2
326120,Germany Bank #5813
326125,Canada Bank #879
326126,Canada Bank #366
326129,Canada Bank #605
326131,Canada Bank #774
326133,Canada Bank #264
326134,Canada Bank #541
326137,Canada Bank #744
326141,Canada Bank #249
326142,Canada Bank #608
326145,Canada Bank #848
326146,Canada Bank #479
326148,Canada Bank #270
326149,Canada Bank #740
326153,France Bank #2564
326156,France Bank #5085
326157,Spain Bank #1786
326158,Germany Bank #3460
326159,Germany Bank #2020
326160,Germany Bank #3789
326168,Canada Bank #820
326173,Canada Bank #828
326174,Canada Bank #868
326176,Canada Bank #613
326178,Canada Bank #256
326180,Brownstone Federal Bank
326181,Canada Bank #257
326182,Canada Bank #556
326183,Canada Bank #507
326184,Canada Bank #255
326185,Canada Bank #508
326187,Canada Bank #461
326191,Canada Bank #872
326192,First Bank of Tampa
326194,Croatia Bank #3775
326195,France Bank #4425
326196,Germany Bank #4281
326197,Netherlands Bank #5272
326198,Italy Bank #3403
326199,Spain Bank #5872
326200,Spain Bank #1789
326202,Greece Bank #5950
326204,Germany Bank #1791
326205,Bank of New Orleans
326206,National Bank of Phoenix
326210,Canada Bank #558
326211,Canada Bank #767
326214,Canada Bank #922
326215,Canada Bank #261
326216,Canada Bank #452
326217,Canada Bank #445
326218,Canada Bank #742
326219,Canada Bank #262
326222,Canada Bank #467
326225,Canada Bank #685
326227,Canada Bank #631
326228,Canada Bank #269
326229,Canada Bank #647
326231,Canada Bank #23
326233,Canada Bank #266
326234,Canada Bank #557
326237,Canada Bank #776
326239,Canada Bank #535
326243,First Bank of Helena
326248,Canada Bank #357
326251,Canada Bank #654
326253,Canada Bank #790
326255,National Bank of Sacramento
326256,National Bank of Omaha
326257,National Bank of Butte
326258,Bank of Madison
326260,Bank of Dallas
326261,Hearthstone Savings Bank
326263,Regents Bank
326264,Canada Bank #271
326267,Canada Bank #523
326269,Canada Bank #54
326270,Canada Bank #313
326271,Canada Bank #274
326278,Canada Bank #536
326280,Canada Bank #290
326281,Finland Bank #1922
326282,Canada Bank #821
326284,Canada Bank #276
326286,Canada Bank #277
326289,Canada Bank #607
326290,Canada Bank #407
326292,Canada Bank #892
326294,Canada Bank #635
326296,Canada Bank #561
326298,Canada Bank #843
326301,Canada Bank #279
326311,Canada Bank #823
326312,Canada Bank #291
326313,Canada Bank #280
326315,Canada Bank #787
326316,Canada Bank #285
326318,Canada Bank #861
326319,Canada Bank #281
326320,First Bank of New Orleans
326321,Golden Bank
326322,Bank of Seattle
326323,Canada Bank #493
326324,Canada Bank #459
326328,Capital Credit Union
326329,First Bank of Fort Wayne
326330,Oasis Credit Union
326333,National Bank of the East
326334,Sappo Bank
326335,National Bank of Fairfield
326338,Brownstone Cooperative Bank
326339,National Bank of Arkadelphia
326340,First Bank of Topeka
326341,Savings Bank of the Valley
326342,Regents Community Bank
326350,Canada Bank #443
326351,Canada Bank #322
326352,Canada Bank #551
326355,Netherlands Bank #4426
326356,Germany Bank #5652
326357,Canada Bank #743
326360,Canada Bank #798
326361,Canada Bank #583
326362,Canada Bank #839
326366,Canada Bank #707
326367,Canada Bank #806
326368,Canada Bank #491
326369,Canada Bank #380
326371,Canada Bank #295
326372,Canada Bank #769
326374,Canada Bank #581
326375,Canada Bank #811
326377,Canada Bank #793
326380,Canada Bank #297
326382,Canada Bank #824
326390,China Bank #1101
326392,China Bank #897
326396,Bank of Newbury
326397,Mountain Federal Bank
326399,China Bank #405
326400,China Bank #667
326401,China Bank #372
326402,China Bank #545
326404,China Bank #633
326408,Canada Bank #298
326409,Canada Bank #748
326410,Canada Bank #812
326413,Plandor Federal Bank
326415,Canada Bank #562
326417,France Bank #2069
326418,Canada Bank #302
326419,Canada Bank #303
326421,Canada Bank #731
326423,Canada Bank #688
326424,Canada Bank #468
326425,Canada Bank #588
326426,Canada Bank #300
326430,Canada Bank #412
326433,Canada Bank #304
326437,Canada Bank #908
326438,Canada Bank #610
326441,Canada Bank #307
326444,Canada Bank #513
326446,Canada Bank #786
326447,Canada Bank #318
326448,Canada Bank #411
326450,Canada Bank #582
326453,Brownstone Thrift
326454,National Bank of Madison
326457,Canada Bank #311
326458,Canada Bank #666
326460,Canada Bank #364
326463,Canada Bank #310
326464,Canada Bank #667
326466,Canada Bank #312
326469,Canada Bank #838
326470,Canada Bank #850
326471,Canada Bank #899
326472,Canada Bank #521
326473,Canada Bank #414
326477,Canada Bank #314
326478,Canada Bank #483
326479,Canada Bank #833
326480,Canada Bank #451
326483,Canada Bank #884
326485,Italy Bank #1793
326486,Canada Bank #813
326487,Canada Bank #893
326489,Canada Bank #867
326490,First Bank of Providence
326491,Mountain Community Bank
326492,Oasis Cooperative Bank
326493,Acme Bancorp
326494,Plandor Credit Union
326495,First Bank of Danbury
326498,Savings Bank of Denver
326499,National Bank of Springfield
326500,Regents Savings Bank
326501,Bank of Arkadelphia
326502,Canada Bank #332
326503,Canada Bank #359
326504,Canada Bank #519
326505,Canada Bank #854
326506,Canada Bank #721
326507,Canada Bank #375
326508,Canada Bank #324
326511,Canada Bank #564
326513,Canada Bank #325
326515,Canada Bank #354
326519,Canada Bank #655
326520,Canada Bank #415
326521,France Bank #4231
326523,National Bank of New York
326524,Canada Bank #316
326528,Canada Bank #464
326529,Canada Bank #319
326530,Canada Bank #548
326531,Canada Bank #422
326532,Canada Bank #865
326535,Canada Bank #396
326536,Canada Bank #849
326538,Canada Bank #515
326542,Canada Bank #565
326543,Canada Bank #317
326545,Plateau Bancorp
326546,Canada Bank #337
326547,Canada Bank #327
326548,Canada Bank #340
326549,Canada Bank #367
326550,Canada Bank #514
326551,Canada Bank #830
326553,Canada Bank #577
326554,Canada Bank #320
326556,Canada Bank #817
326558,Canada Bank #484
326560,Canada Bank #329
326561,Canada Bank #638
326562,Canada Bank #61
326563,National Bank of Newport
326564,National Bank of Newport
326567,Canada Bank #331
326570,Canada Bank #825
326572,Japan Bank #947
326574,Japan Bank #539
326575,Japan Bank #732
326576,Japan Bank #537
326581,Japan Bank #1016
326584,Japan Bank #521
326586,Japan Bank #798
326597,Japan Bank #534
326599,Japan Bank #672
326600,Japan Bank #526
326602,Japan Bank #528
326604,Bank of Madison
326606,First Bank of Madison
326609,Japan Bank #725
326610,Japan Bank #905
326612,Japan Bank #847
326614,Japan Bank #896
326615,Japan Bank #934
326616,Japan Bank #542
326618,Japan Bank #908
326619,Japan Bank #574
326620,Japan Bank #693
326621,Savings Bank of Indianapolis
326622,Mountain Bank
326624,Arbor Savings Bank
326626,Plateau Thrift
326627,Sunrise Savings Bank
326630,National Bank of Helena
326636,Japan Bank #1004
326637,Japan Bank #535
326638,Japan Bank #886
326640,Japan Bank #630
326642,Japan Bank #845
326643,Japan Bank #743
326644,Japan Bank #773
326646,Canada Bank #333
326648,Canada Bank #481
326651,Canada Bank #390
326653,Canada Bank #760
326656,Canada Bank #511
326661,Canada Bank #335
326662,Canada Bank #374
326663,Canada Bank #540
326665,Canada Bank #365
326668,Canada Bank #339
326670,Canada Bank #919
326671,Canada Bank #492
326672,Canada Bank #853
326674,First Bank of Topeka
326676,Canada Bank #898
326677,Heath Federal Bank
326679,Canada Bank #489
326683,Canada Bank #49
326684,Canada Bank #50
326687,National Bank of Plattsburg
326689,Desert Credit Union
326690,Willows Bancorp
326691,Bank of the West
326692,Bank of Billings
326693,Oasis Bancorp
326694,France Bank #5920
326695,Spruce Cooperative Bank
326696,Baltech Savings Bank
326699,First Bank of the North
326701,First Bank of the North
326702,Savings Bank of the North
326703,First Bank of Detroit
326704,Savings Bank of Harrisburg
326705,Savings Bank of Indianapolis
326709,France Bank #5941
326710,Slovakia Bank #1794
326713,Germany Bank #5196
326716,Hilltop Thrift
326717,Bank of Phoenix
326719,Oasis Federal Bank
326723,Italy Bank #3820
326725,Regents Trust Bank
326726,National Bank of Portsmouth
326727,Future Community Bank
326728,Bank of New Orleans
326730,Bank of Helena
326732,First Bank of the East
326733,Oasis Trust Bank
326734,First Bank of Providence
326735,Bank of Montpelier
326740,Germany Bank #1796
326741,Germany Bank #5697
326744,Fieldstone Federal Bank
326745,Netherlands Bank #5742
326747,Plandor Credit Union
326748,The Pine Trust Bank
326749,Golden Community Bank
326750,Bank of Seattle
326751,Bank of Milford
326752,Savings Bank of Indianapolis
326754,First Bank of Fairfield
326755,Flagstone Savings Bank
326759,Flagstone Bancorp
326760,National Bank of Miami
326761,Sea Cooperative Bank
326765,Netherlands Bank #4796
326766,France Bank #5365
326773,First Bank of Bridgeport
326774,Hilltop Federal Bank
326776,Germany Bank #6106
326777,France Bank #3801
326778,Savings Bank of Milford
326779,Savings Bank of Omaha
326782,Brownstone Trust Bank
326783,National Bank of Milford
326784,First Bank of Topeka
326785,Bank of Laramie
326789,First Bank of Newport
326792,Bank of Lincoln
326793,Bank of Los Angeles
326796,Dawn Thrift
326797,Golden Trust Bank
326798,Bank of New Orleans
326801,First Bank of Newbury
326802,National Bank of Augusta
326803,Sunrise Federal Bank
326804,Oak Federal Bank
326805,Savings Bank of Fairfield
326806,Bank of Hartford
326808,Savings Bank of Montpelier
326809,Arbor Bank
326810,Savings Bank of Omaha
326811,First Bank of Newport
326812,Savings Bank of Dallas
326814,First Bank of Fort Wayne
326815,Italy Bank #3201
326817,Plandor Credit Union
326819,First Bank of Providence
326820,First Bank of Billings
326822,Spruce Trust Bank
326828,Baltech Bank
326832,National Bank of Tampa
326838,Bank of Fairfield
326840,Hearthstone Bancorp
326845,Bank of Boston
326849,France Bank #3323
326851,Netherlands Bank #4587
326853,National Bank of Butte
326854,National Bank of Houston
326860,First Bank of Plattsburg
326863,National Bank of Fort Wayne
326866,First Bank of Pittsburgh
326869,First Bank of Montpelier
326870,Fieldstone Savings Bank
326871,Bank of Providence
326875,Flagstone Cooperative Bank
326877,Acme Bank
326879,National Bank of Chicago
326880,Arbor Federal Bank
326882,First Bank of Portland
326883,Sappo Cooperative Bank
326885,Acme Federal Bank
326887,Sea Savings Bank
326889,National Bank of New York
326890,National Bank of Detroit
326895,Canada Bank #794
326896,Canada Bank #341
326897,Canada Bank #470
326898,Canada Bank #905
326899,Canada Bank #768
326900,Canada Bank #8
326901,Canada Bank #21
326902,Canada Bank #906
326907,Canada Bank #844
326909,Canada Bank #816
326911,Canada Bank #735
326912,Canada Bank #831
326913,Sappo Federal Bank
326914,Fieldstone Federal Bank
326916,Savings Bank of Albany
326917,National Bank of Omaha
326918,Plateau Community Bank
326919,Bank of the West
326920,Canada Bank #916
326922,Canada Bank #759
326923,Canada Bank #370
326925,Canada Bank #907
326927,Canada Bank #913
326931,Canada Bank #578
326932,Canada Bank #691
326933,Canada Bank #350
326937,Canada Bank #722
326944,Canada Bank #500
326950,Canada Bank #917
326951,Canada Bank #921
326952,Canada Bank #546
326953,Canada Bank #709
326956,Canada Bank #579
326959,Canada Bank #614
326960,Canada Bank #486
326962,Canada Bank #343
326963,Canada Bank #352
326964,China Bank #459
326969,Canada Bank #447
326970,Canada Bank #344
326971,Canada Bank #804
326972,Canada Bank #346
326975,Canada Bank #910
326976,Canada Bank #345
326977,Canada Bank #475
326979,Canada Bank #862
326981,Canada Bank #348
326982,Canada Bank #533
326983,Canada Bank #347
326985,Canada Bank #424
326988,Canada Bank #456
326990,Canada Bank #670
326993,Canada Bank #746
326994,Canada Bank #379
326998,Canada Bank #894
327000,Canada Bank #653
327003,Canada Bank #351
327004,Canada Bank #495
327007,Canada Bank #616
327008,Canada Bank #552
327009,Canada Bank #529
327010,Canada Bank #386
327011,Canada Bank #372
327013,Canada Bank #878
327015,Canada Bank #353
327019,Canada Bank #559
327020,Canada Bank #762
327022,Canada Bank #711
327023,Canada Bank #18
327026,Canada Bank #355
327029,Canada Bank #395
327030,Canada Bank #778
327032,Canada Bank #841
327033,Canada Bank #383
327034,Canada Bank #356
327035,Canada Bank #747
327036,Canada Bank #750
327037,Canada Bank #527
327039,Canada Bank #402
327043,Canada Bank #880
327044,Canada Bank #360
327045,Canada Bank #9
327046,Canada Bank #436
327047,Canada Bank #361
327050,Canada Bank #362
327051,Canada Bank #673
327052,Canada Bank #914
327054,Canada Bank #363
327056,Canada Bank #866
327059,Canada Bank #547
327060,Canada Bank #457
327061,Canada Bank #476
327062,Canada Bank #496
327064,Canada Bank #636
327067,Canada Bank #490
327070,Canada Bank #900
327072,Canada Bank #923
327073,Canada Bank #368
327075,Canada Bank #498
327076,Canada Bank #855
327077,Canada Bank #651
327078,Canada Bank #807
327079,Canada Bank #873
327080,Canada Bank #808
327081,Canada Bank #516
327082,Canada Bank #696
327085,Canada Bank #888
327087,Canada Bank #779
327088,Canada Bank #924
327089,Canada Bank #860
327092,Canada Bank #387
327093,Canada Bank #749
327095,Canada Bank #469
327096,Canada Bank #895
327098,Canada Bank #689
327099,Canada Bank #499
327100,Canada Bank #420
327103,Canada Bank #560
327105,Canada Bank #388
327109,Canada Bank #863
327110,Canada Bank #818
327111,Canada Bank #875
327112,Canada Bank #832
327113,Canada Bank #373
327114,Canada Bank #856
327117,Canada Bank #472
327119,Canada Bank #543
327122,Canada Bank #463
327124,Canada Bank #439
327126,First Bank of Miami
327127,City National Thrift
327130,National Bank of Providence
327131,Canada Bank #433
327132,City National Thrift
327133,Canada Bank #857
327141,Canada Bank #384
327142,Canada Bank #505
327144,Canada Bank #506
327145,Canada Bank #851
327147,Canada Bank #381
327148,Canada Bank #674
327152,Canada Bank #382
327154,Canada Bank #528
327157,Canada Bank #615
327158,Canada Bank #22
327160,Canada Bank #858
327161,Canada Bank #494
327162,Savings Bank of Sacramento
327163,First Bank of Watertown
327165,Canada Bank #903
327169,Canada Bank #882
327171,Canada Bank #734
327176,Canada Bank #698
327183,Canada Bank #389
327186,Canada Bank #915
327187,Canada Bank #724
327188,Canada Bank #869
327191,Canada Bank #852
327192,Canada Bank #438
327193,Canada Bank #676
327196,Canada Bank #537
327200,Canada Bank #544
327204,Canada Bank #819
327205,Canada Bank #842
327209,Canada Bank #392
327211,Canada Bank #416
327212,Canada Bank #471
327213,Canada Bank #391
327214,Canada Bank #405
327215,Canada Bank #652
327218,National Bank of Cleveland
327226,Canada Bank #883
327228,Japan Bank #538
327229,Japan Bank #777
327231,Canada Bank #393
327232,Canada Bank #394
327233,Canada Bank #584
327236,Canada Bank #920
327237,Canada Bank #876
327238,Canada Bank #909
327241,Canada Bank #397
327243,Canada Bank #460
327245,Canada Bank #692
327246,Canada Bank #477
327249,Canada Bank #3
327250,Canada Bank #877
327251,Canada Bank #697
327252,Canada Bank #890
327253,Canada Bank #918
327254,Canada Bank #637
327255,Canada Bank #427
327256,Savings Bank of Newbury
327257,Savings Bank of Fairfield
327258,Acme Savings Bank
327261,Willows Trust Bank
327262,Spruce Federal Bank
327263,Oak Credit Union
327264,Canada Bank #796
327267,Canada Bank #538
327268,Canada Bank #399
327269,Canada Bank #400
327270,Canada Bank #429
327272,Canada Bank #797
327273,Canada Bank #401
327274,Canada Bank #889
327275,Canada Bank #771
327277,Canada Bank #446
327283,Germany Bank #4232
327284,Italy Bank #1867
327285,Canada Bank #896
327286,Canada Bank #441
327287,Canada Bank #418
327289,Canada Bank #440
327290,Canada Bank #403
327291,Canada Bank #410
327293,Canada Bank #789
327295,Canada Bank #512
327298,Savings Bank of Newbury
327299,Savings Bank of Bridgeport
327300,National Bank of Augusta
327301,Oasis Federal Bank
327302,Savings Bank of the North
327303,Brook Bank
327305,Canada Bank #764
327307,Canada Bank #478
327310,Canada Bank #585
327311,Canada Bank #465
327313,Canada Bank #413
327314,Canada Bank #772
327315,Canada Bank #751
327316,Canada Bank #901
327319,Canada Bank #419
327320,Canada Bank #864
327322,Canada Bank #727
327324,Canada Bank #845
327330,Canada Bank #781
327331,Canada Bank #763
327332,Canada Bank #566
327333,Canada Bank #487
327336,Canada Bank #726
327337,Canada Bank #522
327338,Canada Bank #885
327340,Canada Bank #425
327344,Savings Bank of Seattle
327346,First Bank of the Valley
327348,National Bank of the South
327349,Savings Bank of Omaha
327350,Bank of Albany
327351,First Bank of Phoenix
327352,First Bank of Topeka
327353,First Bank of the South
327355,First Bank of the East
327356,The Pine Bank
327357,Plateau Credit Union
327358,National Bank of Augusta
327359,National Bank of the North
327360,Sunrise Cooperative Bank
327361,Baltech Bancorp
327362,National Bank of Augusta
327368,Canada Bank #826
327369,Canada Bank #453
327371,Canada Bank #563
327373,Canada Bank #497
327377,Canada Bank #925
327385,China Bank #402
327386,China Bank #855
327388,China Bank #1039
327389,China Bank #375
327391,China Bank #376
327393,China Bank #839
327397,Canada Bank #428
327401,Canada Bank #694
327409,Canada Bank #501
327410,Canada Bank #897
327415,Canada Bank #554
327418,Canada Bank #846
327419,Canada Bank #455
327421,Canada Bank #891
327422,Canada Bank #525
327423,Canada Bank #799
327424,Canada Bank #530
327426,Canada Bank #827
327429,Canada Bank #870
327430,Canada Bank #886
327434,Canada Bank #17
327435,Canada Bank #454
327436,National Bank of Boston
327437,National Bank of Houston
327439,Savings Bank of Albany
327441,Germany Bank #4914
327442,Savings Bank of Plattsburg
327443,Sappo Thrift
327444,Savings Bank of Arkadelphia
327445,First Bank of Topeka
327446,National Bank of Providence
327448,Savings Bank of Topeka
327449,First Bank of Augusta
327451,National Bank of Pittsburgh
327452,Desert Thrift
327455,Arbor Trust Bank
327458,National Bank of Topeka
327459,Mountain Savings Bank
327460,Plateau Trust Bank
327461,First Bank of Montpelier
327466,Brownstone Cooperative Bank
327468,Canada Bank #847
327469,Canada Bank #482
327470,Canada Bank #549
327472,Oak Bancorp
327474,National Bank of Los Angeles
327475,Willows Bank
327476,National Bank of Augusta
327477,Savings Bank of Montpelier
327480,Germany Bank #1800
327481,Dawn Bank
327482,Bank of Portland
327484,First Bank of Newbury
327487,Slovakia Bank #3632
327489,Savings Bank of Bridgeport
327490,Plandor Thrift
327492,Bank of Newport
327493,National Bank of Montpelier
327498,Savings Bank of Seattle
327499,Sea Thrift
327504,First Bank of the South
327508,Oak Trust Bank
327517,First Bank of Madison
327522,Sappo Trust Bank
327523,National Bank of Fort Wayne
327526,First Bank of Madison
327528,Savings Bank of Detroit
327529,Spain Bank #4254
327530,France Bank #5026
327532,Acme Bank
327533,National Bank of Albany
327535,Bank of Hartford
327536,National Bank of Augusta
327537,Oak Federal Bank
327539,Savings Bank of Omaha
327540,Savings Bank of Chicago
327541,First Bank of Boston
327543,Savings Bank of Cleveland
327545,Croatia Bank #5362
327546,Hilltop Federal Bank
327547,Bank of Phoenix
327548,Future Savings Bank
327550,First Bank of the South
327551,National Bank of Montpelier
327553,First Bank of Topeka
327556,Savings Bank of the West
327557,National Bank of Bridgeport
327560,Bank of the Valley
327562,Brook Trust Bank
327563,Hearthstone Community Bank
327571,Bank of Springfield
327572,National Bank of Chicago
327574,Hearthstone Bank
327575,The Pine Community Bank
327578,Bank of Plattsburg
327579,Savings Bank of Detroit
327580,Future Savings Bank
327581,Savings Bank of New York
327582,Bank of Albany
327583,National Bank of the Valley
327584,Sunrise Trust Bank
327585,Italy Bank #2033
327586,Germany Bank #2148
327587,Sunrise Trust Bank
327589,France Bank #1807
327590,Slovenia Bank #4018
327594,France Bank #1808
327595,Germany Bank #5513
327597,Germany Bank #4854
327599,Germany Bank #2993
327601,France Bank #1802
327603,Austria Bank #1805
327604,France Bank #3711
327607,National Bank of Huron
327613,Finland Bank #3776
327614,Mountain Credit Union
327616,Golden Federal Bank
327618,Golden Bancorp
327619,National Bank of Sacramento
327620,Mountain Credit Union
327622,Savings Bank of the Valley
327625,First Bank of the West
327626,Bank of the Valley
327627,Bank of Chicago
327628,Brownstone Federal Bank
327629,National Bank of Montpelier
327632,First Bank of Topeka
327635,Regents Cooperative Bank
327636,Regents Thrift
327638,Australia Bank #56
327640,Australia Bank #58
327641,Australia Bank #608
327643,Bank of Harrisburg
327645,Bank of Hartford
327646,Bank of Madison
327648,Savings Bank of Montpelier
327650,Savings Bank of Cleveland
327651,First Bank of the Valley
327655,Australia Bank #75
327656,Australia Bank #60
327657,Australia Bank #604
327659,Australia Bank #684
327660,Australia Bank #686
327661,Australia Bank #668
327662,Australia Bank #66
327663,Australia Bank #59
327664,Australia Bank #545
327666,Australia Bank #123
327668,Australia Bank #632
327669,Australia Bank #70
327670,Australia Bank #634
327674,Australia Bank #705
327675,Australia Bank #61
327677,Australia Bank #500
327680,Australia Bank #793
327681,Australia Bank #64
327683,Australia Bank #656
327685,Australia Bank #782
327686,Australia Bank #65
327689,Australia Bank #680
327691,Australia Bank #67
327695,Australia Bank #68
327696,Australia Bank #326
327698,Australia Bank #69
327699,UK Bank #920
327700,UK Bank #852
327701,UK Bank #431
327702,UK Bank #519
327704,Australia Bank #135
327705,First Bank of Augusta
327706,Bank of Boston
327709,Heath Cooperative Bank
327711,First Bank of Watertown
327713,Acme Bank
327714,Bank of Los Angeles
327715,Sappo Bancorp
327717,Sea Bank
327719,Savings Bank of Bridgeport
327722,First Bank of Albany
327723,Dawn Bancorp
327725,Bank of Sacramento
327726,National Bank of Laramie
327727,Bank of Portsmouth
327728,Sea Bank
327729,First Bank of Topeka
327731,Bank of Providence
327732,Sea Community Bank
327733,Australia Bank #71
327734,Australia Bank #606
327736,Australia Bank #504
327737,Australia Bank #854
327738,Australia Bank #202
327739,Australia Bank #78
327740,Australia Bank #77
327741,Australia Bank #107
327742,Australia Bank #6
327745,Australia Bank #74
327749,Australia Bank #127
327751,Australia Bank #648
327753,Netherlands Bank #2399
327754,National Bank of Watertown
327758,Australia Bank #709
327760,Australia Bank #72
327762,Australia Bank #567
327766,Australia Bank #73
327767,Australia Bank #86
327770,Australia Bank #110
327771,Australia Bank #133
327773,Australia Bank #106
327774,Australia Bank #79
327775,Bank of Chicago
327778,Germany Bank #1812
327779,Germany Bank #1813
327786,Australia Bank #741
327787,Australia Bank #837
327788,Australia Bank #93
327790,Australia Bank #76
327791,Australia Bank #90
327792,Australia Bank #87
327794,Australia Bank #80
327795,Australia Bank #718
327800,Australia Bank #94
327801,Australia Bank #640
327802,Australia Bank #671
327805,Australia Bank #81
327806,Australia Bank #132
327809,Australia Bank #91
327811,Australia Bank #690
327812,Australia Bank #663
327813,Australia Bank #664
327817,Australia Bank #706
327819,Australia Bank #761
327824,Australia Bank #707
327825,Australia Bank #131
327826,Australia Bank #118
327827,Australia Bank #819
327829,Australia Bank #200
327831,Australia Bank #117
327832,Australia Bank #13
327836,Australia Bank #489
327837,Australia Bank #102
327839,China Bank #524
327842,China Bank #767
327843,China Bank #377
327847,China Bank #485
327849,Australia Bank #159
327850,Australia Bank #92
327851,Australia Bank #713
327855,Australia Bank #720
327856,Germany Bank #1814
327861,Australia Bank #97
327862,Australia Bank #171
327865,Australia Bank #96
327867,Australia Bank #615
327868,Australia Bank #687
327870,Australia Bank #88
327871,Australia Bank #587
327873,Australia Bank #89
327876,Savings Bank of New Orleans
327877,National Bank of Houston
327878,National Bank of Billings
327881,Greece Bank #5673
327884,Australia Bank #101
327885,Australia Bank #605
327886,Australia Bank #730
327891,Australia Bank #99
327892,Australia Bank #794
327896,Australia Bank #11
327897,Australia Bank #95
327898,Australia Bank #140
327899,Australia Bank #685
327902,Australia Bank #206
327903,Australia Bank #100
327906,First Bank of Portsmouth
327908,Oak Federal Bank
327910,Australia Bank #14
327911,Australia Bank #154
327912,Savings Bank of the East
327913,Dawn Thrift
327915,Australia Bank #103
327916,Australia Bank #104
327917,Australia Bank #607
327919,Australia Bank #105
327923,Australia Bank #111
327924,Australia Bank #253
327925,Australia Bank #381
327926,Australia Bank #826
327927,Australia Bank #129
327928,Australia Bank #247
327929,Australia Bank #108
327931,Australia Bank #845
327936,Australia Bank #109
327938,Australia Bank #119
327939,Australia Bank #113
327940,Australia Bank #333
327941,Australia Bank #184
327943,Australia Bank #112
327944,Australia Bank #116
327946,Australia Bank #136
327947,Australia Bank #173
327948,Australia Bank #298
327951,Australia Bank #612
327953,Australia Bank #620
327959,Italy Bank #1815
327960,Australia Bank #225
327964,Australia Bank #183
327965,National Bank of Billings
327967,Oasis Credit Union
327969,Oasis Credit Union
327971,Australia Bank #130
327973,Australia Bank #610
327974,Australia Bank #114
327975,Australia Bank #115
327977,Australia Bank #815
327980,Australia Bank #128
327983,Netherlands Bank #1901
327984,Spain Bank #1817
327987,Australia Bank #403
327988,Australia Bank #836
327989,Australia Bank #175
327990,Australia Bank #917
327992,Australia Bank #514
327994,Australia Bank #156
327995,Australia Bank #708
327996,Hearthstone Bancorp
327997,Bank of Tampa
327999,Plateau Trust Bank
328000,France Bank #1818
328002,Australia Bank #120
328003,Australia Bank #522
328006,Australia Bank #633
328008,Australia Bank #218
328009,Australia Bank #121
328012,Japan Bank #986
328014,Australia Bank #179
328016,Australia Bank #657
328019,Australia Bank #689
328021,Savings Bank of Miami
328022,The Pine Cooperative Bank
328025,Australia Bank #554
328027,Australia Bank #636
328028,Australia Bank #258
328030,Australia Bank #126
328031,Bank of Hartford
328033,Hilltop Bank
328035,Greece Bank #1833
328037,Sunrise Savings Bank
328038,Bank of Milford
328041,City National Savings Bank
328045,Bank of Albany
328046,Hearthstone Federal Bank
328047,First Bank of the East
328048,First Bank of Huron
328052,Savings Bank of Lacrosse
328054,Australia Bank #122
328057,Australia Bank #945
328058,Australia Bank #143
328062,Australia Bank #520
328063,Australia Bank #784
328066,Australia Bank #124
328067,Australia Bank #752
328068,First Bank of Danbury
328070,Plandor Thrift
328072,Savings Bank of Phoenix
328073,First Bank of Miami
328074,Australia Bank #415
328075,Australia Bank #763
328077,Australia Bank #163
328078,Australia Bank #411
328079,Australia Bank #613
328081,Australia Bank #552
328086,Dawn Credit Union
328090,Savings Bank of Pittsburgh
328093,Spruce Cooperative Bank
328094,National Bank of Portsmouth
328095,National Bank of New Orleans
328100,Bank of Helena
328104,Fieldstone Cooperative Bank
328108,National Bank of Newport
328109,Bank of Fort Wayne
328110,First Bank of Helena
328111,Savings Bank of Dallas
328112,Spain Bank #3668
328114,Belgium Bank #2152
328115,Germany Bank #4738
328116,Australia Bank #137
328117,Australia Bank #843
328118,Australia Bank #29
328119,Australia Bank #694
328120,Australia Bank #254
328121,Australia Bank #534
328122,Australia Bank #134
328126,Brook Bancorp
328127,First Bank of Newport
328130,National Bank of Los Angeles
328131,France Bank #4605
328132,Bank of Indianapolis
328133,Golden Cooperative Bank
328134,Australia Bank #659
328136,National Bank of Tampa
328137,Savings Bank of Huron
328138,National Bank of Bridgeport
328141,Bank of Butte
328142,Arbor Credit Union
328146,Bank of Houston
328147,National Bank of Bridgeport
328151,Australia Bank #783
328153,Australia Bank #138
328155,Australia Bank #209
328156,Australia Bank #139
328159,Australia Bank #331
328160,Australia Bank #662
328161,Australia Bank #762
328162,Australia Bank #676
328164,Australia Bank #695
328166,Australia Bank #226
328168,Australia Bank #141
328170,Australia Bank #146
328172,National Bank of the West
328173,Savings Bank of Omaha
328175,First Bank of Newbury
328177,Savings Bank of Columbus
328178,National Bank of Pittsburgh
328179,National Bank of Augusta
328182,Baltech Bank
328183,Brownstone Savings Bank
328186,Italy Bank #6191
328187,Oak Thrift
328189,Future Thrift
328191,First Bank of Seattle
328192,Australia Bank #147
328193,Australia Bank #148
328194,Capital Trust Bank
328196,Arbor Credit Union
328197,Savings Bank of the North
328200,Australia Bank #160
328203,Mexico Bank #62
328206,Austria Bank #2345
328208,Mexico Bank #50
328209,Mexico Bank #48
328210,Mexico Bank #46
328212,Mexico Bank #10
328217,Mexico Bank #54
328219,Mexico Bank #47
328220,Mexico Bank #560
328221,Mexico Bank #49
328222,Mexico Bank #3
328223,Mexico Bank #51
328224,Mexico Bank #2
328225,Mexico Bank #52
328226,Mexico Bank #596
328227,Mexico Bank #581
328228,Mexico Bank #580
328229,Australia Bank #145
328230,Australia Bank #149
328231,Australia Bank #635
328236,Australia Bank #852
328237,Australia Bank #142
328238,Australia Bank #494
328239,Australia Bank #152
328240,Australia Bank #813
328242,Australia Bank #838
328245,Australia Bank #190
328247,Australia Bank #766
328248,Australia Bank #457
328249,Australia Bank #795
328250,Australia Bank #192
328254,Arbor Trust Bank
328259,Australia Bank #144
328260,Australia Bank #216
328261,Australia Bank #505
328264,Australia Bank #658
328265,Australia Bank #150
328266,Australia Bank #151
328267,France Bank #1821
328269,Australia Bank #208
328272,Australia Bank #199
328273,Australia Bank #153
328280,Australia Bank #196
328281,Australia Bank #916
328283,Australia Bank #155
328284,Australia Bank #370
328285,Australia Bank #602
328286,Australia Bank #729
328288,Australia Bank #618
328289,Savings Bank of the West
328290,Mexico Bank #1
328294,Australia Bank #414
328295,Australia Bank #688
328297,Australia Bank #157
328298,Australia Bank #294
328301,Australia Bank #609
328302,Australia Bank #212
328304,Australia Bank #272
328305,Australia Bank #158
328306,Australia Bank #388
328307,Australia Bank #195
328308,Australia Bank #315
328310,Australia Bank #169
328311,Australia Bank #731
328312,Australia Bank #642
328314,Australia Bank #24
328322,Australia Bank #932
328324,Australia Bank #580
328325,Australia Bank #538
328326,Australia Bank #714
328327,Australia Bank #280
328332,Australia Bank #643
328334,Australia Bank #710
328335,Bank of Plattsburg
328336,Plandor Federal Bank
328339,Bank of Newbury
328342,Savings Bank of Springfield
328343,Brownstone Credit Union
328344,Arbor Savings Bank
328346,Bank of Milford
328347,Acme Community Bank
328348,Mountain Savings Bank
328349,Spruce Credit Union
328350,First Bank of Portland
328351,Savings Bank of Bridgeport
328353,National Bank of Sacramento
328357,Plateau Savings Bank
328360,Australia Bank #879
328361,Australia Bank #874
328368,Australia Bank #164
328370,Australia Bank #754
328374,UK Bank #775
328378,Australia Bank #165
328381,Savings Bank of the South
328383,Australia Bank #533
328385,Australia Bank #637
328386,Australia Bank #166
328388,Australia Bank #167
328390,Australia Bank #285
328391,Australia Bank #611
328393,Australia Bank #168
328394,UK Bank #516
328397,UK Bank #612
328398,Australia Bank #911
328401,Heath Trust Bank
328404,Savings Bank of Fairfield
328406,Portugal Bank #2485
328410,National Bank of the Valley
328412,First Bank of Helena
328416,Spruce Community Bank
328417,First Bank of Chicago
328419,Germany Bank #2110
328420,Spain Bank #1822
328421,Germany Bank #4305
328422,Flagstone Trust Bank
328423,National Bank of Los Angeles
328425,Oak Bank
328431,Australia Bank #949
328436,Australia Bank #893
328437,Australia Bank #4
328439,Australia Bank #191
328442,Australia Bank #509
328443,Australia Bank #743
328445,Australia Bank #178
328447,Australia Bank #371
328449,Australia Bank #393
328450,Australia Bank #661
328451,Australia Bank #170
328454,Australia Bank #172
328456,Australia Bank #207
328458,Hearthstone Thrift
328461,Savings Bank of Newbury
328462,National Bank of Providence
328463,National Bank of the East
328464,National Bank of Springfield
328469,Sea Community Bank
328470,Heath Federal Bank
328472,First Bank of Butte
328473,The Pine Community Bank
328478,Savings Bank of Helena
328482,Plateau Bank
328483,Spruce Bank
328485,National Bank of Huron
328488,Bank of Bridgeport
328490,Hearthstone Thrift
328491,National Bank of Lincoln
328493,Savings Bank of Watertown
328494,Bank of Danbury
328495,Regents Savings Bank
328496,National Bank of Helena
328498,Sappo Bancorp
328499,National Bank of Phoenix
328501,Brook Savings Bank
328502,Savings Bank of Topeka
328505,Australia Bank #799
328506,Australia Bank #497
328507,Australia Bank #327
328508,Australia Bank #561
328509,Australia Bank #629
328511,Australia Bank #266
328514,Australia Bank #174
328517,Australia Bank #176
328518,Australia Bank #728
328519,Australia Bank #177
328522,Australia Bank #753
328524,Australia Bank #181
328525,Australia Bank #180
328528,Australia Bank #486
328529,Australia Bank #603
328530,Australia Bank #334
328531,Australia Bank #214
328532,Australia Bank #182
328534,Australia Bank #348
328535,Australia Bank #711
328537,Australia Bank #814
328538,Australia Bank #733
328540,Australia Bank #220
328541,Australia Bank #539
328542,Bank of Portsmouth
328545,First Bank of Springfield
328546,Sea Community Bank
328547,Bank of Tuscon
328549,Australia Bank #555
328551,Australia Bank #213
328554,Australia Bank #452
328555,Australia Bank #293
328556,Australia Bank #189
328560,Australia Bank #660
328565,Australia Bank #483
328566,Australia Bank #229
328567,Australia Bank #185
328568,Australia Bank #186
328569,Australia Bank #681
328572,Australia Bank #345
328575,Australia Bank #797
328577,Australia Bank #187
328578,Australia Bank #188
328581,Australia Bank #8
328584,Australia Bank #495
328586,Australia Bank #955
328587,Australia Bank #666
328588,Australia Bank #267
328590,Australia Bank #259
328591,First Bank of Detroit
328593,Brownstone Cooperative Bank
328594,Germany Bank #5222
328597,Spain Bank #3585
328598,Savings Bank of Newport
328602,Sunrise Federal Bank
328604,Bank of Harrisburg
328606,First Bank of Miami
328607,Italy Bank #5273
328608,Willows Cooperative Bank
328610,Australia Bank #194
328613,Australia Bank #234
328614,Bank of New York
328617,Latvia Bank #5244
328619,Italy Bank #1837
328622,France Bank #2382
328623,Germany Bank #3743
328624,France Bank #3202
328627,Portugal Bank #5728
328629,Croatia Bank #5655
328631,Hilltop Federal Bank
328632,Bank of Miami
328633,Italy Bank #1828
328634,Spain Bank #5743
328635,Netherlands Bank #4767
328637,France Bank #1835
328638,National Bank of Plattsburg
328639,Mountain Bank
328641,France Bank #5832
328644,Germany Bank #1931
328645,Belgium Bank #4602
328650,Germany Bank #1841
328652,Portugal Bank #1842
328653,Germany Bank #1843
328655,First Bank of Chicago
328657,Australia Bank #712
328658,Baltech Bancorp
328661,Bank of Lacrosse
328662,First Bank of Fairfield
328666,Australia Bank #237
328667,Australia Bank #197
328668,Australia Bank #198
328669,Australia Bank #649
328672,Australia Bank #543
328674,Australia Bank #224
328675,Sea Bancorp
328676,Australia Bank #537
328677,Australia Bank #744
328678,Australia Bank #239
328680,Australia Bank #222
328681,Australia Bank #624
328682,Australia Bank #742
328685,Australia Bank #816
328686,Australia Bank #472
328687,Australia Bank #193
328688,Australia Bank #558
328690,Australia Bank #240
328693,Bank of Plattsburg
328694,Australia Bank #808
328695,Australia Bank #647
328700,Australia Bank #804
328701,Australia Bank #857
328702,Australia Bank #203
328703,Australia Bank #201
328704,Bank of Hartford
328705,First Bank of Hartford
328709,Dawn Bank
328711,Desert Bank
328712,First Bank of Madison
328718,Australia Bank #228
328720,Australia Bank #599
328722,Australia Bank #400
328723,Australia Bank #535
328724,Australia Bank #589
328727,Australia Bank #35
328734,Australia Bank #283
328735,Australia Bank #227
328737,Australia Bank #204
328740,Australia Bank #205
328743,Australia Bank #210
328744,Australia Bank #559
328747,Australia Bank #617
328748,Australia Bank #36
328749,Australia Bank #288
328752,Australia Bank #211
328754,Australia Bank #37
328758,The Pine Trust Bank
328765,Germany Bank #3093
328766,Germany Bank #4471
328767,First Bank of Fairfield
328769,National Bank of Albany
328773,Savings Bank of Billings
328775,National Bank of Denver
328776,Finland Bank #2582
328778,Desert Credit Union
328782,Bank of Butte
328783,Bank of Augusta
328786,Germany Bank #5355
328787,Spain Bank #1976
328788,Germany Bank #5748
328790,France Bank #2891
328792,Spain Bank #4855
328793,Germany Bank #5498
328794,Belgium Bank #4771
328795,Belgium Bank #5297
328796,Germany Bank #1845
328800,Capital Credit Union
328806,France Bank #3580
328807,Ireland Bank #1900
328808,France Bank #2307
328809,Italy Bank #1846
328810,Germany Bank #2017
328812,Ireland Bank #3617
328817,National Bank of Cleveland
328818,Germany Bank #1848
328820,Portugal Bank #4774
328822,Bank of Harrisburg
328823,First Bank of Danbury
328825,Australia Bank #908
328827,Australia Bank #306
328829,Australia Bank #764
328833,Australia Bank #800
328834,Australia Bank #736
328837,Australia Bank #638
328838,Australia Bank #299
328839,Australia Bank #796
328840,Australia Bank #791
328841,Australia Bank #579
328849,Australia Bank #776
328852,Australia Bank #215
328853,Australia Bank #481
328854,Australia Bank #806
328855,Australia Bank #670
328856,Australia Bank #217
328857,Australia Bank #757
328859,Australia Bank #732
328860,Australia Bank #264
328861,Australia Bank #219
328862,Australia Bank #745
328863,Australia Bank #470
328864,Australia Bank #726
328865,Australia Bank #639
328866,Australia Bank #765
328869,Australia Bank #221
328871,Australia Bank #858
328872,Australia Bank #458
328873,Australia Bank #252
328874,Australia Bank #270
328875,Australia Bank #231
328877,Australia Bank #5
328879,Australia Bank #290
328880,Australia Bank #786
328881,Australia Bank #223
328883,First Bank of Albany
328885,Capital Bancorp
328886,Australia Bank #723
328887,Australia Bank #242
328889,Australia Bank #302
328892,Australia Bank #281
328894,Australia Bank #931
328895,Australia Bank #673
328896,Australia Bank #263
328897,Australia Bank #482
328898,Australia Bank #614
328899,Australia Bank #295
328900,Australia Bank #233
328901,Australia Bank #871
328903,Australia Bank #243
328905,Australia Bank #244
328906,Australia Bank #768
328911,Australia Bank #342
328913,Australia Bank #476
328921,Australia Bank #553
328922,Australia Bank #641
328923,Australia Bank #772
328924,Australia Bank #779
328926,Australia Bank #250
328927,Australia Bank #230
328928,Australia Bank #490
328929,Australia Bank #232
328933,Australia Bank #674
328937,Australia Bank #341
328938,Australia Bank #235
328940,Australia Bank #625
328943,Australia Bank #236
328945,Australia Bank #924
328946,Australia Bank #878
328947,UK Bank #1081
328952,Bank of Pittsburgh
328953,First Bank of Montpelier
328955,Australia Bank #864
328961,Bank of Huron
328965,Hearthstone Savings Bank
328966,Bank of Dallas
328970,Savings Bank of Watertown
328972,Fieldstone Federal Bank
328975,The Pine Trust Bank
328977,First Bank of the East
328978,Savings Bank of Danbury
328982,Australia Bank #853
328983,Australia Bank #961
328985,Australia Bank #256
328987,Australia Bank #310
328988,Spain Bank #1850
328990,Australia Bank #238
328991,Australia Bank #669
328993,Australia Bank #683
328995,Australia Bank #675
328998,Australia Bank #245
328999,Australia Bank #577
329001,Australia Bank #801
329003,Australia Bank #817
329004,Australia Bank #305
329005,Australia Bank #703
329007,Australia Bank #473
329012,Australia Bank #241
329014,Australia Bank #767
329016,Australia Bank #887
329019,Australia Bank #289
329020,Australia Bank #246
329024,France Bank #1853
329025,France Bank #3618
329026,France Bank #1855
329027,First Bank of Omaha
329028,National Bank of Billings
329030,Italy Bank #3447
329031,Spain Bank #4336
329034,Australia Bank #770
329035,Australia Bank #249
329036,Australia Bank #769
329040,Australia Bank #573
329044,Australia Bank #300
329045,Australia Bank #523
329048,Australia Bank #251
329051,Australia Bank #42
329052,Australia Bank #875
329055,Australia Bank #255
329058,Australia Bank #291
329062,Australia Bank #262
329065,Flagstone Federal Bank
329067,Spruce Federal Bank
329068,Australia Bank #313
329069,Australia Bank #547
329072,Willows Trust Bank
329078,Germany Bank #5566
329079,Greece Bank #1857
329080,Germany Bank #5856
329082,Italy Bank #1886
329083,Portugal Bank #5539
329085,Savings Bank of Los Angeles
329089,Savings Bank of Madison
329090,Plandor Cooperative Bank
329091,Capital Trust Bank
329092,Savings Bank of Houston
329093,Bank of Omaha
329094,First Bank of Billings
329096,France Bank #1858
329097,Germany Bank #3205
329098,Desert Bank
329099,Bank of Sacramento
329101,National Bank of Cleveland
329105,Australia Bank #855
329106,Australia Bank #958
329108,Australia Bank #304
329109,Australia Bank #503
329110,Australia Bank #257
329112,Australia Bank #628
329113,Australia Bank #286
329114,Australia Bank #563
329116,Australia Bank #601
329120,Australia Bank #260
329121,Australia Bank #868
329124,Australia Bank #478
329125,Australia Bank #261
329126,Australia Bank #829
329127,Australia Bank #265
329128,Australia Bank #325
329131,Australia Bank #529
329133,Australia Bank #269
329135,Australia Bank #821
329136,Australia Bank #271
329137,Australia Bank #778
329139,Australia Bank #870
329140,Australia Bank #650
329143,Australia Bank #562
329144,Australia Bank #521
329146,Australia Bank #282
329147,Australia Bank #273
329150,Australia Bank #418
329151,Australia Bank #330
329154,Australia Bank #275
329157,Australia Bank #276
329159,Australia Bank #645
329164,Australia Bank #277
329166,Australia Bank #665
329168,Australia Bank #756
329169,Australia Bank #369
329174,Australia Bank #568
329175,Australia Bank #278
329178,Australia Bank #918
329179,Australia Bank #785
329181,Australia Bank #279
329182,Australia Bank #347
329184,Australia Bank #312
329186,Australia Bank #2
329187,Australia Bank #364
329189,Australia Bank #287
329190,Australia Bank #691
329194,Australia Bank #856
329198,Australia Bank #578
329199,Australia Bank #936
329205,City National Federal Bank
329206,Australia Bank #872
329211,Australia Bank #544
329213,Australia Bank #760
329215,Australia Bank #491
329216,Australia Bank #346
329219,Australia Bank #10
329220,Australia Bank #292
329221,Australia Bank #652
329223,Australia Bank #880
329225,Australia Bank #667
329230,Australia Bank #825
329232,Australia Bank #860
329235,Australia Bank #775
329237,Australia Bank #301
329239,Australia Bank #956
329240,Australia Bank #616
329241,Australia Bank #296
329246,Australia Bank #526
329247,Australia Bank #297
329248,Bank of the Valley
329253,Brownstone Thrift
329255,France Bank #5356
329259,China Bank #1161
329261,China Bank #410
329262,China Bank #380
329264,China Bank #567
329265,China Bank #382
329266,China Bank #759
329268,China Bank #383
329269,China Bank #702
329271,China Bank #895
329273,Australia Bank #898
329274,Australia Bank #746
329277,Belgium Bank #1980
329278,Australia Bank #865
329280,Australia Bank #585
329284,Australia Bank #592
329285,Australia Bank #309
329286,Australia Bank #954
329288,Australia Bank #439
329289,Australia Bank #434
329290,Australia Bank #692
329293,Australia Bank #787
329294,Australia Bank #303
329297,Australia Bank #340
329299,Australia Bank #755
329301,Australia Bank #550
329305,Australia Bank #311
329307,Australia Bank #693
329308,Australia Bank #515
329309,Australia Bank #596
329311,Australia Bank #925
329312,Australia Bank #354
329314,Australia Bank #475
329315,Australia Bank #501
329319,Australia Bank #328
329320,Australia Bank #382
329323,National Bank of Indianapolis
329324,Spain Bank #1859
329326,Sappo Bancorp
329333,National Bank of Los Angeles
329335,National Bank of Denver
329336,National Bank of Omaha
329343,UK Bank #1091
329345,UK Bank #962
329347,UK Bank #1099
329348,UK Bank #701
329350,UK Bank #941
329351,UK Bank #1006
329352,UK Bank #600
329355,UK Bank #450
329357,Australia Bank #876
329361,Australia Bank #406
329362,Australia Bank #882
329363,Australia Bank #307
329364,Australia Bank #308
329367,Australia Bank #319
329368,Australia Bank #464
329371,National Bank of Chicago
329373,Bank of the East
329374,Hearthstone Bank
329378,National Bank of New York
329379,Oak Cooperative Bank
329380,Brook Credit Union
329383,Acme Community Bank
329385,Hearthstone Savings Bank
329386,Greece Bank #5310
329388,Spruce Cooperative Bank
329389,Savings Bank of Topeka
329390,Golden Savings Bank
329392,Regents Savings Bank
329395,Bank of the East
329399,Savings Bank of Bridgeport
329400,Savings Bank of Butte
329401,National Bank of the East
329402,Savings Bank of Watertown
329403,First Bank of Laramie
329405,Mountain Federal Bank
329406,National Bank of Seattle
329407,Savings Bank of Phoenix
329408,Dawn Trust Bank
329409,First Bank of Cleveland
329411,Belgium Bank #1868
329415,National Bank of Columbus
329424,Australia Bank #320
329429,Australia Bank #644
329430,Australia Bank #524
329432,Australia Bank #316
329433,Australia Bank #317
329435,Australia Bank #321
329437,Australia Bank #583
329438,Australia Bank #404
329439,Australia Bank #859
329440,Australia Bank #322
329442,Australia Bank #839
329443,Australia Bank #349
329444,Australia Bank #774
329446,Australia Bank #930
329448,Australia Bank #323
329449,Australia Bank #901
329450,Australia Bank #957
329451,Australia Bank #883
329452,Australia Bank #360
329453,Golden Community Bank
329454,Savings Bank of Fort Wayne
329459,Dawn Federal Bank
329460,First Bank of the West
329461,First Bank of New York
329462,Heath Credit Union
329463,National Bank of Los Angeles
329465,Netherlands Bank #3809
329466,Italy Bank #2231
329469,First Bank of Sacramento
329470,Baltech Cooperative Bank
329471,Italy Bank #4019
329472,Italy Bank #4325
329474,Italy Bank #5692
329476,Netherlands Bank #5744
329477,Spain Bank #2065
329479,Savings Bank of Butte
329481,Sunrise Trust Bank
329483,Italy Bank #5144
329484,Germany Bank #2299
329485,Austria Bank #4996
329487,Greece Bank #5636
329488,Germany Bank #2625
329491,Germany Bank #1863
329492,Italy Bank #5017
329495,Brook Credit Union
329496,Bank of Bridgeport
329497,National Bank of Lacrosse
329499,First Bank of Harrisburg
329500,Bank of Madison
329503,France Bank #2294
329505,France Bank #1916
329508,Italy Bank #2431
329512,Savings Bank of Philadelphia
329513,Savings Bank of Newport
329514,Savings Bank of Newport
329515,Spain Bank #4494
329516,France Bank #1877
329517,Austria Bank #5374
329518,Germany Bank #5156
329521,France Bank #1878
329522,Croatia Bank #6151
329523,Spain Bank #4498
329527,Spain Bank #3550
329528,Germany Bank #3810
329529,Belgium Bank #5202
329532,Italy Bank #4743
329534,France Bank #1864
329541,Savings Bank of Dallas
329544,Spain Bank #1881
329547,Germany Bank #1876
329548,Italy Bank #4438
329549,France Bank #2025
329551,Germany Bank #1870
329554,Spain Bank #3094
329555,Portugal Bank #6167
329556,Germany Bank #6086
329557,Germany Bank #5208
329561,France Bank #5510
329562,Austria Bank #3480
329565,France Bank #1874
329566,France Bank #2284
329575,Willows Credit Union
329576,Savings Bank of Lincoln
329578,Slovakia Bank #4921
329579,Netherlands Bank #5501
329582,Bank of the East
329583,Brook Trust Bank
329584,Savings Bank of Milford
329586,Spain Bank #2779
329587,Italy Bank #4013
329588,Italy Bank #2764
329589,Austria Bank #5762
329592,Spain Bank #4461
329593,Germany Bank #2169
329594,France Bank #6193
329596,Germany Bank #2075
329597,Italy Bank #4754
329599,Belgium Bank #3842
329601,National Bank of Springfield
329602,Australia Bank #496
329604,Australia Bank #802
329605,Australia Bank #803
329606,Australia Bank #324
329609,Australia Bank #721
329610,Australia Bank #646
329611,Australia Bank #827
329613,Australia Bank #502
329614,Australia Bank #847
329615,Australia Bank #389
329616,Australia Bank #375
329618,Australia Bank #884
329619,Australia Bank #771
329622,Australia Bank #844
329627,Australia Bank #798
329628,Australia Bank #943
329632,Australia Bank #485
329633,Australia Bank #773
329638,Australia Bank #351
329639,India Bank #19
329643,Australia Bank #564
329644,Australia Bank #902
329646,Australia Bank #696
329650,Australia Bank #332
329656,Australia Bank #818
329657,Australia Bank #329
329660,Australia Bank #866
329664,Australia Bank #15
329665,Australia Bank #919
329669,Australia Bank #622
329671,Australia Bank #421
329672,Australia Bank #734
329673,Australia Bank #946
329678,Finland Bank #1882
329680,City National Cooperative Bank
329681,National Bank of the Valley
329683,France Bank #3380
329685,Savings Bank of Phoenix
329686,First Bank of Harrisburg
329687,National Bank of Miami
329688,Bank of Augusta
329689,Future Federal Bank
329693,Savings Bank of Laramie
329694,Spain Bank #2023
329695,France Bank #5370
329696,France Bank #4257
329698,Germany Bank #6087
329700,Savings Bank of New Orleans
329701,National Bank of Arkadelphia
329702,Desert Thrift
329703,First Bank of Providence
329706,Bank of Butte
329707,First Bank of Topeka
329709,Savings Bank of Portland
329710,First Bank of Arkadelphia
329711,First Bank of Huron
329712,Brook Trust Bank
329715,Brownstone Bank
329716,Australia Bank #630
329717,Australia Bank #959
329720,Australia Bank #848
329723,Australia Bank #877
329727,Savings Bank of Danbury
329728,Australia Bank #678
329729,Australia Bank #528
329730,Australia Bank #715
329735,Australia Bank #335
329736,Australia Bank #950
329737,Australia Bank #336
329740,Australia Bank #951
329742,Australia Bank #519
329743,Australia Bank #717
329744,Australia Bank #792
329747,Australia Bank #828
329748,Australia Bank #938
329750,Australia Bank #619
329751,Australia Bank #338
329753,Australia Bank #362
329754,Australia Bank #456
329755,Australia Bank #805
329756,Australia Bank #339
329757,Australia Bank #1
329758,Australia Bank #830
329759,Australia Bank #716
329760,Australia Bank #337
329762,Australia Bank #507
329763,Australia Bank #511
329765,UK Bank #877
329766,Australia Bank #897
329767,Australia Bank #530
329769,Australia Bank #474
329775,Australia Bank #423
329782,Australia Bank #886
329783,Australia Bank #810
329784,Australia Bank #359
329785,Australia Bank #343
329787,National Bank of Seattle
329788,Mountain Credit Union
329790,First Bank of Miami
329791,Spruce Credit Union
329793,National Bank of New York
329794,First Bank of Laramie
329795,The Pine Bank
329797,Italy Bank #2122
329798,Plandor Thrift
329801,Australia Bank #352
329803,Australia Bank #846
329804,Australia Bank #350
329805,Australia Bank #363
329806,Australia Bank #735
329809,Australia Bank #361
329810,Australia Bank #477
329811,Australia Bank #885
329812,Mountain Trust Bank
329815,Bank of the East
329816,First Bank of Plattsburg
329817,Australia Bank #344
329819,Australia Bank #506
329823,Australia Bank #569
329825,Australia Bank #12
329827,Australia Bank #891
329828,Australia Bank #651
329831,Australia Bank #355
329832,Australia Bank #365
329835,Bank of Cleveland
329837,Australia Bank #820
329838,Australia Bank #697
329840,Australia Bank #747
329841,Australia Bank #788
329845,Australia Bank #525
329847,Australia Bank #595
329853,Australia Bank #378
329854,Australia Bank #353
329855,Australia Bank #672
329857,Australia Bank #498
329859,Australia Bank #356
329862,Australia Bank #834
329864,Australia Bank #551
329867,Australia Bank #940
329869,Australia Bank #357
329872,Australia Bank #824
329875,Australia Bank #479
329877,Australia Bank #358
329880,Australia Bank #366
329881,Australia Bank #367
329882,Australia Bank #840
329884,Australia Bank #372
329885,China Bank #568
329887,Australia Bank #738
329888,Australia Bank #719
329891,Australia Bank #941
329892,Australia Bank #368
329894,Australia Bank #861
329896,Australia Bank #863
329897,Australia Bank #410
329898,Australia Bank #373
329900,Australia Bank #492
329905,Australia Bank #722
329906,Australia Bank #621
329909,Australia Bank #377
329911,Australia Bank #376
329912,Australia Bank #570
329916,Future Cooperative Bank
329917,Savings Bank of Philadelphia
329918,Acme Bancorp
329920,Bank of Newport
329922,First Bank of Columbus
329923,Bank of Miami
329926,National Bank of Fairfield
329927,Sunrise Bank
329929,Savings Bank of Billings
329931,Bank of Billings
329932,Bank of Hartford
329935,Oak Savings Bank
329937,First Bank of Laramie
329939,Brook Bancorp
329940,Bank of Seattle
329942,Savings Bank of Columbus
329945,Sea Federal Bank
329950,National Bank of Portsmouth
329955,National Bank of Pittsburgh
329957,Bank of Portsmouth
329959,Bank of Lacrosse
329962,Slovakia Bank #2655
329963,Belgium Bank #3502
329964,First Bank of Tuscon
329965,First Bank of Lacrosse
329967,National Bank of Newbury
329968,Fieldstone Bank
329969,National Bank of Fort Wayne
329970,Savings Bank of Dallas
329971,Savings Bank of Billings
329972,Bank of Miami
329973,Bank of Newbury
329974,Oasis Savings Bank
329975,Australia Bank #831
329977,Australia Bank #424
329980,Australia Bank #374
329981,Savings Bank of Newbury
329988,Spain Bank #2520
329991,Bank of Portland
329994,Savings Bank of Los Angeles
329996,First Bank of Indianapolis
329997,Bank of Lacrosse
329999,Savings Bank of Augusta
330000,National Bank of Los Angeles
330001,National Bank of the Valley
330002,National Bank of Chicago
330004,Future Cooperative Bank
330005,National Bank of Lacrosse
330012,National Bank of Watertown
330014,Bank of Phoenix
330015,Dawn Savings Bank
330016,National Bank of Phoenix
330017,Savings Bank of Miami
330020,Bank of Portland
330021,Bank of Plattsburg
330024,Savings Bank of Providence
330028,First Bank of the Valley
330030,Arbor Savings Bank
330032,Sea Trust Bank
330033,Hearthstone Federal Bank
330036,Brook Trust Bank
330039,First Bank of Hartford
330040,Bank of Cleveland
330043,City National Bank
330045,Italy Bank #5873
330046,Bank of Lacrosse
330047,National Bank of Detroit
330048,Baltech Thrift
330050,National Bank of Dallas
330053,Savings Bank of the East
330056,Desert Bancorp
330059,Desert Trust Bank
330062,Australia Bank #574
330063,First Bank of Miami
330064,Australia Bank #947
330066,Australia Bank #463
330070,Sappo Credit Union
330072,Savings Bank of the North
330074,Italy Bank #1888
330075,Italy Bank #3389
330076,Australia Bank #702
330079,Australia Bank #777
330080,Australia Bank #725
330081,Australia Bank #379
330084,Australia Bank #655
330085,Bank of Chicago
330086,Germany Bank #3224
330087,Netherlands Bank #4481
330089,Italy Bank #4319
330090,Croatia Bank #3665
330092,Bank of Harrisburg
330093,Germany Bank #3461
330096,France Bank #4983
330100,Ireland Bank #2649
330101,Italy Bank #2378
330103,France Bank #1891
330104,Austria Bank #2163
330106,Croatia Bank #6124
330109,China Bank #1131
330114,China Bank #1030
330115,China Bank #1170
330119,France Bank #6125
330120,France Bank #4237
330121,Spain Bank #1897
330124,France Bank #5567
330126,Spain Bank #1895
330128,Germany Bank #4870
330129,Germany Bank #6168
330131,First Bank of Harrisburg
330133,Portugal Bank #3705
330134,Belgium Bank #1899
330136,Australia Bank #758
330139,Australia Bank #380
330140,Australia Bank #449
330143,Australia Bank #894
330144,Australia Bank #822
330148,Australia Bank #396
330150,Australia Bank #383
330153,Australia Bank #700
330154,Australia Bank #942
330155,Australia Bank #385
330156,Savings Bank of the South
330157,Australia Bank #832
330159,Australia Bank #384
330160,Australia Bank #833
330161,Australia Bank #922
330163,Australia Bank #849
330164,Australia Bank #581
330167,Australia Bank #948
330170,Australia Bank #387
330171,Australia Bank #565
330174,Australia Bank #560
330176,Australia Bank #386
330177,Sappo Trust Bank
330179,Australia Bank #850
330181,Australia Bank #679
330183,Australia Bank #390
330184,Australia Bank #807
330186,Australia Bank #426
330187,Italy Bank #4241
330189,Australia Bank #427
330191,Australia Bank #737
330193,Australia Bank #399
330194,Australia Bank #392
330196,Australia Bank #391
330198,Australia Bank #566
330200,Australia Bank #789
330201,Australia Bank #556
330202,Australia Bank #557
330204,Australia Bank #394
330205,Australia Bank #899
330206,Australia Bank #429
330207,Australia Bank #698
330208,Australia Bank #862
330210,Australia Bank #437
330211,Australia Bank #440
330212,Australia Bank #759
330213,Australia Bank #888
330214,Australia Bank #395
330215,Australia Bank #397
330216,Australia Bank #867
330217,Australia Bank #623
330220,Germany Bank #4302
330221,Australia Bank #889
330223,First Bank of Albany
330224,National Bank of Topeka
330231,Australia Bank #512
330232,Australia Bank #571
330234,Australia Bank #398
330237,Australia Bank #402
330239,Australia Bank #654
330241,Australia Bank #809
330243,Australia Bank #405
330244,Australia Bank #594
330245,Australia Bank #419
330249,Australia Bank #484
330250,Australia Bank #575
330251,First Bank of Miami
330253,Acme Cooperative Bank
330256,National Bank of Butte
330259,Savings Bank of Tuscon
330261,Savings Bank of Fairfield
330265,Australia Bank #790
330267,Australia Bank #927
330268,Australia Bank #469
330269,Australia Bank #933
330270,Australia Bank #962
330272,Australia Bank #407
330274,Australia Bank #420
330279,Australia Bank #471
330280,Australia Bank #422
330281,Australia Bank #892
330282,Australia Bank #631
330283,Australia Bank #904
330284,Oak Credit Union
330286,Australia Bank #597
330287,Australia Bank #593
330288,Australia Bank #425
330289,Australia Bank #408
330290,Australia Bank #409
330293,Australia Bank #903
330296,Australia Bank #513
330297,Australia Bank #900
330299,Australia Bank #412
330300,Australia Bank #446
330302,Australia Bank #527
330304,Australia Bank #953
330309,Australia Bank #413
330312,Australia Bank #748
330313,First Bank of Butte
330315,Australia Bank #851
330319,Australia Bank #890
330320,Australia Bank #811
330321,Australia Bank #727
330323,Australia Bank #443
330325,Australia Bank #548
330326,Australia Bank #677
330329,Australia Bank #749
330330,Australia Bank #540
330331,Australia Bank #416
330332,Australia Bank #417
330333,Australia Bank #739
330335,Australia Bank #920
330339,Australia Bank #653
330341,Australia Bank #584
330342,Australia Bank #441
330344,Australia Bank #701
330345,Australia Bank #590
330349,Australia Bank #536
330350,Australia Bank #937
330351,Australia Bank #909
330352,Australia Bank #881
330354,Australia Bank #428
330357,Australia Bank #46
330358,Australia Bank #914
330360,Australia Bank #944
330361,Australia Bank #532
330363,Australia Bank #626
330364,National Bank of Augusta
330366,Australia Bank #541
330368,Australia Bank #699
330378,Savings Bank of Newbury
330381,Australia Bank #430
330382,Australia Bank #576
330383,Australia Bank #928
330387,National Bank of the South
330390,Baltech Bancorp
330391,Regents Trust Bank
330396,Australia Bank #740
330401,Australia Bank #431
330402,Australia Bank #895
330404,Australia Bank #432
330407,Australia Bank #436
330410,Australia Bank #910
330411,Australia Bank #934
330416,Savings Bank of Lacrosse
330420,Arbor Thrift
330422,Australia Bank #433
330424,Australia Bank #586
330429,Australia Bank #835
330430,Australia Bank #598
330433,Australia Bank #480
330435,Australia Bank #600
330436,Australia Bank #869
330437,Australia Bank #873
330440,China Bank #1151
330442,China Bank #392
330447,China Bank #1158
330448,China Bank #390
330449,China Bank #391
330451,China Bank #901
330452,China Bank #571
330453,China Bank #432
330455,China Bank #1038
330458,China Bank #424
330459,China Bank #710
330461,China Bank #835
330462,China Bank #931
330463,China Bank #1003
330464,China Bank #933
330465,China Bank #425
330467,China Bank #394
330468,China Bank #1079
330470,China Bank #584
330472,China Bank #427
330474,China Bank #403
330475,China Bank #400
330477,China Bank #414
330480,China Bank #564
330481,China Bank #709
330484,China Bank #416
330486,China Bank #519
330489,China Bank #404
330490,China Bank #565
330492,China Bank #447
330493,China Bank #1085
330495,China Bank #415
330497,China Bank #802
330498,China Bank #493
330499,China Bank #500
330500,China Bank #1013
330501,China Bank #1087
330507,China Bank #397
330508,China Bank #949
330510,China Bank #805
330513,China Bank #797
330515,Japan Bank #643
330517,Japan Bank #541
330518,Japan Bank #781
330519,Japan Bank #918
330523,China Bank #1109
330524,China Bank #735
330525,China Bank #420
330526,China Bank #398
330530,China Bank #898
330531,China Bank #655
330533,China Bank #488
330537,China Bank #475
330541,China Bank #406
330544,China Bank #444
330545,China Bank #1060
330546,China Bank #1069
330547,First Bank of Sacramento
330548,Bank of Butte
330549,China Bank #408
330550,Japan Bank #948
330551,Japan Bank #579
330554,Japan Bank #683
330555,Japan Bank #938
330557,Japan Bank #543
330558,Japan Bank #959
330561,Japan Bank #706
330562,Japan Bank #587
330563,Japan Bank #637
330566,Japan Bank #544
330567,Japan Bank #546
330568,China Bank #439
330573,China Bank #664
330575,China Bank #757
330577,China Bank #1088
330578,China Bank #1050
330579,China Bank #1144
330580,China Bank #1007
330581,China Bank #1121
330582,China Bank #460
330584,China Bank #831
330587,China Bank #925
330590,China Bank #930
330591,China Bank #799
330596,China Bank #634
330597,China Bank #28
330599,Ireland Bank #2228
330600,China Bank #1052
330601,China Bank #1027
330602,China Bank #417
330603,China Bank #456
330608,China Bank #1145
330613,Australia Bank #487
330614,Australia Bank #466
330616,Australia Bank #510
330617,UK Bank #1094
330618,UK Bank #609
330619,UK Bank #558
330620,UK Bank #893
330622,UK Bank #439
330623,UK Bank #594
330625,UK Bank #1058
330626,UK Bank #1022
330628,UK Bank #440
330630,UK Bank #1066
330633,UK Bank #583
330634,Savings Bank of Houston
330635,Plandor Credit Union
330636,Australia Bank #467
330638,Australia Bank #435
330639,Australia Bank #591
330641,Australia Bank #499
330643,Hearthstone Bancorp
330646,Australia Bank #454
330649,Australia Bank #459
330653,Bank of Detroit
330654,Savings Bank of Bridgeport
330657,Spain Bank #5429
330658,Belgium Bank #2260
330659,Germany Bank #1923
330660,Germany Bank #3548
330662,Italy Bank #2336
330663,Savings Bank of Los Angeles
330664,National Bank of Omaha
330665,National Bank of New Orleans
330667,Australia Bank #812
330668,Australia Bank #915
330670,Australia Bank #751
330675,Australia Bank #438
330677,Australia Bank #460
330678,Australia Bank #588
330679,Australia Bank #508
330684,Australia Bank #549
330686,Australia Bank #912
330688,Australia Bank #952
330692,Australia Bank #923
330695,Bank of Portsmouth
330696,Bank of Phoenix
330697,National Bank of Los Angeles
330698,Germany Bank #2762
330699,Portugal Bank #6194
330701,Sea Cooperative Bank
330702,First Bank of Dallas
330704,National Bank of Dallas
330708,Australia Bank #448
330709,Australia Bank #939
330710,Australia Bank #823
330712,Australia Bank #682
330713,Australia Bank #9
330715,Australia Bank #906
330716,Australia Bank #896
330717,Australia Bank #493
330722,National Bank of the North
330723,Australia Bank #582
330724,Australia Bank #517
330726,Australia Bank #704
330727,Australia Bank #907
330730,Australia Bank #450
330731,Australia Bank #926
330732,Australia Bank #841
330733,Australia Bank #724
330734,First Bank of Fort Wayne
330735,First Bank of Detroit
330738,Australia Bank #921
330739,Australia Bank #451
330741,Australia Bank #750
330743,Australia Bank #7
330744,Australia Bank #531
330749,Australia Bank #627
330753,Australia Bank #905
330754,Australia Bank #442
330757,Australia Bank #929
330759,Australia Bank #518
330761,Australia Bank #546
330762,Australia Bank #516
330765,Australia Bank #453
330766,Australia Bank #842
330767,Australia Bank #447
330774,Australia Bank #780
330778,Australia Bank #488
330781,Australia Bank #465
330785,Australia Bank #960
330786,Australia Bank #913
330787,Australia Bank #468
330788,Regents Thrift
330792,Acme Bank
330793,Heath Federal Bank
330795,Spain Bank #4072
330798,Hearthstone Community Bank
330799,Bank of Boston
330804,Germany Bank #2213
330805,France Bank #1904
330808,First Bank of the West
330810,Sappo Bancorp
330811,Germany Bank #1909
330818,Oasis Trust Bank
330825,Austria Bank #2447
330828,National Bank of Bridgeport
330829,Oak Thrift
330830,First Bank of Dallas
330831,First Bank of Newport
330832,Savings Bank of the East
330833,France Bank #5276
330834,Savings Bank of Watertown
330840,Australia Bank #572
330842,Australia Bank #935
330846,Fieldstone Trust Bank
330848,First Bank of Seattle
330850,Sea Community Bank
330852,Germany Bank #5799
330854,Austria Bank #2303
330855,Slovakia Bank #4431
330858,Germany Bank #2964
330861,Spain Bank #5499
330864,Germany Bank #2314
330866,Capital Savings Bank
330869,Italy Bank #3462
330874,Germany Bank #5833
330875,Germany Bank #2320
330878,France Bank #1912
330880,Belgium Bank #1913
330881,Germany Bank #5357
330882,France Bank #5091
330885,Finland Bank #4239
330889,City National Thrift
330890,Savings Bank of Phoenix
330898,Plandor Thrift
330900,First Bank of Arkadelphia
330904,National Bank of Arkadelphia
330905,Bank of Houston
330906,Savings Bank of Watertown
330907,Sea Cooperative Bank
330910,Savings Bank of Montpelier
330913,Brook Bank
330914,Bank of Seattle
330915,Golden Thrift
330916,National Bank of Billings
330917,Bank of Hartford
330921,National Bank of Plattsburg
330922,Bank of Augusta
330923,Willows Bank
330924,Italy Bank #1914
330925,Oasis Bank
330926,National Bank of Portsmouth
330927,Savings Bank of Hartford
330931,National Bank of Los Angeles
330933,First Bank of Augusta
330935,Savings Bank of Lincoln
330936,Sappo Trust Bank
330938,City National Credit Union
330940,National Bank of Topeka
330941,Bank of Helena
330943,National Bank of Los Angeles
330946,Savings Bank of Helena
330947,Savings Bank of Boston
330949,National Bank of Denver
330950,The Pine Thrift
330951,First Bank of the West
330952,Bank of Chicago
330953,Savings Bank of New Orleans
330954,Hilltop Community Bank
330957,Spruce Bancorp
330958,First Bank of Harrisburg
330959,Savings Bank of Lincoln
330961,First Bank of Phoenix
330963,Baltech Community Bank
330965,Savings Bank of Newbury
330966,Savings Bank of Billings
330967,Italy Bank #5358
330968,Savings Bank of Portsmouth
330969,Bank of Montpelier
330970,First Bank of Danbury
330971,Bank of Laramie
330972,Bank of Indianapolis
330973,National Bank of Hartford
330974,Germany Bank #2426
330976,Capital Credit Union
330978,Bank of Boston
330979,First Bank of Tampa
330982,Sappo Bancorp
330983,Bank of Springfield
330984,National Bank of Sacramento
330985,National Bank of Laramie
330987,Baltech Cooperative Bank
330990,National Bank of Cleveland
330991,National Bank of Billings
330995,Capital Cooperative Bank
330996,Brownstone Community Bank
330997,Savings Bank of Watertown
330998,Capital Federal Bank
330999,Finland Bank #3179
331002,Oak Savings Bank
331003,Netherlands Bank #5674
331005,Italy Bank #5162
331006,Bank of Augusta
331009,National Bank of Portland
331010,National Bank of Madison
331011,Savings Bank of Arkadelphia
331012,Hilltop Thrift
331014,Bank of Los Angeles
331017,Savings Bank of Columbus
331018,Bank of Providence
331020,Heath Credit Union
331021,National Bank of Fairfield
331022,Spain Bank #2098
331023,Bank of Newbury
331024,Belgium Bank #6108
331027,National Bank of Portsmouth
331028,Acme Credit Union
331029,Savings Bank of Philadelphia
331037,Plandor Community Bank
331039,National Bank of Newbury
331041,Savings Bank of Los Angeles
331042,Sea Trust Bank
331045,Savings Bank of New Orleans
331046,First Bank of Topeka
331048,National Bank of Hartford
331050,Willows Bancorp
331051,First Bank of Philadelphia
331053,Golden Savings Bank
331056,First Bank of Albany
331057,First Bank of New Orleans
331060,National Bank of Cleveland
331061,Savings Bank of Newbury
331062,Arbor Bank
331064,Bank of Watertown
331065,Savings Bank of Portland
331066,Bank of Augusta
331068,Mountain Cooperative Bank
331069,Savings Bank of New Orleans
331072,National Bank of Billings
331075,Savings Bank of Augusta
331077,Spruce Cooperative Bank
331078,Savings Bank of Houston
331081,Savings Bank of Newbury
331082,Brook Community Bank
331084,Brownstone Bancorp
331086,Bank of Danbury
331087,Baltech Thrift
331088,First Bank of the East
331090,First Bank of Los Angeles
331091,Sea Savings Bank
331092,Hearthstone Thrift
331094,Future Federal Bank
331095,Bank of Tuscon
331099,The Pine Bancorp
331101,Germany Bank #4051
331102,Spain Bank #2411
331103,Spruce Trust Bank
331104,Savings Bank of Lincoln
331106,National Bank of Fort Wayne
331108,Golden Federal Bank
331110,Bank of Chicago
331112,Oak Federal Bank
331114,Heath Community Bank
331117,Plateau Thrift
331119,Italy Bank #4744
331122,First Bank of Tampa
331124,First Bank of Phoenix
331126,Oak Trust Bank
331127,First Bank of Lincoln
331129,National Bank of Miami
331130,Savings Bank of Augusta
331134,Bank of Boston
331136,France Bank #5987
331137,Germany Bank #1920
331139,France Bank #4763
331140,Italy Bank #6088
331141,Spain Bank #1921
331143,Future Bank
331145,Germany Bank #5959
331146,Italy Bank #3878
331147,Netherlands Bank #3544
331148,Portugal Bank #1927
331152,Spain Bank #4437
331153,Italy Bank #2512
331156,Spain Bank #1994
331158,France Bank #3716
331159,Spain Bank #1925
331163,Germany Bank #1928
331164,Bank of Cleveland
331167,Germany Bank #1933
331170,Finland Bank #3005
331172,Italy Bank #2645
331177,National Bank of Indianapolis
331179,Germany Bank #2596
331185,Germany Bank #6392
331187,France Bank #6028
331190,Ireland Bank #1929
331192,France Bank #5631
331194,Germany Bank #3443
331195,Italy Bank #6415
331197,Germany Bank #1992
331199,Italy Bank #3494
331200,Germany Bank #4781
331201,Ireland Bank #6296
331202,Bank of Lincoln
331203,First Bank of Billings
331204,Savings Bank of the East
331205,Oasis Thrift
331206,France Bank #2078
331207,Italy Bank #6401
331211,Germany Bank #4240
331212,Future Thrift
331213,National Bank of the East
331216,Italy Bank #2298
331217,Latvia Bank #1939
331219,Savings Bank of Montpelier
331220,First Bank of Laramie
331221,Plateau Cooperative Bank
331222,Flagstone Trust Bank
331223,Plandor Bank
331224,Savings Bank of Butte
331226,Spain Bank #4279
331227,Germany Bank #2021
331228,France Bank #4038
331230,Italy Bank #2388
331231,Austria Bank #5568
331232,Italy Bank #2440
331233,France Bank #4076
331239,Belgium Bank #1936
331241,National Bank of Detroit
331243,Acme Thrift
331245,Brownstone Bank
331246,First Bank of Chicago
331249,Mountain Savings Bank
331253,City National Bancorp
331254,Germany Bank #3873
331255,Greece Bank #5524
331256,The Pine Cooperative Bank
331257,Sappo Community Bank
331259,Bank of Watertown
331260,Desert Bancorp
331261,Savings Bank of Los Angeles
331264,Slovenia Bank #1935
331267,Bank of Lacrosse
331268,Germany Bank #3547
331272,France Bank #4594
331276,France Bank #1937
331278,Spain Bank #2739
331286,Belgium Bank #5127
331288,Germany Bank #3844
331289,Germany Bank #4243
331293,Italy Bank #6001
331294,Germany Bank #6020
331296,Savings Bank of Columbus
331298,Acme Cooperative Bank
331300,First Bank of the Valley
331305,Mountain Trust Bank
331307,China Bank #1072
331308,China Bank #440
331310,China Bank #429
331312,China Bank #957
331313,Italy Bank #2982
331320,Belgium Bank #1940
331325,France Bank #6318
331328,Spain Bank #2233
331331,Spain Bank #2688
331333,Italy Bank #6334
331336,Italy Bank #3817
331338,France Bank #1941
331339,Spain Bank #3827
331340,Finland Bank #3633
331341,Portugal Bank #1942
331342,Italy Bank #3489
331345,Greece Bank #2445
331347,Savings Bank of Fort Wayne
331349,Savings Bank of Detroit
331352,Future Credit Union
331357,National Bank of Fairfield
331358,National Bank of Los Angeles
331359,Bank of Springfield
331360,Fieldstone Bancorp
331361,Savings Bank of the East
331367,Germany Bank #6284
331370,Spain Bank #5094
331372,First Bank of Fairfield
331373,France Bank #6089
331374,Italy Bank #4993
331377,France Bank #6200
331379,Germany Bank #1944
331380,Spain Bank #1945
331383,Germany Bank #2292
331384,Netherlands Bank #6307
331385,France Bank #2736
331386,Germany Bank #2987
331388,Ireland Bank #4064
331390,Portugal Bank #1946
331391,Germany Bank #4020
331392,Germany Bank #2608
331395,Germany Bank #1947
331396,Germany Bank #2483
331398,France Bank #2458
331399,Germany Bank #2062
331402,Belgium Bank #1953
331403,Germany Bank #5632
331405,Italy Bank #4596
331406,Spain Bank #3159
331408,Germany Bank #6057
331412,Golden Community Bank
331415,Italy Bank #1949
331417,Germany Bank #4639
331418,France Bank #3442
331419,Germany Bank #4883
331421,Greece Bank #5792
331422,France Bank #1952
331424,Germany Bank #6024
331425,Ireland Bank #2721
331427,Italy Bank #2363
331428,Germany Bank #2446
331429,France Bank #1954
331432,Regents Community Bank
331435,Italy Bank #3065
331436,France Bank #3720
331439,National Bank of Phoenix
331440,Savings Bank of Omaha
331441,Sea Community Bank
331442,France Bank #2543
331446,Flagstone Bank
331448,Germany Bank #1958
331449,Germany Bank #1959
331451,Netherlands Bank #4047
331452,Spain Bank #1956
331453,Portugal Bank #4642
331454,Portugal Bank #4245
331456,Lithuania Bank #1960
331458,Netherlands Bank #1961
331461,National Bank of Omaha
331463,Bank of Augusta
331465,Savings Bank of Helena
331467,National Bank of Tampa
331468,Bank of Seattle
331470,National Bank of Newport
331471,Brownstone Credit Union
331472,Acme Trust Bank
331475,Brook Federal Bank
331478,Flagstone Cooperative Bank
331481,First Bank of Hartford
331483,Brownstone Cooperative Bank
331486,Arbor Federal Bank
331487,Mountain Community Bank
331489,First Bank of Bridgeport
331491,Greece Bank #1963
331492,Slovakia Bank #5935
331493,Spain Bank #1964
331496,Savings Bank of Hartford
331499,National Bank of Miami
331501,Australia Bank #542
331504,Australia Bank #781
331505,Australia Bank #54
331509,Mexico Bank #566
331512,Mexico Bank #620
331514,Mexico Bank #57
331515,Mexico Bank #561
331516,Mexico Bank #58
331517,Mexico Bank #106
331519,Mexico Bank #129
331524,Mexico Bank #4
331527,Mexico Bank #559
331529,Mexico Bank #59
331532,Mexico Bank #55
331534,Mexico Bank #56
331541,Mexico Bank #164
331549,Mexico Bank #60
331550,Mexico Bank #69
331551,Mexico Bank #61
331552,Mexico Bank #63
331556,Mexico Bank #64
331557,Mexico Bank #74
331560,Mexico Bank #65
331561,Mexico Bank #66
331562,Mexico Bank #67
331563,Mexico Bank #243
331566,Mexico Bank #667
331569,Mexico Bank #388
331574,China Bank #431
331575,China Bank #1128
331577,Ireland Bank #3103
331579,Portugal Bank #4507
331581,France Bank #3171
331585,Germany Bank #3119
331593,Italy Bank #1968
331594,Italy Bank #2007
331595,Italy Bank #5277
331596,France Bank #2203
331597,Germany Bank #1973
331599,First Bank of Detroit
331601,Plandor Community Bank
331602,Italy Bank #5203
331603,Italy Bank #1970
331604,Malta Bank #1971
331605,Belgium Bank #5095
331606,Germany Bank #5000
331607,France Bank #2312
331611,Fieldstone Federal Bank
331612,Germany Bank #5982
331616,Slovakia Bank #1974
331618,National Bank of Laramie
331619,Savings Bank of Newport
331621,Dawn Bank
331623,Savings Bank of Miami
331624,Fieldstone Bank
331627,Mexico Bank #68
331631,Mexico Bank #78
331632,Mexico Bank #582
331634,Mexico Bank #562
331635,Mexico Bank #591
331637,Mexico Bank #17
331639,Italy Bank #2249
331642,Germany Bank #4259
331643,Germany Bank #3546
331644,France Bank #1975
331645,Finland Bank #2095
331646,Germany Bank #2096
331648,France Bank #4908
331649,Germany Bank #5975
331650,France Bank #2452
331654,Germany Bank #5831
331655,Savings Bank of Topeka
331657,Fieldstone Trust Bank
331661,National Bank of Billings
331663,Sunrise Trust Bank
331664,Bank of the Valley
331670,Savings Bank of Albany
331671,Savings Bank of Huron
331674,National Bank of Columbus
331675,Heath Savings Bank
331677,First Bank of Bridgeport
331678,Brook Federal Bank
331680,Sappo Bancorp
331681,National Bank of the West
331684,Desert Credit Union
331689,Bank of New York
331690,Savings Bank of Augusta
331691,Bank of Bridgeport
331693,Plateau Savings Bank
331695,Sappo Savings Bank
331697,First Bank of Tuscon
331698,Italy Bank #6109
331699,National Bank of Springfield
331701,National Bank of the South
331702,Oasis Cooperative Bank
331703,Bank of Chicago
331704,Savings Bank of Montpelier
331705,Savings Bank of Butte
331707,Brook Bank
331709,Sappo Trust Bank
331712,Acme Trust Bank
331714,Germany Bank #5702
331716,France Bank #2782
331719,Savings Bank of Cleveland
331725,National Bank of Arkadelphia
331726,Savings Bank of Dallas
331730,Greece Bank #3097
331731,Italy Bank #3054
331732,Netherlands Bank #3026
331733,Netherlands Bank #3561
331734,Italy Bank #6002
331735,France Bank #5978
331736,Italy Bank #5633
331738,Germany Bank #4335
331741,Germany Bank #2812
331743,Belgium Bank #2699
331745,Greece Bank #3337
331746,Germany Bank #1983
331747,Mountain Cooperative Bank
331750,Hearthstone Bancorp
331752,First Bank of Los Angeles
331753,Bank of Philadelphia
331757,Plandor Federal Bank
331758,First Bank of Huron
331759,National Bank of the East
331763,Germany Bank #4441
331764,Italy Bank #4611
331769,Greece Bank #1982
331770,Germany Bank #2254
331772,France Bank #4862
331773,National Bank of Omaha
331776,Savings Bank of Chicago
331777,First Bank of Dallas
331778,National Bank of Portland
331779,Bank of Portland
331780,National Bank of Tampa
331782,Regents Bank
331783,National Bank of Chicago
331787,Brownstone Thrift
331789,Capital Thrift
331790,Sea Community Bank
331791,First Bank of Helena
331794,Bank of Plattsburg
331795,Dawn Trust Bank
331799,The Pine Cooperative Bank
331803,Spain Bank #2171
331804,First Bank of Arkadelphia
331805,Savings Bank of Omaha
331806,First Bank of Seattle
331815,National Bank of the West
331816,Plandor Trust Bank
331817,Desert Savings Bank
331818,National Bank of Tuscon
331820,First Bank of Providence
331825,City National Credit Union
331826,National Bank of New York
331828,National Bank of Detroit
331833,Spain Bank #2851
331835,Germany Bank #5755
331836,France Bank #3701
331839,Greece Bank #1985
331842,Germany Bank #1986
331843,Croatia Bank #1997
331844,France Bank #6153
331848,Spain Bank #3444
331849,France Bank #5453
331851,Savings Bank of the West
331852,Netherlands Bank #6005
331853,Germany Bank #1987
331854,Belgium Bank #3407
331855,Germany Bank #4262
331856,Greece Bank #5634
331857,France Bank #1988
331860,China Bank #814
331862,China Bank #476
331863,China Bank #597
331864,China Bank #611
331865,China Bank #1159
331866,Spain Bank #2176
331867,Germany Bank #4272
331869,Portugal Bank #2010
331870,Oak Savings Bank
331873,France Bank #1991
331875,Spain Bank #3484
331877,Bank of Denver
331878,France Bank #6219
331879,France Bank #3356
331880,Spain Bank #2204
331882,Netherlands Bank #4746
331884,Germany Bank #2155
331885,Germany Bank #5635
331887,Spain Bank #1998
331889,Spain Bank #1993
331890,First Bank of Danbury
331891,France Bank #2666
331895,Spain Bank #4433
331896,Finland Bank #6235
331897,Germany Bank #4099
331902,Germany Bank #1995
331903,Bank of New Orleans
331909,Italy Bank #6237
331910,Italy Bank #3466
331911,Bank of the North
331912,Bank of Helena
331913,Hilltop Savings Bank
331914,Germany Bank #2011
331918,Italy Bank #2406
331919,Netherlands Bank #2009
331920,Germany Bank #1996
331921,Germany Bank #5204
331922,France Bank #2517
331923,Germany Bank #3279
331925,Italy Bank #3424
331926,Savings Bank of Philadelphia
331929,France Bank #3109
331930,Germany Bank #2160
331931,Italy Bank #4503
331933,Spain Bank #5691
331935,Belgium Bank #2337
331936,Ireland Bank #2372
331939,France Bank #5431
331940,Italy Bank #4246
331941,Bank of Boston
331942,France Bank #1999
331944,Netherlands Bank #3050
331946,Italy Bank #2223
331951,Italy Bank #3667
331953,Germany Bank #2246
331954,France Bank #2618
331956,Spain Bank #3309
331957,Germany Bank #3355
331959,France Bank #2263
331960,Spain Bank #4458
331962,France Bank #5503
331963,Germany Bank #3255
331964,Italy Bank #6402
331966,Greece Bank #3324
331968,Italy Bank #6025
331970,First Bank of Madison
331973,Italy Bank #5830
331978,Spain Bank #2003
331979,Italy Bank #2004
331981,Italy Bank #2583
331982,Belgium Bank #6428
331983,Germany Bank #5807
331986,Germany Bank #5278
331995,Germany Bank #3315
331997,Croatia Bank #2729
332002,France Bank #2402
332003,Germany Bank #4092
332004,France Bank #5220
332006,Spain Bank #5363
332007,Austria Bank #5805
332008,Italy Bank #2158
332009,Germany Bank #6315
332010,France Bank #3046
332014,Germany Bank #2390
332017,Ireland Bank #6238
332018,Cyprus Bank #4656
332023,Finland Bank #2016
332026,Germany Bank #5602
332027,France Bank #3069
332030,Spain Bank #2405
332032,Italy Bank #2019
332034,Portugal Bank #3826
332041,Italy Bank #3229
332042,Spain Bank #3669
332045,Germany Bank #6254
332046,Germany Bank #2199
332048,France Bank #6371
332049,Belgium Bank #5020
332051,Spain Bank #2222
332053,France Bank #5915
332056,Spain Bank #2035
332057,Germany Bank #3307
332059,Italy Bank #2036
332060,Malta Bank #4765
332061,Finland Bank #5138
332064,Italy Bank #2824
332068,Spain Bank #4885
332069,France Bank #2737
332077,Bank of the Valley
332080,Germany Bank #3374
332082,Italy Bank #2531
332089,Spain Bank #2362
332091,Spain Bank #2951
332093,Bank of Harrisburg
332096,Spain Bank #5569
332098,Italy Bank #5584
332102,Austria Bank #5206
332103,France Bank #2028
332104,Italy Bank #4867
332106,Germany Bank #4905
332107,France Bank #2031
332112,Germany Bank #2138
332114,Greece Bank #2054
332116,Spain Bank #4492
332118,Germany Bank #3521
332122,Fieldstone Savings Bank
332124,Savings Bank of Helena
332127,Germany Bank #3485
332129,France Bank #3866
332131,France Bank #4625
332132,France Bank #4250
332135,Germany Bank #3549
332136,France Bank #2705
332138,Italy Bank #2037
332139,Italy Bank #3513
332140,Spain Bank #4027
332141,France Bank #5097
332142,France Bank #4276
332143,Germany Bank #3755
332145,France Bank #4435
332146,National Bank of Billings
332147,Bank of Danbury
332149,Savings Bank of Helena
332151,Germany Bank #3783
332158,Brownstone Thrift
332159,Austria Bank #2656
332160,Italy Bank #5517
332163,National Bank of Tampa
332164,Flagstone Bancorp
332166,Plateau Bancorp
332168,National Bank of Bridgeport
332169,Oasis Savings Bank
332170,Savings Bank of Philadelphia
332172,France Bank #5207
332173,Slovenia Bank #4650
332174,Italy Bank #3123
332177,Germany Bank #2132
332178,Belgium Bank #6298
332180,Germany Bank #3177
332181,Italy Bank #3314
332182,Spain Bank #2401
332185,France Bank #6062
332187,National Bank of Springfield
332190,Netherlands Bank #5147
332191,Belgium Bank #3436
332196,First Bank of Phoenix
332197,Bank of Harrisburg
332198,Savings Bank of Seattle
332201,Spain Bank #6172
332202,France Bank #3147
332203,Germany Bank #6122
332204,France Bank #2166
332207,Netherlands Bank #3204
332208,National Bank of Arkadelphia
332209,Bank of Watertown
332210,Croatia Bank #2044
332211,Italy Bank #2107
332212,France Bank #5752
332215,Greece Bank #2234
332217,Spain Bank #4295
332218,Germany Bank #2490
332219,Ireland Bank #2042
332220,Belgium Bank #3172
332221,Greece Bank #2247
332223,Austria Bank #2043
332225,Bank of Phoenix
332226,First Bank of Montpelier
332228,Spain Bank #5100
332229,Netherlands Bank #2581
332231,France Bank #2243
332241,Croatia Bank #6201
332242,Germany Bank #2849
332247,Germany Bank #2047
332248,Belgium Bank #2141
332249,France Bank #2048
332250,Germany Bank #3514
332251,Germany Bank #6090
332252,France Bank #6239
332253,Portugal Bank #2050
332255,Netherlands Bank #3174
332257,Germany Bank #3764
332258,Spain Bank #2051
332259,Netherlands Bank #4476
332260,Germany Bank #2052
332261,Germany Bank #2053
332264,Germany Bank #3280
332266,Spain Bank #5281
332267,Greece Bank #5875
332268,Italy Bank #2055
332273,China Bank #745
332274,China Bank #561
332278,China Bank #722
332281,China Bank #972
332282,China Bank #647
332283,China Bank #437
332285,China Bank #660
332287,France Bank #2056
332288,France Bank #2403
332289,France Bank #2057
332290,Spain Bank #4451
332294,Oak Credit Union
332296,Capital Bank
332299,National Bank of New York
332301,Italy Bank #6314
332302,Germany Bank #3332
332303,Italy Bank #3592
332305,Netherlands Bank #2129
332307,Italy Bank #3390
332310,Spain Bank #2164
332312,Italy Bank #2060
332313,Belgium Bank #2061
332314,France Bank #2416
332315,France Bank #3095
332317,Germany Bank #5288
332318,First Bank of Topeka
332322,Bank of Portland
332325,Savings Bank of Detroit
332326,National Bank of Los Angeles
332327,First Bank of Pittsburgh
332328,First Bank of Chicago
332330,Italy Bank #5044
332331,Regents Community Bank
332332,France Bank #6270
332334,Golden Savings Bank
332335,Bank of Providence
332337,Italy Bank #3482
332339,Spain Bank #2063
332340,Italy Bank #5727
332341,Germany Bank #5434
332345,Germany Bank #2236
332346,France Bank #2092
332348,First Bank of Portsmouth
332352,Spain Bank #2792
332353,Germany Bank #6302
332357,China Bank #482
332358,China Bank #443
332360,Italy Bank #2274
332361,China Bank #990
332363,China Bank #442
332365,China Bank #954
332366,China Bank #1053
332370,China Bank #1154
332371,China Bank #650
332372,Spain Bank #6313
332373,China Bank #453
332379,China Bank #457
332382,China Bank #494
332386,China Bank #705
332387,China Bank #948
332389,China Bank #464
332390,China Bank #48
332391,China Bank #1021
332392,China Bank #523
332393,China Bank #1114
332394,China Bank #668
332395,China Bank #47
332397,China Bank #448
332398,China Bank #462
332399,China Bank #463
332400,China Bank #643
332402,Italy Bank #2085
332403,Italy Bank #2086
332404,Italy Bank #2816
332406,Germany Bank #2224
332408,Spain Bank #2066
332411,Germany Bank #3596
332412,Germany Bank #5283
332413,Ireland Bank #4768
332415,Germany Bank #5798
332417,Greece Bank #2070
332419,China Bank #465
332420,China Bank #466
332427,Belgium Bank #3581
332429,Portugal Bank #2071
332433,Portugal Bank #2073
332434,Spain Bank #3263
332435,France Bank #3738
332438,Desert Thrift
332441,Spain Bank #2074
332443,Ireland Bank #2605
332445,Germany Bank #2192
332449,Italy Bank #3700
332450,Spain Bank #3250
332451,Germany Bank #5284
332453,Spain Bank #4056
332456,Germany Bank #5504
332457,Germany Bank #2082
332458,Germany Bank #2700
332460,France Bank #2087
332461,Germany Bank #3515
332462,Germany Bank #5917
332464,Germany Bank #3545
332466,Latvia Bank #3706
332469,France Bank #3096
332471,France Bank #2088
332473,Spain Bank #3308
332475,France Bank #2715
332476,Germany Bank #2089
332479,Italy Bank #2090
332480,Savings Bank of Columbus
332482,France Bank #2093
332483,Spain Bank #3445
332485,Italy Bank #5157
332489,Croatia Bank #4306
332490,France Bank #2094
332491,Netherlands Bank #6129
332492,Germany Bank #2589
332494,China Bank #792
332496,Italy Bank #3406
332497,Mexico Bank #569
332500,Mexico Bank #86
332502,Mexico Bank #574
332503,Mexico Bank #77
332506,Mexico Bank #84
332509,Mexico Bank #451
332517,Bank of Bridgeport
332518,Italy Bank #5642
332520,Bank of the East
332521,The Pine Credit Union
332522,Bank of Laramie
332523,First Bank of New Orleans
332524,Regents Bancorp
332526,First Bank of Milford
332527,First Bank of Huron
332530,Mexico Bank #621
332533,Mexico Bank #23
332536,Mexico Bank #605
332541,Mexico Bank #640
332542,Mexico Bank #70
332544,First Bank of Cleveland
332545,Savings Bank of Laramie
332546,Mexico Bank #88
332550,Mexico Bank #617
332552,Baltech Savings Bank
332553,First Bank of Portsmouth
332554,Netherlands Bank #5942
332555,Netherlands Bank #5505
332557,First Bank of Lincoln
332558,Future Thrift
332560,Baltech Community Bank
332561,Savings Bank of Madison
332565,Golden Savings Bank
332566,National Bank of Omaha
332567,Bank of Albany
332571,Dawn Federal Bank
332575,Austria Bank #6300
332576,Austria Bank #6183
332577,Spain Bank #4484
332578,Italy Bank #2101
332580,Savings Bank of Dallas
332581,First Bank of Tuscon
332583,Bank of Bridgeport
332584,First Bank of Portland
332586,Italy Bank #5298
332589,National Bank of Madison
332590,Future Community Bank
332591,First Bank of New Orleans
332592,Oasis Credit Union
332594,Bank of Augusta
332596,First Bank of Topeka
332597,Desert Community Bank
332599,Bank of Dallas
332600,Willows Federal Bank
332606,First Bank of Sacramento
332607,Bank of Springfield
332608,Acme Federal Bank
332609,Savings Bank of Harrisburg
332612,First Bank of Sacramento
332613,First Bank of the West
332614,Dawn Thrift
332615,First Bank of Detroit
332616,City National Bancorp
332619,Savings Bank of Dallas
332620,National Bank of Augusta
332624,Sappo Federal Bank
332625,Desert Federal Bank
332626,Savings Bank of the South
332627,Savings Bank of Miami
332628,National Bank of Lincoln
332629,Savings Bank of Madison
332630,Flagstone Bancorp
332631,First Bank of Phoenix
332633,Spruce Federal Bank
332635,Flagstone Thrift
332636,First Bank of Albany
332638,Sunrise Savings Bank
332639,Bank of Miami
332640,Bank of Sacramento
332641,Willows Community Bank
332642,Savings Bank of New Orleans
332648,Savings Bank of Phoenix
332649,Willows Bancorp
332656,Brownstone Thrift
332657,National Bank of Plattsburg
332661,Savings Bank of New Orleans
332663,First Bank of Denver
332665,National Bank of Tuscon
332669,Bank of Newport
332670,First Bank of Boston
332671,Hearthstone Savings Bank
332672,Bank of Arkadelphia
332675,Fieldstone Trust Bank
332676,National Bank of Augusta
332677,Savings Bank of Portsmouth
332678,National Bank of Providence
332681,Golden Federal Bank
332683,Mexico Bank #71
332685,First Bank of Huron
332688,Mexico Bank #76
332691,Mexico Bank #657
332692,Mexico Bank #584
332693,Mexico Bank #565
332695,First Bank of the Valley
332699,Mexico Bank #586
332709,Mexico Bank #73
332710,Mexico Bank #105
332715,China Bank #992
332721,Mexico Bank #94
332722,Mexico Bank #75
332724,Mexico Bank #92
332725,UK Bank #702
332726,Mexico Bank #260
332731,Mexico Bank #82
332733,Mexico Bank #79
332734,Mexico Bank #629
332735,Mexico Bank #504
332736,Mexico Bank #476
332737,Mexico Bank #98
332738,Mexico Bank #198
332740,UK Bank #898
332741,UK Bank #1152
332743,UK Bank #447
332744,UK Bank #444
332746,UK Bank #11
332747,UK Bank #1082
332751,UK Bank #572
332752,UK Bank #1141
332753,UK Bank #448
332754,UK Bank #449
332755,UK Bank #943
332756,UK Bank #459
332758,Mexico Bank #80
332759,Mexico Bank #115
332764,Mexico Bank #130
332765,Mexico Bank #90
332766,Mexico Bank #99
332767,Mexico Bank #95
332769,Mexico Bank #96
332770,Mexico Bank #91
332771,Mexico Bank #29
332772,Mexico Bank #81
332773,Mexico Bank #655
332777,Mexico Bank #589
332778,First Bank of Butte
332779,National Bank of Newport
332782,Bank of Lacrosse
332783,Mexico Bank #26
332787,Mexico Bank #125
332789,Bank of Helena
332790,National Bank of Montpelier
332792,National Bank of Seattle
332793,Bank of Tampa
332794,Bank of Madison
332799,Bank of Fairfield
332800,First Bank of Newport
332803,Japan Bank #727
332809,Mexico Bank #465
332810,Mexico Bank #107
332811,Mexico Bank #83
332812,Mexico Bank #585
332813,Mexico Bank #126
332816,Mexico Bank #647
332817,Mexico Bank #149
332818,Russia Bank #660
332819,Russia Bank #661
332822,Mexico Bank #85
332825,Mexico Bank #606
332826,Mexico Bank #121
332827,Mexico Bank #607
332828,Mexico Bank #89
332829,Mexico Bank #111
332830,Mexico Bank #93
332832,Mexico Bank #583
332834,Mexico Bank #452
332835,Mexico Bank #87
332837,Mexico Bank #197
332838,Mexico Bank #108
332839,Mexico Bank #563
332840,Mexico Bank #97
332843,Bank of Tuscon
332844,National Bank of the North
332845,Mexico Bank #639
332850,Willows Cooperative Bank
332853,Savings Bank of Madison
332856,Flagstone Federal Bank
332857,National Bank of Huron
332858,National Bank of Fort Wayne
332859,Bank of the East
332860,Bank of Chicago
332861,First Bank of Lacrosse
332864,Germany Bank #3353
332865,France Bank #3206
332866,Spain Bank #3532
332868,France Bank #3310
332870,Germany Bank #2104
332872,Spain Bank #2395
332874,Germany Bank #2105
332875,France Bank #3702
332876,Italy Bank #2486
332877,France Bank #3148
332880,Germany Bank #3149
332881,Spain Bank #2650
332882,Netherlands Bank #2206
332883,Greece Bank #3134
332884,Germany Bank #4105
332886,Germany Bank #3281
332887,Portugal Bank #2106
332888,Oasis Savings Bank
332889,Golden Trust Bank
332890,Sappo Bancorp
332891,First Bank of the North
332892,Plandor Federal Bank
332894,National Bank of Laramie
332900,Bank of Seattle
332901,Mountain Federal Bank
332902,Oasis Bank
332903,Baltech Bank
332905,Savings Bank of Butte
332906,Mountain Cooperative Bank
332911,Sappo Thrift
332913,Desert Credit Union
332914,First Bank of Miami
332915,Bank of Sacramento
332916,Acme Thrift
332917,Baltech Savings Bank
332918,Savings Bank of Newport
332919,Hilltop Federal Bank
332920,National Bank of Springfield
332921,Regents Trust Bank
332923,Bank of Denver
332926,Savings Bank of New Orleans
332927,First Bank of Dallas
332931,First Bank of New Orleans
332933,Future Savings Bank
332938,National Bank of New Orleans
332939,Bank of Detroit
332940,Spruce Community Bank
332941,Hilltop Community Bank
332942,Bank of Milford
332944,Sunrise Savings Bank
332946,Savings Bank of Fort Wayne
332950,City National Federal Bank
332952,The Pine Trust Bank
332953,Oasis Savings Bank
332959,Plandor Community Bank
332961,Bank of Philadelphia
332962,Savings Bank of Harrisburg
332963,Bank of Houston
332966,Savings Bank of Topeka
332967,National Bank of Portland
332968,First Bank of Butte
332972,National Bank of Sacramento
332973,Bank of Seattle
332975,Savings Bank of Watertown
332976,First Bank of Bridgeport
332977,Savings Bank of Lacrosse
332978,Savings Bank of Cleveland
332979,Savings Bank of Fairfield
332981,France Bank #5794
332983,Spain Bank #4906
332985,Bank of Boston
332989,Mexico Bank #102
332994,Mexico Bank #423
332995,Mexico Bank #248
333002,First Bank of Laramie
333003,Savings Bank of Cleveland
333004,Bank of Springfield
333006,Flagstone Community Bank
333007,Bank of the South
333008,Savings Bank of the South
333009,Acme Federal Bank
333010,Brook Savings Bank
333011,Mexico Bank #296
333012,Mexico Bank #700
333015,Mexico Bank #6
333016,Mexico Bank #176
333017,Mexico Bank #103
333019,National Bank of Columbus
333023,Mexico Bank #104
333024,Mexico Bank #543
333025,Mexico Bank #165
333027,Germany Bank #3282
333028,Italy Bank #4077
333029,Mexico Bank #254
333030,Mexico Bank #327
333031,Savings Bank of Plattsburg
333033,Mexico Bank #707
333036,Mexico Bank #162
333040,Mexico Bank #110
333041,Mexico Bank #143
333042,Mexico Bank #568
333043,Mexico Bank #730
333044,Mexico Bank #114
333046,Mexico Bank #168
333047,Mexico Bank #694
333048,Mexico Bank #201
333049,Mexico Bank #266
333053,Mexico Bank #109
333054,Mexico Bank #194
333055,Mexico Bank #120
333057,Mexico Bank #408
333058,Mexico Bank #403
333061,France Bank #2290
333065,Spain Bank #3133
333066,Germany Bank #4439
333067,Spain Bank #3703
333070,Austria Bank #3780
333076,First Bank of Portland
333079,First Bank of Arkadelphia
333080,First Bank of Harrisburg
333082,Bank of the North
333084,First Bank of Providence
333085,Sunrise Trust Bank
333086,Oasis Credit Union
333089,First Bank of Newport
333091,Germany Bank #2111
333092,France Bank #6175
333094,National Bank of Houston
333096,Italy Bank #5641
333097,Spruce Cooperative Bank
333098,Savings Bank of Plattsburg
333100,Germany Bank #3652
333101,National Bank of Albany
333103,Savings Bank of Houston
333104,Bank of Seattle
333106,Brownstone Federal Bank
333107,Italy Bank #2112
333112,Brownstone Bank
333115,First Bank of Topeka
333116,France Bank #2113
333117,France Bank #5693
333118,Netherlands Bank #2114
333119,Regents Savings Bank
333123,Bank of Indianapolis
333124,Oak Bank
333127,First Bank of Watertown
333128,Flagstone Cooperative Bank
333131,Bank of Madison
333136,Oasis Trust Bank
333137,Bank of the East
333139,First Bank of Newport
333141,Hilltop Savings Bank
333143,Savings Bank of Billings
333144,First Bank of Bridgeport
333147,Plandor Trust Bank
333148,The Pine Community Bank
333151,Dawn Trust Bank
333152,First Bank of Tampa
333154,Plateau Bancorp
333157,National Bank of Lincoln
333159,Sunrise Thrift
333160,Bank of Houston
333162,National Bank of Billings
333164,First Bank of Los Angeles
333165,National Bank of Fairfield
333166,National Bank of Topeka
333167,First Bank of the East
333169,Bank of the North
333170,Savings Bank of Columbus
333171,Bank of Springfield
333173,Sunrise Trust Bank
333174,Savings Bank of Montpelier
333176,Bank of Billings
333178,First Bank of Springfield
333179,Bank of the West
333181,Savings Bank of Omaha
333182,City National Community Bank
333185,First Bank of Plattsburg
333186,Italy Bank #2115
333187,Italy Bank #2194
333189,Germany Bank #2116
333190,Ireland Bank #3486
333193,Spain Bank #5530
333195,Spain Bank #5111
333200,Mountain Bank
333201,Arbor Credit Union
333202,Desert Thrift
333203,Brook Federal Bank
333214,Savings Bank of Dallas
333215,Acme Cooperative Bank
333217,Spain Bank #3283
333219,Italy Bank #2118
333222,Germany Bank #3670
333223,France Bank #6029
333224,France Bank #4776
333225,Germany Bank #2903
333226,Germany Bank #3811
333227,Germany Bank #6335
333230,Mexico Bank #112
333231,Mexico Bank #531
333232,Mexico Bank #132
333233,Mexico Bank #247
333235,Mexico Bank #152
333236,Mexico Bank #113
333237,Mexico Bank #379
333239,Flagstone Community Bank
333244,Mexico Bank #131
333248,Mexico Bank #564
333251,Mexico Bank #116
333252,Mexico Bank #145
333253,Mexico Bank #117
333254,Mexico Bank #138
333255,Mexico Bank #118
333256,Mexico Bank #482
333257,Mexico Bank #203
333258,Mexico Bank #144
333260,Mexico Bank #119
333261,Mexico Bank #602
333262,Mexico Bank #575
333263,Mexico Bank #124
333266,Mexico Bank #128
333268,Mexico Bank #220
333272,Mexico Bank #490
333275,Mexico Bank #122
333277,Mexico Bank #123
333280,Mexico Bank #231
333281,Mexico Bank #291
333284,Mexico Bank #535
333285,Mexico Bank #127
333286,Mexico Bank #167
333288,Mexico Bank #170
333290,Mexico Bank #156
333293,Mexico Bank #133
333294,Mexico Bank #134
333299,National Bank of Laramie
333300,Bank of Chicago
333302,First Bank of Dallas
333307,Mexico Bank #146
333308,Mexico Bank #211
333309,Mexico Bank #461
333310,Mexico Bank #301
333312,Mexico Bank #567
333315,Mexico Bank #576
333318,Mexico Bank #157
333319,Mexico Bank #218
333322,Mexico Bank #139
333323,Mexico Bank #140
333324,Mexico Bank #136
333325,Mexico Bank #135
333327,Mexico Bank #292
333328,Mexico Bank #529
333330,Mexico Bank #137
333332,Mexico Bank #511
333334,Mexico Bank #142
333335,Mexico Bank #147
333339,Mexico Bank #608
333342,Mexico Bank #27
333343,Ireland Bank #2119
333344,Germany Bank #2120
333345,France Bank #5128
333346,Germany Bank #2239
333348,Mexico Bank #199
333349,Mexico Bank #239
333351,Mexico Bank #471
333352,Mexico Bank #148
333354,Mexico Bank #285
333356,Mexico Bank #174
333358,Mexico Bank #20
333359,Mexico Bank #21
333362,Spain Bank #2548
333364,Brownstone Savings Bank
333365,National Bank of Boston
333366,Bank of Tuscon
333370,National Bank of Harrisburg
333371,National Bank of Portsmouth
333372,Willows Credit Union
333374,Germany Bank #4873
333376,China Bank #772
333377,China Bank #546
333378,Ireland Bank #5876
333379,Germany Bank #2261
333381,China Bank #639
333383,Italy Bank #6142
333386,Germany Bank #3744
333387,Germany Bank #5730
333390,France Bank #5506
333391,France Bank #3370
333393,Finland Bank #2125
333395,China Bank #1059
333397,Spain Bank #2124
333399,Belgium Bank #2126
333401,Spain Bank #3257
333409,Bank of Columbus
333412,First Bank of Miami
333413,Willows Bank
333414,Mountain Bancorp
333416,National Bank of Tampa
333417,First Bank of Butte
333418,Savings Bank of Arkadelphia
333419,City National Trust Bank
333423,National Bank of Topeka
333424,Savings Bank of the South
333427,National Bank of Tampa
333428,Fieldstone Federal Bank
333430,Savings Bank of Los Angeles
333431,Bank of Tampa
333433,Italy Bank #2131
333436,Italy Bank #4615
333439,Spain Bank #3825
333443,Lithuania Bank #3209
333444,Italy Bank #2130
333445,Estonia Bank #5984
333446,Spain Bank #4037
333450,Spain Bank #3408
333451,Bank of Tuscon
333456,Bank of Pittsburgh
333458,Golden Bancorp
333461,National Bank of Lincoln
333465,Hearthstone Cooperative Bank
333468,China Bank #471
333469,China Bank #472
333470,China Bank #594
333475,Greece Bank #2757
333476,China Bank #473
333477,China Bank #747
333480,China Bank #941
333481,China Bank #468
333482,China Bank #1164
333483,China Bank #723
333485,Italy Bank #6195
333488,Bank of Fairfield
333489,Hilltop Cooperative Bank
333490,Bank of Cleveland
333491,National Bank of Bridgeport
333492,Bank of Denver
333493,Savings Bank of Billings
333495,Savings Bank of Houston
333498,Bank of Newbury
333499,National Bank of Augusta
333500,National Bank of Tuscon
333503,Plandor Trust Bank
333504,Spruce Federal Bank
333505,Golden Community Bank
333506,Arbor Federal Bank
333507,The Pine Cooperative Bank
333508,Bank of Miami
333510,Spain Bank #2296
333511,National Bank of Danbury
333514,Golden Cooperative Bank
333519,Bank of Tampa
333520,First Bank of Bridgeport
333522,Oak Community Bank
333523,Savings Bank of Fairfield
333529,Bank of Philadelphia
333532,Sea Thrift
333533,Bank of Cleveland
333534,Brook Bancorp
333536,Willows Trust Bank
333538,Bank of Billings
333542,First Bank of Cleveland
333543,National Bank of Danbury
333544,National Bank of Plattsburg
333546,Savings Bank of Springfield
333547,Savings Bank of Huron
333548,First Bank of Lincoln
333549,Bank of Cleveland
333550,Oak Thrift
333552,Mexico Bank #22
333554,Mexico Bank #630
333556,Dawn Bancorp
333557,National Bank of Topeka
333559,First Bank of Tuscon
333560,National Bank of Lincoln
333562,Savings Bank of Lacrosse
333564,Netherlands Bank #5436
333566,France Bank #2136
333567,Spain Bank #4882
333568,Portugal Bank #2137
333569,Spain Bank #5886
333570,Germany Bank #2613
333571,France Bank #5507
333574,First Bank of Danbury
333576,Brownstone Bancorp
333577,National Bank of Newbury
333578,Savings Bank of the North
333582,Savings Bank of Miami
333585,Mexico Bank #161
333586,Mexico Bank #689
333588,Mexico Bank #150
333589,Mexico Bank #456
333594,Mexico Bank #183
333595,Mexico Bank #233
333597,Mexico Bank #151
333598,First Bank of Houston
333604,Japan Bank #943
333605,Japan Bank #555
333606,Japan Bank #556
333609,Regents Bank
333611,Japan Bank #558
333613,Japan Bank #559
333618,Japan Bank #714
333621,Japan Bank #995
333623,Japan Bank #548
333627,Japan Bank #701
333629,Japan Bank #935
333632,Japan Bank #550
333633,Japan Bank #782
333635,Japan Bank #691
333637,Savings Bank of the Valley
333638,Japan Bank #625
333640,Japan Bank #552
333641,Japan Bank #553
333644,Japan Bank #1021
333649,Oasis Savings Bank
333651,National Bank of Newport
333652,Savings Bank of Lacrosse
333655,Oasis Community Bank
333656,Brownstone Bank
333657,First Bank of Portland
333659,Japan Bank #560
333660,Japan Bank #561
333664,Japan Bank #581
333666,Japan Bank #749
333668,Japan Bank #564
333669,Japan Bank #676
333671,Japan Bank #651
333672,Japan Bank #763
333674,Japan Bank #563
333676,Japan Bank #759
333677,Japan Bank #566
333678,Japan Bank #602
333680,Japan Bank #600
333682,Japan Bank #768
333683,Japan Bank #767
333687,Japan Bank #573
333693,Brownstone Bancorp
333694,Bank of Fairfield
333695,Japan Bank #570
333698,Japan Bank #634
333699,Japan Bank #652
333700,Japan Bank #1017
333703,Japan Bank #982
333706,Japan Bank #572
333710,Japan Bank #824
333712,Japan Bank #575
333714,Japan Bank #576
333719,Japan Bank #577
333721,Japan Bank #594
333724,First Bank of Tuscon
333725,National Bank of the East
333726,Savings Bank of Columbus
333730,Desert Savings Bank
333733,Japan Bank #17
333734,Japan Bank #937
333736,Japan Bank #737
333737,Japan Bank #910
333739,Japan Bank #585
333740,Japan Bank #586
333741,Japan Bank #778
333742,Savings Bank of Harrisburg
333743,Italy Bank #4043
333744,Spain Bank #6423
333747,Bank of Seattle
333749,First Bank of Detroit
333750,Savings Bank of Montpelier
333751,National Bank of Newbury
333756,Japan Bank #589
333757,Japan Bank #607
333760,Japan Bank #608
333762,Japan Bank #989
333763,Japan Bank #590
333766,Japan Bank #740
333767,Japan Bank #597
333770,Japan Bank #27
333771,Japan Bank #592
333772,Japan Bank #593
333774,Japan Bank #665
333775,Japan Bank #673
333779,Japan Bank #802
333784,Japan Bank #718
333786,Japan Bank #719
333787,Japan Bank #733
333788,Japan Bank #596
333789,Japan Bank #717
333790,Japan Bank #1005
333791,Japan Bank #601
333795,Japan Bank #977
333796,Japan Bank #599
333799,First Bank of Tampa
333800,Plateau Thrift
333802,First Bank of Houston
333805,Mexico Bank #25
333808,Mexico Bank #280
333811,Mexico Bank #501
333814,Mexico Bank #658
333815,Mexico Bank #160
333817,Mexico Bank #510
333818,Mexico Bank #679
333819,Mexico Bank #28
333821,Mexico Bank #153
333823,Mexico Bank #249
333827,Mexico Bank #342
333829,Mexico Bank #228
333830,Mexico Bank #154
333833,Mexico Bank #155
333834,Mexico Bank #508
333835,Mexico Bank #169
333839,Mexico Bank #599
333842,Mexico Bank #287
333843,Mexico Bank #226
333845,National Bank of Madison
333847,Germany Bank #2139
333848,Netherlands Bank #3225
333849,Italy Bank #5041
333851,France Bank #3572
333852,France Bank #5209
333854,Italy Bank #4106
333855,Germany Bank #2140
333856,Spain Bank #3620
333857,Germany Bank #4321
333858,Germany Bank #2142
333860,Germany Bank #2555
333861,Germany Bank #3405
333862,Estonia Bank #5860
333863,Acme Thrift
333864,Bank of Pittsburgh
333867,Capital Cooperative Bank
333868,Golden Savings Bank
333870,Spain Bank #2143
333871,Germany Bank #3778
333873,Italy Bank #4039
333874,Germany Bank #3503
333875,Savings Bank of Philadelphia
333876,Germany Bank #5473
333878,Germany Bank #5918
333884,Plandor Bancorp
333887,Mountain Bank
333889,National Bank of Bridgeport
333895,France Bank #3211
333896,Finland Bank #3582
333899,National Bank of Lacrosse
333902,Bank of Seattle
333904,First Bank of Augusta
333905,National Bank of Laramie
333906,Regents Thrift
333907,Mexico Bank #609
333910,Mexico Bank #318
333911,Mexico Bank #284
333912,Mexico Bank #158
333913,Mexico Bank #159
333916,Mexico Bank #701
333917,Mexico Bank #644
333920,Mexico Bank #195
333923,Mexico Bank #315
333924,Mexico Bank #229
333925,Mexico Bank #678
333931,Mexico Bank #597
333932,Mexico Bank #459
333934,Mexico Bank #171
333938,Mexico Bank #172
333941,Flagstone Bank
333943,Bank of Madison
333946,Mexico Bank #196
333947,Mexico Bank #173
333948,India Bank #918
333951,Mexico Bank #163
333953,Mexico Bank #175
333955,Mexico Bank #7
333956,Mexico Bank #202
333957,Mexico Bank #695
333958,Mexico Bank #166
333960,Mexico Bank #489
333965,Mexico Bank #649
333966,Mexico Bank #177
333967,Mexico Bank #268
333970,Mexico Bank #179
333971,Mexico Bank #632
333973,Mountain Cooperative Bank
333975,Bank of Portsmouth
333978,Mexico Bank #178
333980,Mexico Bank #180
333981,Mexico Bank #572
333987,Mexico Bank #577
333988,Mexico Bank #256
333989,Mexico Bank #190
333993,Mexico Bank #181
333996,Acme Bancorp
333998,National Bank of Indianapolis
333999,National Bank of Dallas
334000,Mexico Bank #230
334002,Mexico Bank #232
334006,Mexico Bank #234
334007,Mexico Bank #191
334009,Bank of Bridgeport
334010,Mexico Bank #182
334011,Mexico Bank #235
334015,Bank of Danbury
334016,Acme Trust Bank
334019,France Bank #2149
334021,Spain Bank #2146
334022,Italy Bank #2938
334026,France Bank #2147
334027,Germany Bank #6326
334029,Germany Bank #2574
334030,Netherlands Bank #5850
334038,Mexico Bank #184
334039,Mexico Bank #185
334042,Mexico Bank #634
334044,Mexico Bank #225
334045,Mexico Bank #242
334047,Slovenia Bank #3704
334050,Mexico Bank #193
334051,Mexico Bank #236
334052,Mexico Bank #12
334053,Mexico Bank #728
334054,Mexico Bank #656
334055,Mexico Bank #186
334056,Mexico Bank #610
334058,UK Bank #1127
334060,Mexico Bank #671
334063,Mexico Bank #641
334065,Mexico Bank #237
334066,Mexico Bank #263
334070,Mexico Bank #238
334075,Mexico Bank #258
334077,Mexico Bank #187
334079,Mexico Bank #188
334081,Mexico Bank #295
334082,Mexico Bank #472
334084,Mexico Bank #545
334085,Mexico Bank #192
334091,Mexico Bank #687
334092,Mexico Bank #223
334093,Mexico Bank #462
334094,Mexico Bank #189
334096,Mexico Bank #570
334098,Mexico Bank #457
334102,Mexico Bank #571
334103,Mexico Bank #210
334104,Mexico Bank #534
334106,Mexico Bank #313
334107,Mexico Bank #509
334110,Mexico Bank #704
334111,Mexico Bank #711
334113,Mexico Bank #526
334114,Mexico Bank #685
334116,Bank of Cleveland
334117,Sea Cooperative Bank
334118,Sunrise Bank
334122,Hilltop Thrift
334124,National Bank of Chicago
334125,National Bank of Phoenix
334129,Heath Community Bank
334130,Savings Bank of Newbury
334133,Willows Federal Bank
334134,Brook Federal Bank
334135,First Bank of Los Angeles
334136,First Bank of Madison
334138,First Bank of Boston
334141,Mexico Bank #484
334142,Mexico Bank #262
334143,National Bank of Seattle
334144,Mexico Bank #240
334145,Mexico Bank #215
334146,Mexico Bank #672
334150,National Bank of Portland
334152,Desert Credit Union
334153,First Bank of Huron
334158,National Bank of Miami
334159,First Bank of the West
334162,Hearthstone Credit Union
334163,National Bank of Los Angeles
334166,National Bank of Plattsburg
334167,National Bank of the North
334168,Bank of Augusta
334170,National Bank of Newport
334171,National Bank of Los Angeles
334174,National Bank of Lacrosse
334176,Savings Bank of Tuscon
334178,Savings Bank of Lacrosse
334179,First Bank of Huron
334182,Mexico Bank #624
334185,Mexico Bank #348
334189,Netherlands Bank #2150
334190,Portugal Bank #4986
334191,Portugal Bank #3160
334192,Mexico Bank #244
334193,Mexico Bank #491
334194,Mexico Bank #684
334198,Savings Bank of Columbus
334199,Mexico Bank #681
334202,Mexico Bank #282
334203,Mexico Bank #314
334208,Mexico Bank #200
334212,National Bank of Plattsburg
334215,Mexico Bank #631
334216,Mexico Bank #205
334217,National Bank of the North
334220,Mexico Bank #405
334222,Mexico Bank #468
334224,Mexico Bank #720
334226,Mexico Bank #206
334227,Mexico Bank #390
334229,Mexico Bank #677
334231,Oasis Cooperative Bank
334232,Mexico Bank #204
334233,Mexico Bank #331
334235,Mexico Bank #207
334236,Mexico Bank #477
334237,Mexico Bank #587
334241,Mexico Bank #612
334244,Mexico Bank #208
334245,Mexico Bank #311
334247,Mexico Bank #209
334248,Mexico Bank #212
334249,Mexico Bank #352
334250,Mexico Bank #659
334251,Fieldstone Trust Bank
334255,Mexico Bank #514
334256,Mexico Bank #300
334260,Mexico Bank #294
334262,Mexico Bank #241
334263,Mexico Bank #219
334264,Mexico Bank #250
334265,Mexico Bank #682
334268,Mexico Bank #303
334280,Ireland Bank #2153
334281,Austria Bank #4667
334282,Bank of Columbus
334287,France Bank #6346
334293,France Bank #2154
334294,Oak Thrift
334295,Savings Bank of Albany
334297,Bank of Portland
334298,Savings Bank of the North
334299,Sappo Thrift
334300,City National Savings Bank
334301,First Bank of Detroit
334305,First Bank of Portsmouth
334307,Brownstone Credit Union
334308,Bank of Phoenix
334311,Bank of Portland
334312,Sea Credit Union
334313,Germany Bank #3121
334315,Bank of Montpelier
334316,Savings Bank of the East
334319,Italy Bank #3516
334321,Italy Bank #2156
334322,Germany Bank #2157
334323,Germany Bank #3621
334326,Baltech Credit Union
334327,Mexico Bank #213
334328,Mexico Bank #214
334329,Mexico Bank #601
334330,Mexico Bank #598
334332,Mexico Bank #422
334333,Mexico Bank #216
334334,Mexico Bank #217
334335,Mexico Bank #9
334337,Mexico Bank #533
334339,Mexico Bank #664
334341,Mexico Bank #350
334344,Savings Bank of Philadelphia
334345,Savings Bank of Plattsburg
334346,Heath Thrift
334347,First Bank of Tampa
334348,First Bank of New York
334349,First Bank of Indianapolis
334351,First Bank of Lacrosse
334353,Plandor Community Bank
334354,First Bank of Laramie
334356,National Bank of Augusta
334357,Heath Thrift
334358,Bank of Providence
334359,National Bank of Los Angeles
334362,France Bank #2640
334363,Brownstone Federal Bank
334364,Bank of Laramie
334365,Savings Bank of Boston
334366,The Pine Community Bank
334367,National Bank of Newport
334369,National Bank of Plattsburg
334370,National Bank of Newbury
334372,First Bank of Providence
334373,Bank of Detroit
334375,National Bank of Springfield
334377,Brook Savings Bank
334380,Bank of Los Angeles
334381,Future Federal Bank
334382,Bank of Portsmouth
334385,Savings Bank of Detroit
334386,Savings Bank of Indianapolis
334387,Heath Trust Bank
334388,Mexico Bank #654
334389,Mexico Bank #713
334391,Mexico Bank #362
334392,Mexico Bank #267
334394,Mexico Bank #416
334396,Mexico Bank #615
334400,Germany Bank #6169
334402,Mexico Bank #376
334404,Mexico Bank #293
334405,Mexico Bank #683
334409,Mexico Bank #611
334410,Mexico Bank #224
334411,Mexico Bank #487
334414,Mexico Bank #588
334415,Mexico Bank #594
334419,China Bank #798
334420,China Bank #477
334421,China Bank #1120
334422,China Bank #784
334426,China Bank #495
334429,Mexico Bank #221
334430,Mexico Bank #222
334431,Mexico Bank #289
334433,Mexico Bank #227
334434,Mexico Bank #725
334437,Mexico Bank #328
334438,Mexico Bank #724
334441,France Bank #5323
334442,Italy Bank #6275
334444,Finland Bank #2173
334445,France Bank #2159
334446,Italy Bank #2174
334447,Ireland Bank #4445
334448,Spain Bank #2161
334449,Germany Bank #2754
334450,Willows Bank
334454,Germany Bank #3284
334455,Lithuania Bank #4607
334456,France Bank #5878
334457,Italy Bank #2175
334459,Spain Bank #2584
334461,France Bank #5882
334462,Spain Bank #3671
334463,Finland Bank #2165
334464,Slovenia Bank #2167
334469,Italy Bank #2283
334470,Spain Bank #6004
334472,France Bank #2168
334474,Slovakia Bank #4104
334477,Germany Bank #5441
334479,France Bank #3541
334482,Greece Bank #6403
334483,Germany Bank #2170
334484,France Bank #2470
334485,Germany Bank #2801
334486,Finland Bank #5746
334487,Italy Bank #4877
334490,France Bank #4041
334495,Spain Bank #3175
334496,Spain Bank #2172
334497,Netherlands Bank #5532
334498,France Bank #2188
334499,Belgium Bank #6299
334501,Croatia Bank #5877
334503,Italy Bank #3464
334506,Spain Bank #5105
334507,Germany Bank #5442
334508,Italy Bank #5106
334514,Spain Bank #2295
334515,Luxembourg Bank #3350
334518,Italy Bank #2179
334520,Mexico Bank #333
334521,Mexico Bank #335
334523,National Bank of Dallas
334524,Mexico Bank #317
334525,Mexico Bank #665
334526,Mexico Bank #708
334527,Oak Bank
334533,Oak Trust Bank
334535,Savings Bank of Dallas
334536,National Bank of Cleveland
334538,First Bank of the East
334541,Capital Trust Bank
334542,City National Savings Bank
334547,Mexico Bank #309
334550,Mexico Bank #616
334551,Mexico Bank #453
334553,Mexico Bank #492
334557,Mexico Bank #245
334558,Mexico Bank #392
334559,Mexico Bank #252
334560,Mexico Bank #638
334561,Mexico Bank #310
334562,Mexico Bank #253
334563,Mexico Bank #246
334564,Mexico Bank #259
334565,Mexico Bank #528
334566,Mexico Bank #356
334569,Mexico Bank #547
334570,Mexico Bank #512
334572,Mexico Bank #675
334579,Mexico Bank #255
334582,Mexico Bank #343
334583,Mexico Bank #650
334584,Mexico Bank #454
334586,Mexico Bank #544
334589,Mexico Bank #257
334590,Mexico Bank #516
334592,Mexico Bank #272
334595,Bank of Newbury
334596,Mexico Bank #540
334597,Mexico Bank #439
334599,Mexico Bank #666
334600,Mexico Bank #261
334601,Mexico Bank #264
334602,Mexico Bank #688
334604,Mexico Bank #479
334606,Mexico Bank #265
334607,Mexico Bank #297
334611,Mexico Bank #375
334613,Mexico Bank #530
334616,Mexico Bank #270
334619,Mexico Bank #455
334620,Mexico Bank #271
334621,Mexico Bank #323
334623,Mexico Bank #269
334624,Mexico Bank #467
334627,Mexico Bank #674
334628,Mexico Bank #517
334629,Mexico Bank #619
334630,Mexico Bank #735
334633,First Bank of Indianapolis
334638,Mexico Bank #739
334639,Mexico Bank #691
334640,Mexico Bank #625
334641,Mexico Bank #290
334643,Mexico Bank #273
334644,Mexico Bank #710
334645,Mexico Bank #359
334646,Mexico Bank #368
334647,Mexico Bank #278
334650,Mexico Bank #274
334654,National Bank of Dallas
334655,Mexico Bank #648
334659,Mexico Bank #276
334660,Mexico Bank #275
334661,Mexico Bank #277
334662,Mexico Bank #613
334664,Mexico Bank #556
334665,Mexico Bank #398
334667,Mexico Bank #595
334669,Mexico Bank #410
334670,Mexico Bank #279
334672,Mexico Bank #361
334673,Mexico Bank #389
334674,Mexico Bank #305
334675,Savings Bank of Tuscon
334678,First Bank of Augusta
334680,National Bank of Los Angeles
334681,National Bank of New York
334682,National Bank of New Orleans
334683,First Bank of Chicago
334685,Savings Bank of Philadelphia
334688,Fieldstone Federal Bank
334691,Mexico Bank #360
334692,Mexico Bank #635
334693,Mexico Bank #11
334694,Mexico Bank #690
334697,Mexico Bank #325
334698,Oak Cooperative Bank
334701,Mexico Bank #555
334702,Mexico Bank #696
334704,Mexico Bank #286
334706,Mexico Bank #651
334707,Mexico Bank #642
334712,Mexico Bank #652
334713,Mexico Bank #483
334714,Mexico Bank #397
334716,Mexico Bank #448
334717,Mexico Bank #458
334719,Mexico Bank #551
334720,Mexico Bank #334
334723,Mexico Bank #464
334724,Mexico Bank #660
334725,Mexico Bank #480
334726,Mexico Bank #731
334727,Mexico Bank #288
334728,Mexico Bank #391
334732,Mexico Bank #353
334735,Mexico Bank #722
334740,Mexico Bank #712
334743,Mexico Bank #306
334745,Mexico Bank #438
334750,Mexico Bank #485
334752,Mexico Bank #706
334753,Mexico Bank #432
334756,Mexico Bank #298
334759,Mexico Bank #299
334761,Mexico Bank #717
334762,Mexico Bank #733
334765,Mexico Bank #573
334767,Bank of Providence
334768,Austria Bank #2181
334769,Mexico Bank #302
334771,Mexico Bank #374
334772,Mexico Bank #304
334773,Mexico Bank #463
334776,Canada Bank #432
334779,Mexico Bank #366
334780,Mexico Bank #614
334781,Mexico Bank #354
334783,Mexico Bank #312
334784,Mexico Bank #499
334785,Mexico Bank #407
334788,Mexico Bank #633
334789,Mexico Bank #308
334790,Mexico Bank #316
334796,Mexico Bank #525
334799,Mexico Bank #686
334800,Mexico Bank #322
334802,Mexico Bank #522
334806,Mexico Bank #495
334807,Mexico Bank #590
334808,Mexico Bank #319
334809,Mexico Bank #349
334811,Savings Bank of Arkadelphia
334814,Mexico Bank #473
334815,Mexico Bank #661
334817,Netherlands Bank #2182
334818,Mexico Bank #320
334819,Mexico Bank #579
334820,Mexico Bank #486
334822,Mexico Bank #519
334824,Mexico Bank #469
334825,Mexico Bank #326
334826,Mexico Bank #330
334827,Mexico Bank #745
334828,Mexico Bank #622
334830,Mexico Bank #332
334831,Mexico Bank #502
334833,Mexico Bank #721
334834,Mexico Bank #734
334837,Mexico Bank #693
334838,Mexico Bank #321
334839,Mexico Bank #552
334840,Mexico Bank #324
334841,Mexico Bank #506
334842,Mexico Bank #344
334844,Mexico Bank #716
334845,Mexico Bank #494
334847,Mexico Bank #329
334852,Baltech Bancorp
334853,Willows Cooperative Bank
334854,Baltech Trust Bank
334855,Mexico Bank #345
334856,China Bank #557
334857,China Bank #973
334859,China Bank #606
334860,China Bank #598
334861,China Bank #479
334865,China Bank #481
334866,China Bank #553
334868,China Bank #1115
334869,China Bank #592
334870,China Bank #1108
334873,China Bank #501
334874,China Bank #483
334876,China Bank #1046
334878,China Bank #496
334879,China Bank #555
334883,China Bank #758
334884,China Bank #487
334886,China Bank #1156
334890,Brownstone Savings Bank
334894,China Bank #1157
334895,China Bank #499
334897,Mexico Bank #347
334899,Mexico Bank #341
334901,Mexico Bank #505
334902,Mexico Bank #623
334903,Mexico Bank #340
334904,Mexico Bank #336
334905,Mexico Bank #337
334906,Mexico Bank #338
334908,Mexico Bank #339
334910,Mexico Bank #643
334915,Mexico Bank #401
334916,Mexico Bank #450
334920,Mexico Bank #680
334922,Mexico Bank #742
334926,Mexico Bank #364
334928,Mexico Bank #372
334929,Mexico Bank #351
334931,Mexico Bank #702
334933,First Bank of Pittsburgh
334935,National Bank of Los Angeles
334937,Bank of Portland
334938,Bank of Portland
334939,Brownstone Bancorp
334940,Bank of Montpelier
334941,Mexico Bank #365
334945,Mexico Bank #355
334947,Mexico Bank #697
334948,Mexico Bank #705
334949,Mexico Bank #357
334951,Mexico Bank #358
334952,Mexico Bank #481
334954,Mexico Bank #557
334960,Mexico Bank #411
334961,Mexico Bank #363
334964,India Bank #745
334965,Mexico Bank #427
334967,Mexico Bank #367
334968,Future Bancorp
334969,Bank of Houston
334971,Bank of Topeka
334972,National Bank of Augusta
334973,National Bank of New York
334974,National Bank of the Valley
334976,Mexico Bank #541
334978,Mexico Bank #662
334979,Mexico Bank #496
334986,Arbor Cooperative Bank
334987,Plateau Cooperative Bank
334988,Flagstone Bancorp
334989,First Bank of Lacrosse
334990,First Bank of Plattsburg
334991,Bank of Omaha
334995,Mexico Bank #377
334996,Mexico Bank #369
334998,Mexico Bank #600
334999,Mexico Bank #378
335000,Mexico Bank #370
335001,Mexico Bank #737
335007,National Bank of the South
335008,Bank of Indianapolis
335009,Savings Bank of Denver
335010,Fieldstone Federal Bank
335011,National Bank of Boston
335014,Bank of Butte
335016,National Bank of Madison
335017,Bank of Madison
335018,First Bank of Los Angeles
335022,Mexico Bank #523
335024,Mexico Bank #626
335025,Mexico Bank #373
335026,Mexico Bank #371
335027,Mexico Bank #726
335032,Mexico Bank #546
335033,Mexico Bank #732
335037,Mexico Bank #518
335038,Bank of the West
335042,China Bank #766
335043,China Bank #994
335044,Mexico Bank #475
335045,Mexico Bank #553
335048,Mexico Bank #736
335049,Mexico Bank #542
335051,Mexico Bank #645
335054,Mexico Bank #466
335055,Mexico Bank #718
335056,Mexico Bank #419
335057,Mexico Bank #435
335059,Mexico Bank #380
335060,Mexico Bank #381
335063,Mexico Bank #382
335065,Mexico Bank #746
335068,Mexico Bank #515
335070,Mexico Bank #386
335072,Mexico Bank #524
335074,Heath Cooperative Bank
335075,Mexico Bank #537
335076,Mexico Bank #532
335078,Mexico Bank #384
335079,Mexico Bank #653
335080,Mexico Bank #383
335084,Mexico Bank #743
335088,First Bank of Columbus
335090,Mexico Bank #385
335091,Mexico Bank #698
335094,Mexico Bank #387
335095,Mexico Bank #673
335099,Mexico Bank #34
335101,Mexico Bank #503
335103,France Bank #5396
335105,France Bank #2184
335107,Greece Bank #4267
335108,Slovenia Bank #3560
335110,Portugal Bank #2185
335112,Mexico Bank #719
335113,Mexico Bank #554
335114,Mexico Bank #393
335115,Mexico Bank #394
335116,Mexico Bank #740
335118,Mexico Bank #548
335120,Mexico Bank #709
335127,Mexico Bank #603
335128,Mexico Bank #449
335129,Mexico Bank #399
335130,Mexico Bank #497
335131,Mexico Bank #470
335133,Mexico Bank #396
335134,Mexico Bank #400
335135,Mexico Bank #715
335138,Mexico Bank #406
335139,Mexico Bank #744
335142,Mexico Bank #513
335143,Mexico Bank #428
335144,Brazil Bank #33
335145,Brazil Bank #341
335146,China Bank #1130
335147,Brazil Bank #342
335148,Brazil Bank #34
335149,Brazil Bank #32
335153,Brazil Bank #370
335154,Brazil Bank #36
335158,Brazil Bank #367
335160,Brazil Bank #46
335161,Brazil Bank #383
335162,Brazil Bank #35
335163,Brazil Bank #37
335167,Mexico Bank #404
335168,Mexico Bank #402
335170,Mexico Bank #409
335172,Mexico Bank #5
335174,Mexico Bank #434
335175,Mexico Bank #412
335176,Mexico Bank #413
335180,Italy Bank #5659
335181,Mexico Bank #436
335182,Mexico Bank #414
335187,Mexico Bank #415
335188,Mexico Bank #478
335190,Mexico Bank #500
335192,Mexico Bank #538
335193,Mexico Bank #493
335194,Mexico Bank #592
335197,Mexico Bank #646
335198,Mexico Bank #460
335199,Mexico Bank #670
335201,China Bank #656
335202,China Bank #827
335209,First Bank of Springfield
335210,Sappo Trust Bank
335214,Bank of the East
335219,China Bank #1100
335220,China Bank #502
335224,China Bank #503
335227,China Bank #504
335228,Mexico Bank #549
335232,Mexico Bank #636
335233,Mexico Bank #424
335235,Mexico Bank #738
335236,Mexico Bank #425
335241,Mexico Bank #618
335245,Mexico Bank #536
335249,Mexico Bank #474
335251,Mexico Bank #417
335252,Mexico Bank #692
335253,Mexico Bank #669
335254,Mexico Bank #426
335255,Mexico Bank #604
335256,Mexico Bank #418
335258,Mexico Bank #430
335259,National Bank of Laramie
335260,Mexico Bank #668
335261,Willows Savings Bank
335262,Willows Bank
335264,Savings Bank of Denver
335267,Savings Bank of Topeka
335269,Mexico Bank #578
335273,Mexico Bank #421
335275,Mexico Bank #703
335278,Mexico Bank #520
335280,Mexico Bank #429
335281,Mexico Bank #593
335282,Mexico Bank #431
335285,Mexico Bank #527
335286,Mexico Bank #747
335287,Mexico Bank #727
335289,Mexico Bank #637
335292,Brownstone Savings Bank
335293,Mountain Bank
335296,First Bank of Columbus
335299,Mountain Bancorp
335300,Hilltop Community Bank
335301,Savings Bank of Sacramento
335303,Savings Bank of Augusta
335305,Savings Bank of Miami
335307,Dawn Cooperative Bank
335311,First Bank of Bridgeport
335315,Mexico Bank #723
335320,Mexico Bank #699
335321,Mexico Bank #663
335322,Mexico Bank #437
335324,Mexico Bank #558
335325,Mexico Bank #741
335326,Mexico Bank #627
335328,Mexico Bank #714
335329,Mexico Bank #488
335332,Mexico Bank #446
335333,Mexico Bank #498
335335,Mexico Bank #628
335337,Mexico Bank #507
335338,Mexico Bank #41
335340,Mexico Bank #729
335342,Mexico Bank #447
335343,Mexico Bank #676
335344,Brazil Bank #355
335345,Brazil Bank #45
335346,Oasis Thrift
335347,Brazil Bank #38
335350,Brazil Bank #3
335351,Brazil Bank #42
335353,Brazil Bank #317
335355,Brazil Bank #39
335356,Brazil Bank #54
335362,Brazil Bank #40
335363,Brazil Bank #333
335365,Brazil Bank #83
335366,Brazil Bank #51
335368,Brazil Bank #41
335369,Brazil Bank #65
335374,Japan Bank #681
335379,Brazil Bank #368
335384,Brazil Bank #44
335385,Brazil Bank #285
335387,Brazil Bank #47
335390,Brazil Bank #43
335393,Brazil Bank #293
335394,Brazil Bank #52
335401,Brazil Bank #57
335402,Brazil Bank #388
335404,Brazil Bank #369
335405,Brazil Bank #94
335406,Brazil Bank #96
335409,Brazil Bank #48
335410,Brazil Bank #103
335414,Brazil Bank #327
335415,Brazil Bank #56
335416,Brazil Bank #14
335422,Brazil Bank #385
335428,Brazil Bank #82
335429,Brazil Bank #53
335430,Brazil Bank #55
335432,Brazil Bank #72
335433,Brazil Bank #334
335434,Brazil Bank #50
335435,Brazil Bank #49
335438,Brazil Bank #330
335440,Brazil Bank #416
335443,National Bank of Butte
335446,Sunrise Cooperative Bank
335447,Sea Community Bank
335448,Brazil Bank #363
335449,Brazil Bank #403
335455,France Bank #5896
335457,Brazil Bank #74
335459,Brazil Bank #121
335460,Brazil Bank #85
335462,Brazil Bank #58
335463,Brazil Bank #80
335466,Brazil Bank #59
335468,Brazil Bank #279
335469,Brazil Bank #60
335470,Brazil Bank #67
335473,Brazil Bank #61
335474,Brazil Bank #373
335476,Brazil Bank #90
335482,Brazil Bank #99
335483,Brazil Bank #352
335484,Brazil Bank #75
335488,Golden Savings Bank
335489,National Bank of Springfield
335490,National Bank of Boston
335492,National Bank of Miami
335495,China Bank #803
335496,China Bank #726
335503,China Bank #1065
335506,Brazil Bank #371
335507,Germany Bank #2186
335508,Germany Bank #2291
335509,Brazil Bank #167
335511,China Bank #509
335514,China Bank #1098
335517,China Bank #508
335519,Brazil Bank #18
335521,Brazil Bank #62
335522,Brazil Bank #76
335523,Brazil Bank #63
335524,Brazil Bank #110
335525,Brazil Bank #106
335528,Brazil Bank #64
335529,Brazil Bank #186
335530,Brazil Bank #117
335531,Brazil Bank #77
335533,Brazil Bank #123
335534,Brazil Bank #127
335539,Brazil Bank #66
335543,Brazil Bank #87
335546,Brazil Bank #100
335551,Brook Bancorp
335552,Bank of Miami
335553,Bank of Lincoln
335554,Savings Bank of Augusta
335557,First Bank of Topeka
335563,National Bank of Houston
335568,Brazil Bank #68
335569,Brazil Bank #156
335571,Brazil Bank #283
335572,Brazil Bank #69
335573,Brazil Bank #93
335574,Brazil Bank #88
335576,Brazil Bank #405
335577,Brazil Bank #71
335578,Brazil Bank #345
335579,Brazil Bank #390
335580,Brazil Bank #225
335581,Brazil Bank #374
335582,Brazil Bank #78
335584,First Bank of Danbury
335586,Brazil Bank #70
335589,Brazil Bank #73
335590,Brazil Bank #102
335591,Brazil Bank #389
335593,Brazil Bank #372
335594,Brazil Bank #86
335595,Brazil Bank #107
335596,Brazil Bank #81
335600,First Bank of Dallas
335601,Brazil Bank #108
335603,Brazil Bank #281
335604,Brazil Bank #79
335605,Brazil Bank #169
335606,Brazil Bank #252
335607,Brazil Bank #84
335613,Brazil Bank #89
335614,Brazil Bank #104
335615,Brazil Bank #343
335616,Brazil Bank #261
335617,Brazil Bank #113
335619,Brazil Bank #17
335621,Brazil Bank #188
335623,Flagstone Federal Bank
335624,First Bank of Tuscon
335627,Sea Bank
335628,Brazil Bank #321
335629,Brazil Bank #396
335630,Brazil Bank #124
335632,Brazil Bank #382
335634,Brazil Bank #328
335637,City National Bank
335639,Brazil Bank #255
335641,Brazil Bank #130
335645,Brazil Bank #153
335647,Brazil Bank #265
335654,National Bank of Providence
335657,Brazil Bank #109
335658,Brazil Bank #179
335661,Brazil Bank #91
335662,Brazil Bank #141
335665,Brazil Bank #378
335667,Germany Bank #5796
335668,Willows Thrift
335669,National Bank of Portland
335672,National Bank of Fort Wayne
335673,Brazil Bank #326
335676,Brazil Bank #128
335677,Brazil Bank #95
335678,Brazil Bank #111
335680,Brazil Bank #173
335682,Brazil Bank #92
335687,Brazil Bank #335
335688,Brazil Bank #395
335689,Brazil Bank #101
335692,Brazil Bank #116
335695,Brazil Bank #97
335696,Brazil Bank #425
335698,Brazil Bank #136
335699,Brazil Bank #98
335700,Brazil Bank #381
335703,Brazil Bank #433
335705,Brazil Bank #331
335706,Brazil Bank #312
335708,Brazil Bank #105
335709,Bank of Tampa
335711,Brazil Bank #418
335712,Brazil Bank #344
335716,Hilltop Trust Bank
335717,Hilltop Bancorp
335720,Bank of Huron
335721,Flagstone Savings Bank
335722,National Bank of Milford
335723,National Bank of Columbus
335725,The Pine Trust Bank
335726,National Bank of Tuscon
335727,Savings Bank of Watertown
335731,Bank of Hartford
335732,National Bank of Plattsburg
335733,Bank of Omaha
335734,Acme Community Bank
335736,Bank of Newbury
335738,Spruce Trust Bank
335744,Bank of the Valley
335747,France Bank #6404
335748,Finland Bank #6091
335750,Sappo Federal Bank
335752,National Bank of Los Angeles
335754,National Bank of the South
335755,National Bank of Plattsburg
335757,Hilltop Bancorp
335759,Bank of Detroit
335762,Golden Bancorp
335763,Sappo Trust Bank
335764,Future Bank
335766,National Bank of Huron
335767,National Bank of Tampa
335769,National Bank of Augusta
335780,City National Savings Bank
335781,National Bank of the West
335782,First Bank of Helena
335783,First Bank of Topeka
335784,Mountain Bancorp
335785,Brownstone Credit Union
335787,France Bank #5696
335788,Slovenia Bank #5919
335790,Spain Bank #2361
335792,France Bank #2396
335793,Italy Bank #2356
335794,Italy Bank #4050
335795,Netherlands Bank #2428
335796,Netherlands Bank #3371
335801,National Bank of Billings
335803,First Bank of Topeka
335806,First Bank of Bridgeport
335809,First Bank of Harrisburg
335810,City National Trust Bank
335817,First Bank of Huron
335823,First Bank of Huron
335825,Brook Cooperative Bank
335827,National Bank of the East
335828,National Bank of Montpelier
335829,Heath Trust Bank
335831,Savings Bank of New Orleans
335833,Bank of Springfield
335835,Bank of Huron
335837,Golden Community Bank
335838,Heath Bancorp
335840,National Bank of Los Angeles
335841,France Bank #5747
335842,Netherlands Bank #4447
335843,Mountain Bank
335846,Savings Bank of Tampa
335847,Germany Bank #2189
335850,National Bank of the Valley
335854,Savings Bank of Lacrosse
335855,First Bank of Newbury
335856,Willows Cooperative Bank
335857,National Bank of Springfield
335858,Sea Community Bank
335860,Future Bank
335861,Bank of Billings
335862,Bank of Watertown
335863,Brownstone Federal Bank
335864,Baltech Thrift
335866,Savings Bank of Montpelier
335867,Savings Bank of Cleveland
335868,Savings Bank of Seattle
335869,Savings Bank of Augusta
335870,Willows Bancorp
335871,Bank of Albany
335873,Sunrise Thrift
335875,Bank of New Orleans
335876,Bank of Seattle
335878,Future Federal Bank
335879,Spruce Credit Union
335880,Golden Trust Bank
335883,City National Trust Bank
335886,Savings Bank of Tampa
335887,Golden Federal Bank
335889,First Bank of Milford
335891,Brownstone Credit Union
335894,Savings Bank of Augusta
335895,Sunrise Thrift
335898,Bank of Omaha
335899,National Bank of Seattle
335900,Savings Bank of Newport
335902,Savings Bank of Lincoln
335904,Desert Community Bank
335906,Dawn Thrift
335907,Savings Bank of the North
335912,National Bank of Indianapolis
335913,National Bank of New Orleans
335915,Savings Bank of Albany
335919,Bank of Billings
335920,National Bank of Indianapolis
335921,Bank of Tampa
335922,Savings Bank of Laramie
335923,National Bank of Montpelier
335925,Plateau Thrift
335926,First Bank of Denver
335928,National Bank of Detroit
335930,Savings Bank of Helena
335934,The Pine Bank
335936,National Bank of Boston
335939,National Bank of Pittsburgh
335940,Baltech Savings Bank
335942,Savings Bank of Portsmouth
335944,National Bank of the East
335945,Savings Bank of Philadelphia
335948,Bank of the East
335952,Bank of Harrisburg
335954,Heath Bancorp
335956,Savings Bank of the West
335959,First Bank of Detroit
335963,First Bank of Tampa
335964,Capital Bank
335965,National Bank of Bridgeport
335968,Bank of Albany
335969,First Bank of Phoenix
335973,First Bank of Houston
335974,National Bank of Indianapolis
335975,National Bank of Sacramento
335976,National Bank of Albany
335977,Bank of Newbury
335978,First Bank of Dallas
335982,National Bank of Newport
335984,Plandor Community Bank
335986,First Bank of Bridgeport
335987,Willows Savings Bank
335989,France Bank #3712
335991,Slovakia Bank #2191
335993,First Bank of Boston
335995,Ireland Bank #5367
335997,Spain Bank #5638
335998,First Bank of Indianapolis
336000,National Bank of Houston
336002,Savings Bank of Milford
336004,First Bank of Butte
336009,Savings Bank of Watertown
336010,Golden Trust Bank
336011,Savings Bank of Tuscon
336013,Sappo Thrift
336015,Bank of Denver
336016,Capital Trust Bank
336017,Savings Bank of Phoenix
336018,First Bank of Bridgeport
336019,Savings Bank of Watertown
336022,Savings Bank of Fort Wayne
336024,National Bank of Providence
336025,Regents Trust Bank
336026,Bank of Topeka
336027,National Bank of Springfield
336028,France Bank #3285
336029,Italy Bank #4757
336030,France Bank #3765
336034,Portugal Bank #2259
336035,Netherlands Bank #5835
336037,China Bank #873
336038,Greece Bank #2833
336044,Germany Bank #3120
336046,Germany Bank #5287
336047,Italy Bank #3009
336054,France Bank #4266
336055,Germany Bank #6135
336056,Ireland Bank #5443
336057,Spain Bank #2237
336059,Bank of Omaha
336064,National Bank of Milford
336067,Bank of Sacramento
336069,Plandor Trust Bank
336072,National Bank of Butte
336077,National Bank of Laramie
336078,Germany Bank #5836
336080,France Bank #2201
336081,First Bank of Harrisburg
336082,First Bank of Arkadelphia
336083,Brownstone Federal Bank
336085,National Bank of Fort Wayne
336087,Bank of the Valley
336089,Bank of Chicago
336090,Savings Bank of the South
336091,Arbor Credit Union
336093,Capital Bank
336095,Flagstone Credit Union
336096,Baltech Thrift
336099,Baltech Community Bank
336100,Baltech Cooperative Bank
336101,Spain Bank #2202
336107,Sea Bancorp
336108,Germany Bank #5230
336109,Golden Federal Bank
336112,Germany Bank #5639
336114,Bank of Montpelier
336117,Savings Bank of Fort Wayne
336120,First Bank of Miami
336122,Oasis Trust Bank
336123,Savings Bank of Montpelier
336124,The Pine Bancorp
336129,Acme Savings Bank
336133,National Bank of Harrisburg
336136,National Bank of Plattsburg
336137,Savings Bank of Boston
336141,Savings Bank of Indianapolis
336146,Savings Bank of Portland
336149,Bank of Omaha
336151,Saudi Arabia Bank #284
336154,Plandor Trust Bank
336156,Dawn Bank
336158,Arbor Trust Bank
336159,Desert Thrift
336160,First Bank of the Valley
336162,National Bank of Tuscon
336163,Bank of Lacrosse
336165,First Bank of Los Angeles
336167,Acme Bancorp
336170,First Bank of Fairfield
336171,Bank of Indianapolis
336172,Dawn Trust Bank
336175,Baltech Thrift
336176,Brownstone Bancorp
336177,Brook Cooperative Bank
336178,National Bank of Milford
336179,Hearthstone Cooperative Bank
336180,Future Thrift
336182,Plandor Savings Bank
336183,Capital Trust Bank
336185,Bank of the North
336186,National Bank of the Valley
336188,National Bank of Danbury
336189,Savings Bank of Houston
336190,Bank of Dallas
336191,Sappo Savings Bank
336193,Bank of Pittsburgh
336196,Bank of Tampa
336197,Mountain Bancorp
336198,Bank of Newbury
336199,National Bank of Sacramento
336200,Bank of Pittsburgh
336201,Oak Bancorp
336203,National Bank of Lacrosse
336205,National Bank of Danbury
336207,Bank of Laramie
336208,Bank of Harrisburg
336209,Willows Savings Bank
336210,National Bank of Tampa
336211,Dawn Trust Bank
336214,National Bank of Helena
336217,Savings Bank of Topeka
336219,Bank of Milford
336220,Bank of Tuscon
336221,Spain Bank #2207
336226,Finland Bank #3051
336227,Spain Bank #4621
336228,Germany Bank #6272
336229,France Bank #2208
336230,Portugal Bank #2209
336232,Italy Bank #2210
336236,Greece Bank #5640
336237,National Bank of Cleveland
336238,First Bank of Arkadelphia
336240,Bank of Dallas
336241,Savings Bank of Springfield
336243,Bank of Billings
336245,First Bank of Sacramento
336250,Plandor Bancorp
336252,Spain Bank #4753
336253,Sea Trust Bank
336256,National Bank of the South
336258,National Bank of Pittsburgh
336259,Bank of Butte
336260,City National Credit Union
336261,Bank of Omaha
336264,First Bank of Pittsburgh
336265,Bank of Lacrosse
336268,Bank of Plattsburg
336270,First Bank of Los Angeles
336271,France Bank #5797
336275,Germany Bank #4879
336277,Savings Bank of the North
336280,National Bank of Columbus
336281,First Bank of Portsmouth
336282,Capital Community Bank
336283,Savings Bank of Phoenix
336285,National Bank of Springfield
336286,Hilltop Trust Bank
336287,Desert Bank
336288,National Bank of Laramie
336290,Savings Bank of Houston
336297,Italy Bank #5573
336300,Spain Bank #5211
336301,Germany Bank #5574
336304,Oasis Community Bank
336306,First Bank of Springfield
336309,France Bank #5109
336311,Italy Bank #3107
336314,Netherlands Bank #2217
336315,France Bank #4042
336317,Italy Bank #2366
336319,Germany Bank #3552
336320,Germany Bank #5110
336321,National Bank of Philadelphia
336324,France Bank #2218
336327,Bank of Lacrosse
336328,Belgium Bank #4097
336329,Germany Bank #2280
336330,France Bank #2554
336336,Germany Bank #6279
336337,Italy Bank #2901
336338,Germany Bank #2219
336339,Italy Bank #2215
336341,Brownstone Trust Bank
336343,Slovenia Bank #6058
336347,Savings Bank of Detroit
336349,First Bank of New York
336351,Germany Bank #2734
336353,Italy Bank #3226
336357,Brownstone Thrift
336358,France Bank #5022
336359,Capital Community Bank
336360,First Bank of Phoenix
336361,Sea Bancorp
336364,Baltech Savings Bank
336365,First Bank of Dallas
336366,National Bank of Columbus
336368,Savings Bank of Fort Wayne
336370,First Bank of Butte
336371,Savings Bank of Madison
336374,Spain Bank #3066
336375,Netherlands Bank #2221
336376,Spain Bank #4880
336377,Bank of Philadelphia
336378,Bank of Tuscon
336381,National Bank of the South
336382,Bank of Billings
336384,Savings Bank of Milford
336385,Arbor Community Bank
336386,National Bank of Portland
336388,Sappo Bancorp
336389,City National Bank
336392,National Bank of Newbury
336394,Bank of Watertown
336395,Spain Bank #5368
336397,National Bank of Miami
336398,Dawn Thrift
336399,France Bank #5879
336401,Bank of Lincoln
336402,Sea Federal Bank
336404,First Bank of the North
336406,First Bank of Houston
336407,First Bank of Albany
336410,Flagstone Thrift
336413,First Bank of Providence
336415,Savings Bank of Lacrosse
336416,Savings Bank of Detroit
336418,First Bank of Houston
336419,First Bank of Arkadelphia
336420,Hilltop Credit Union
336424,Slovakia Bank #3717
336425,Slovenia Bank #5369
336427,Spain Bank #2887
336429,France Bank #5880
336432,Belgium Bank #2227
336433,Germany Bank #2226
336435,National Bank of Philadelphia
336437,Brownstone Community Bank
336438,Brownstone Community Bank
336442,National Bank of Portsmouth
336444,France Bank #5756
336447,National Bank of Detroit
336451,Bank of Augusta
336452,Germany Bank #5112
336453,National Bank of Phoenix
336455,First Bank of New York
336457,First Bank of the North
336462,Savings Bank of Plattsburg
336463,Austria Bank #6271
336464,Hilltop Community Bank
336466,First Bank of Denver
336467,Brownstone Savings Bank
336471,First Bank of Los Angeles
336473,Plandor Trust Bank
336474,Italy Bank #2229
336476,Spain Bank #5303
336477,Germany Bank #3260
336478,Germany Bank #3802
336488,Brownstone Federal Bank
336490,Savings Bank of Providence
336491,Capital Thrift
336492,First Bank of Madison
336494,First Bank of Bridgeport
336497,Savings Bank of Indianapolis
336503,Mountain Bank
336504,Brook Trust Bank
336506,Willows Community Bank
336507,First Bank of Hartford
336509,Bank of Philadelphia
336512,Italy Bank #6149
336514,Germany Bank #2232
336515,Netherlands Bank #6364
336525,France Bank #3227
336528,Austria Bank #3352
336530,Portugal Bank #4773
336531,Spain Bank #4613
336534,France Bank #2826
336535,Savings Bank of Pittsburgh
336537,Slovakia Bank #4063
336539,Bank of Hartford
336541,Bank of Danbury
336542,Willows Savings Bank
336543,Italy Bank #4792
336545,Savings Bank of Fort Wayne
336546,Bank of Bridgeport
336548,National Bank of Newbury
336550,Bank of Tuscon
336554,City National Bancorp
336555,First Bank of Newbury
336560,The Pine Trust Bank
336561,Italy Bank #3273
336562,Germany Bank #3189
336564,Germany Bank #2281
336565,Croatia Bank #2235
336566,Spain Bank #4482
336568,National Bank of Denver
336570,National Bank of Albany
336571,Regents Bank
336572,First Bank of Portsmouth
336575,Brazil Bank #21
336577,Brazil Bank #340
336578,Brazil Bank #431
336579,Brazil Bank #269
336580,Brazil Bank #280
336581,China Bank #1084
336583,China Bank #510
336584,China Bank #1125
336586,China Bank #976
336588,Brazil Bank #401
336589,Savings Bank of Indianapolis
336590,First Bank of Indianapolis
336592,Brazil Bank #413
336597,Brazil Bank #398
336598,Brazil Bank #112
336603,Brazil Bank #114
336605,Brazil Bank #115
336608,Brazil Bank #164
336610,Brazil Bank #206
336613,Brazil Bank #180
336615,Brazil Bank #143
336617,Brazil Bank #118
336618,Brazil Bank #336
336621,Brazil Bank #119
336622,Brazil Bank #120
336624,Brazil Bank #360
336626,Brazil Bank #393
336630,Brazil Bank #187
336631,Brazil Bank #412
336634,Brazil Bank #122
336635,Brazil Bank #137
336636,Brazil Bank #132
336637,Bank of Philadelphia
336641,Bank of Harrisburg
336642,Brazil Bank #337
336643,Brazil Bank #138
336644,Brazil Bank #133
336645,Brazil Bank #361
336647,Brazil Bank #135
336649,Bank of Cleveland
336650,Brazil Bank #152
336652,Brazil Bank #258
336653,Brazil Bank #162
336655,Brazil Bank #139
336658,Brazil Bank #126
336659,Brazil Bank #284
336660,Brazil Bank #125
336662,Brazil Bank #308
336663,France Bank #4487
336664,Netherlands Bank #2834
336667,Austria Bank #3372
336669,Brazil Bank #359
336670,Brazil Bank #151
336671,Brazil Bank #144
336674,Brazil Bank #140
336676,Brazil Bank #300
336677,Brazil Bank #409
336678,Brazil Bank #129
336680,Brazil Bank #397
336682,Brazil Bank #262
336686,France Bank #2253
336688,Brazil Bank #165
336689,Brazil Bank #377
336692,Brazil Bank #131
336695,Bank of Milford
336698,France Bank #2434
336701,Germany Bank #5881
336703,First Bank of Los Angeles
336707,National Bank of Los Angeles
336710,Future Thrift
336711,First Bank of Detroit
336713,First Bank of Laramie
336717,Lithuania Bank #5114
336718,Plateau Cooperative Bank
336719,Savings Bank of Chicago
336721,Italy Bank #5115
336723,Future Bank
336725,Bank of Hartford
336727,Sappo Community Bank
336728,Brazil Bank #161
336729,Brazil Bank #217
336730,Brazil Bank #350
336731,Brazil Bank #218
336732,Brazil Bank #338
336737,Brazil Bank #172
336739,Brazil Bank #134
336741,Brazil Bank #215
336742,Brazil Bank #170
336743,Brazil Bank #296
336744,Brazil Bank #148
336746,First Bank of Miami
336749,Brazil Bank #298
336750,Savings Bank of Bridgeport
336751,Brazil Bank #181
336753,Brazil Bank #329
336755,Brazil Bank #142
336758,Brazil Bank #168
336759,Brazil Bank #4
336760,Brazil Bank #386
336763,Brazil Bank #299
336765,Brazil Bank #146
336768,Brazil Bank #315
336769,Brazil Bank #247
336770,Brazil Bank #256
336771,Brazil Bank #145
336773,Brazil Bank #159
336774,Brazil Bank #207
336779,Brazil Bank #147
336780,Brazil Bank #190
336782,China Bank #514
336783,China Bank #993
336785,China Bank #576
336787,China Bank #513
336788,China Bank #1124
336790,China Bank #682
336792,Brazil Bank #155
336793,Brazil Bank #423
336795,Brazil Bank #192
336796,Brazil Bank #150
336797,Brazil Bank #387
336800,Bank of Phoenix
336801,Brook Trust Bank
336802,Brazil Bank #348
336803,Brazil Bank #149
336806,Brazil Bank #441
336807,Brazil Bank #163
336811,Brazil Bank #154
336816,Italy Bank #3150
336821,Brazil Bank #306
336822,Brazil Bank #364
336823,Brazil Bank #251
336824,Brazil Bank #158
336825,Brazil Bank #288
336826,Brazil Bank #427
336827,Brazil Bank #273
336828,Brazil Bank #178
336829,Brazil Bank #419
336833,National Bank of Philadelphia
336836,City National Bank
336838,Savings Bank of Helena
336840,First Bank of Chicago
336845,Bank of Fairfield
336850,Brazil Bank #157
336852,Savings Bank of Pittsburgh
336854,Brazil Bank #176
336855,Brazil Bank #160
336856,Brazil Bank #166
336857,Brazil Bank #174
336858,Germany Bank #2360
336860,Brazil Bank #182
336861,Brazil Bank #243
336863,Brazil Bank #292
336864,Brazil Bank #211
336865,Brazil Bank #301
336866,Brazil Bank #2
336869,First Bank of Cleveland
336870,Brazil Bank #358
336871,Brazil Bank #177
336873,Brazil Bank #278
336877,Brazil Bank #184
336880,Brazil Bank #290
336881,Brazil Bank #437
336882,Brazil Bank #346
336884,Brazil Bank #400
336886,Brazil Bank #185
336888,Brazil Bank #175
336891,Brazil Bank #414
336893,Brazil Bank #426
336894,Brazil Bank #435
336895,Brazil Bank #375
336896,Brazil Bank #446
336897,Brazil Bank #171
336899,Brazil Bank #347
336900,Brazil Bank #271
336904,Savings Bank of Montpelier
336907,Savings Bank of Portsmouth
336909,Spruce Federal Bank
336912,Bank of Arkadelphia
336913,First Bank of Billings
336915,Sea Cooperative Bank
336917,National Bank of Butte
336918,Bank of Columbus
336922,Italy Bank #5512
336923,National Bank of the Valley
336926,Savings Bank of Houston
336929,National Bank of Tampa
336930,Savings Bank of Tuscon
336931,Savings Bank of New York
336932,Savings Bank of Harrisburg
336933,First Bank of Albany
336937,Savings Bank of Columbus
336939,National Bank of Newbury
336940,Desert Bancorp
336942,Dawn Cooperative Bank
336944,National Bank of Dallas
336946,Bank of Montpelier
336948,Savings Bank of Newport
336950,Bank of Fort Wayne
336952,Oak Federal Bank
336954,National Bank of Harrisburg
336956,Dawn Savings Bank
336958,Sea Bank
336960,Brazil Bank #0
336962,Brazil Bank #221
336964,Brazil Bank #439
336965,Brazil Bank #391
336966,Brazil Bank #303
336967,Brazil Bank #189
336970,Brazil Bank #399
336971,Brazil Bank #266
336973,Brazil Bank #404
336974,Brazil Bank #415
336976,Plateau Trust Bank
336977,Brazil Bank #286
336979,Brazil Bank #274
336980,Brazil Bank #208
336982,Brazil Bank #202
336984,Brazil Bank #275
336986,Brazil Bank #410
336987,Brazil Bank #332
336989,Brazil Bank #362
336990,Brazil Bank #191
336991,Brazil Bank #339
336992,Brazil Bank #183
336993,Brazil Bank #411
336994,Brazil Bank #417
336995,Brazil Bank #295
336996,Brazil Bank #194
336997,Brazil Bank #445
336999,Brazil Bank #434
337000,Brazil Bank #442
337001,Brazil Bank #193
337004,Brazil Bank #195
337006,Brazil Bank #196
337008,National Bank of Providence
337009,Brazil Bank #197
337013,Brazil Bank #200
337017,Brazil Bank #201
337018,Bank of Danbury
337020,Savings Bank of Plattsburg
337025,Brazil Bank #264
337026,Brazil Bank #237
337027,Finland Bank #2241
337029,Spain Bank #2242
337030,Netherlands Bank #6424
337031,Brazil Bank #392
337033,Brazil Bank #219
337035,Brazil Bank #322
337036,Brazil Bank #406
337038,Brazil Bank #304
337039,Sappo Community Bank
337043,Germany Bank #5811
337048,Brazil Bank #198
337049,Brazil Bank #263
337050,Brazil Bank #199
337052,Brazil Bank #349
337057,Brazil Bank #353
337058,Brazil Bank #311
337059,Brazil Bank #203
337061,Brazil Bank #29
337062,Brazil Bank #356
337063,Brazil Bank #305
337064,Brazil Bank #204
337068,Brazil Bank #205
337070,Brazil Bank #212
337071,First Bank of Houston
337076,Brazil Bank #458
337079,Brazil Bank #447
337080,Brazil Bank #257
337081,Brazil Bank #270
337082,Brazil Bank #314
337083,Brazil Bank #254
337084,Brazil Bank #209
337085,Brazil Bank #302
337087,Brazil Bank #210
337089,Brazil Bank #214
337090,Brazil Bank #379
337091,Brazil Bank #267
337094,Brazil Bank #216
337096,France Bank #2575
337097,France Bank #4084
337102,Brazil Bank #438
337106,Brazil Bank #444
337107,Brazil Bank #384
337108,Brazil Bank #213
337110,Brazil Bank #376
337112,Spruce Community Bank
337115,Brazil Bank #318
337116,Brazil Bank #421
337117,Brazil Bank #253
337118,Brazil Bank #276
337121,Brazil Bank #402
337124,Bank of Huron
337125,Bank of Seattle
337126,Portugal Bank #6065
337127,Germany Bank #4760
337128,Latvia Bank #2775
337131,Savings Bank of Newport
337133,Baltech Community Bank
337134,Savings Bank of Augusta
337136,Brazil Bank #310
337139,National Bank of Tampa
337142,Heath Thrift
337143,Heath Federal Bank
337144,Flagstone Bank
337145,Savings Bank of Tampa
337146,Bank of Los Angeles
337148,The Pine Credit Union
337149,Savings Bank of Denver
337150,Italy Bank #3416
337152,Bank of Philadelphia
337153,Bank of Springfield
337154,Savings Bank of the West
337155,Bank of Plattsburg
337156,National Bank of the East
337158,Mountain Credit Union
337160,First Bank of Newbury
337162,Bank of Houston
337164,Oasis Cooperative Bank
337165,First Bank of Portland
337166,Oasis Credit Union
337167,First Bank of the South
337169,National Bank of Denver
337170,Savings Bank of Albany
337171,Oasis Bank
337175,Bank of Newbury
337176,Brook Bank
337177,Hilltop Credit Union
337179,Dawn Bancorp
337180,Bank of Arkadelphia
337181,Spruce Federal Bank
337184,National Bank of Albany
337186,First Bank of Helena
337188,Brazil Bank #319
337189,Brazil Bank #420
337191,Brazil Bank #23
337192,Brazil Bank #457
337193,Brazil Bank #450
337195,China Bank #837
337200,China Bank #624
337201,China Bank #516
337202,China Bank #517
337203,China Bank #518
337204,China Bank #515
337205,China Bank #1104
337207,China Bank #1083
337208,China Bank #595
337209,China Bank #1044
337210,China Bank #854
337211,China Bank #853
337212,First Bank of Phoenix
337213,First Bank of Portland
337214,First Bank of Madison
337216,China Bank #520
337219,China Bank #521
337221,France Bank #5837
337222,Lithuania Bank #2244
337224,Germany Bank #6026
337225,Germany Bank #2385
337226,China Bank #711
337227,China Bank #951
337229,China Bank #522
337230,China Bank #572
337231,Brazil Bank #313
337238,Brazil Bank #246
337241,Bank of Laramie
337243,Brazil Bank #407
337245,Brazil Bank #408
337247,Brazil Bank #220
337248,Brazil Bank #316
337251,Brazil Bank #443
337253,Brazil Bank #291
337254,Brazil Bank #242
337255,Brazil Bank #323
337258,Savings Bank of Philadelphia
337259,Bank of Butte
337260,France Bank #5893
337261,Germany Bank #6372
337263,Netherlands Bank #2245
337264,Finland Bank #5526
337268,Brazil Bank #449
337269,Brazil Bank #248
337270,Brazil Bank #222
337271,Brazil Bank #452
337272,Brazil Bank #366
337273,Brazil Bank #357
337275,Brazil Bank #249
337277,Brazil Bank #223
337278,Brazil Bank #428
337279,Brazil Bank #380
337285,Brazil Bank #227
337287,Brazil Bank #224
337289,Brazil Bank #365
337290,Brazil Bank #226
337292,Italy Bank #5609
337294,Brazil Bank #287
337295,Brazil Bank #351
337299,Brazil Bank #272
337301,Brazil Bank #5
337305,Brazil Bank #440
337307,Fieldstone Credit Union
337310,Brazil Bank #394
337312,Brazil Bank #297
337313,Brazil Bank #232
337314,Brazil Bank #235
337315,Brazil Bank #325
337316,National Bank of Billings
337317,Brazil Bank #436
337318,Brazil Bank #453
337319,Brazil Bank #455
337320,Oasis Credit Union
337322,Savings Bank of Dallas
337325,Bank of Plattsburg
337330,Heath Federal Bank
337331,First Bank of Cleveland
337332,National Bank of Denver
337335,National Bank of Portland
337336,Arbor Bank
337339,Bank of Portland
337340,Brownstone Federal Bank
337341,Bank of Dallas
337342,First Bank of Fairfield
337345,National Bank of Portsmouth
337346,First Bank of Dallas
337347,Plandor Trust Bank
337356,Bank of Phoenix
337357,First Bank of Chicago
337362,Hilltop Cooperative Bank
337366,Flagstone Community Bank
337369,Netherlands Bank #2248
337370,Netherlands Bank #2573
337371,France Bank #5650
337372,France Bank #3253
337373,France Bank #5032
337374,Italy Bank #6143
337376,Germany Bank #5299
337378,Savings Bank of Chicago
337379,First Bank of Detroit
337380,Bank of Huron
337381,Bank of Portland
337383,Spain Bank #2251
337384,Germany Bank #2846
337386,Bank of Bridgeport
337388,Bank of Providence
337389,Savings Bank of New Orleans
337390,National Bank of Butte
337395,France Bank #5577
337396,Desert Thrift
337397,National Bank of Phoenix
337398,Hearthstone Bank
337399,Oak Thrift
337400,Savings Bank of Watertown
337402,Bank of Tampa
337403,Savings Bank of Chicago
337405,Regents Community Bank
337406,Bank of Tampa
337409,National Bank of Tampa
337410,Bank of Tuscon
337411,Hearthstone Thrift
337412,Bank of New Orleans
337414,City National Trust Bank
337415,Savings Bank of Topeka
337416,Savings Bank of Montpelier
337418,Brazil Bank #454
337419,Brazil Bank #324
337423,Brazil Bank #228
337424,Brazil Bank #309
337426,Brazil Bank #229
337427,Brazil Bank #424
337433,Brazil Bank #230
337436,Brazil Bank #432
337437,Brazil Bank #250
337438,Brazil Bank #451
337440,China Bank #608
337441,China Bank #846
337442,China Bank #632
337444,China Bank #530
337445,China Bank #719
337446,China Bank #638
337447,China Bank #763
337448,China Bank #676
337451,China Bank #525
337453,China Bank #654
337454,China Bank #1005
337456,China Bank #526
337458,China Bank #527
337460,China Bank #774
337461,China Bank #842
337463,China Bank #1016
337469,China Bank #979
337471,China Bank #762
337475,China Bank #529
337477,China Bank #1058
337478,Brazil Bank #354
337479,Savings Bank of Seattle
337480,Brazil Bank #320
337484,Brazil Bank #282
337486,First Bank of Albany
337491,Bank of Houston
337495,Brazil Bank #430
337498,Brazil Bank #244
337499,Brazil Bank #448
337501,Brazil Bank #289
337502,Brazil Bank #233
337503,Brazil Bank #234
337506,Brazil Bank #236
337507,National Bank of Los Angeles
337509,First Bank of Madison
337511,Brazil Bank #456
337512,Brazil Bank #268
337516,Brazil Bank #277
337517,Brazil Bank #238
337518,Brazil Bank #459
337519,Brazil Bank #245
337520,Brazil Bank #429
337521,Brazil Bank #259
337527,Brazil Bank #260
337531,Brazil Bank #422
337532,Brazil Bank #240
337533,Brazil Bank #241
337534,Brazil Bank #294
337535,Brazil Bank #239
337539,Switzerland Bank #979
337540,Switzerland Bank #954
337544,Savings Bank of Newport
337545,Oak Credit Union
337548,Spruce Trust Bank
337549,First Bank of Chicago
337550,Plandor Trust Bank
337551,Oak Thrift
337552,Savings Bank of Fairfield
337556,Bank of Harrisburg
337557,Baltech Trust Bank
337562,Flagstone Federal Bank
337565,Bank of Seattle
337568,Future Community Bank
337569,Savings Bank of the South
337572,Capital Cooperative Bank
337573,Switzerland Bank #59
337574,Switzerland Bank #71
337577,Switzerland Bank #944
337578,Switzerland Bank #980
337581,Savings Bank of Portsmouth
337582,First Bank of Plattsburg
337585,Switzerland Bank #12
337586,Switzerland Bank #844
337589,Switzerland Bank #58
337592,Oak Federal Bank
337594,Switzerland Bank #983
337596,Switzerland Bank #922
337597,Switzerland Bank #1014
337599,Switzerland Bank #1089
337602,Switzerland Bank #924
337604,Switzerland Bank #1052
337605,Switzerland Bank #57
337606,Switzerland Bank #92
337607,Switzerland Bank #923
337608,Switzerland Bank #60
337611,Switzerland Bank #234
337614,Switzerland Bank #70
337618,Switzerland Bank #62
337623,Switzerland Bank #63
337625,Switzerland Bank #939
337626,Switzerland Bank #64
337629,Switzerland Bank #67
337630,Switzerland Bank #66
337631,Switzerland Bank #75
337633,Switzerland Bank #68
337635,Switzerland Bank #69
337636,Switzerland Bank #957
337638,Switzerland Bank #178
337639,Switzerland Bank #1157
337644,National Bank of Newbury
337648,Switzerland Bank #1093
337649,Switzerland Bank #73
337652,Switzerland Bank #198
337653,Switzerland Bank #13
337657,Switzerland Bank #76
337658,Switzerland Bank #889
337659,Switzerland Bank #1156
337660,Switzerland Bank #74
337661,Switzerland Bank #932
337662,Switzerland Bank #90
337664,Switzerland Bank #88
337666,Switzerland Bank #100
337667,Savings Bank of Tampa
337668,City National Thrift
337669,Switzerland Bank #1091
337670,Switzerland Bank #79
337671,Switzerland Bank #96
337672,Switzerland Bank #1090
337673,Switzerland Bank #164
337675,Switzerland Bank #132
337676,Switzerland Bank #188
337677,Switzerland Bank #93
337679,Savings Bank of Sacramento
337681,Bank of Newport
337683,Plandor Bank
337685,National Bank of Albany
337686,Brownstone Federal Bank
337690,First Bank of Lincoln
337691,Germany Bank #5943
337692,Oak Bank
337695,Savings Bank of Columbus
337696,First Bank of Fort Wayne
337697,Sunrise Credit Union
337698,National Bank of Los Angeles
337700,Bank of Boston
337703,Savings Bank of Providence
337704,First Bank of Philadelphia
337705,National Bank of the Valley
337706,Savings Bank of Lincoln
337708,Savings Bank of Hartford
337712,Dawn Cooperative Bank
337714,National Bank of Fairfield
337715,National Bank of Topeka
337716,Germany Bank #5838
337723,Belgium Bank #2255
337724,Spain Bank #5291
337725,Germany Bank #5839
337729,Switzerland Bank #189
337730,Switzerland Bank #337
337731,Switzerland Bank #84
337734,Bank of Billings
337737,Spruce Bancorp
337739,France Bank #5707
337743,Sea Savings Bank
337744,National Bank of Omaha
337745,Capital Trust Bank
337747,Arbor Community Bank
337748,First Bank of Cleveland
337751,Savings Bank of the South
337754,National Bank of New York
337755,Flagstone Federal Bank
337757,Greece Bank #3228
337759,Portugal Bank #6255
337761,France Bank #3183
337762,Spain Bank #2301
337764,Germany Bank #5463
337766,Italy Bank #5292
337769,France Bank #5800
337772,Germany Bank #3151
337773,Germany Bank #5840
337774,Italy Bank #2286
337779,Bank of Boston
337780,Savings Bank of Albany
337782,France Bank #6380
337786,Spain Bank #3110
337787,Italy Bank #2769
337788,Estonia Bank #5954
337789,The Pine Cooperative Bank
337793,First Bank of New York
337794,Acme Savings Bank
337795,National Bank of Newbury
337796,National Bank of Los Angeles
337797,Hilltop Community Bank
337799,First Bank of Montpelier
337801,Plateau Federal Bank
337802,National Bank of Columbus
337803,First Bank of Fairfield
337804,Spruce Bancorp
337805,National Bank of Watertown
337806,First Bank of Plattsburg
337808,Bank of Portland
337810,National Bank of Dallas
337811,Bank of Madison
337812,National Bank of Phoenix
337814,National Bank of Houston
337815,Heath Bancorp
337817,First Bank of Madison
337818,City National Federal Bank
337820,Germany Bank #5523
337821,Capital Savings Bank
337824,First Bank of the South
337825,France Bank #6006
337827,France Bank #2538
337828,Spain Bank #5235
337832,Italy Bank #3311
337833,Germany Bank #6336
337836,Bank of Springfield
337838,Savings Bank of Bridgeport
337840,First Bank of New York
337841,Bank of Seattle
337842,City National Trust Bank
337844,Bank of Lincoln
337847,Spruce Bank
337851,Switzerland Bank #1262
337852,Switzerland Bank #777
337853,Switzerland Bank #85
337854,Japan Bank #697
337855,Switzerland Bank #537
337856,Switzerland Bank #890
337857,Switzerland Bank #1300
337858,Switzerland Bank #928
337859,Switzerland Bank #77
337860,Switzerland Bank #78
337863,Switzerland Bank #1195
337866,Switzerland Bank #389
337869,Switzerland Bank #1167
337871,Switzerland Bank #825
337876,Switzerland Bank #105
337878,Switzerland Bank #107
337879,Switzerland Bank #86
337881,Switzerland Bank #83
337882,Switzerland Bank #926
337883,Switzerland Bank #174
337890,National Bank of Phoenix
337892,Baltech Savings Bank
337893,First Bank of Dallas
337894,First Bank of Pittsburgh
337895,Spruce Bank
337896,Savings Bank of Chicago
337898,Acme Trust Bank
337899,Savings Bank of Seattle
337901,National Bank of Seattle
337902,Flagstone Bank
337904,First Bank of Newbury
337906,Savings Bank of Seattle
337907,National Bank of the East
337909,Savings Bank of Fort Wayne
337916,Savings Bank of Hartford
337919,Bank of Tampa
337921,Fieldstone Community Bank
337922,National Bank of Portland
337924,Savings Bank of the North
337925,Savings Bank of Billings
337928,Spain Bank #5769
337929,National Bank of Plattsburg
337932,Regents Thrift
337935,Bank of Newport
337936,France Bank #3680
337937,Lithuania Bank #6112
337941,Spain Bank #2619
337942,Italy Bank #3672
337949,Sea Thrift
337953,Spain Bank #3254
337956,Austria Bank #2270
337957,Ireland Bank #3859
337962,France Bank #3610
337964,Italy Bank #2868
337966,Austria Bank #6059
337968,France Bank #6196
337973,Spain Bank #5661
337974,France Bank #4285
337977,France Bank #4470
337978,France Bank #2282
337982,Spain Bank #3373
337984,Estonia Bank #3681
337985,Spain Bank #2288
337986,Lithuania Bank #4907
337988,Italy Bank #2275
337989,Germany Bank #2276
337990,Slovakia Bank #2277
337995,Oak Community Bank
337996,Germany Bank #3747
338002,First Bank of Lincoln
338003,Germany Bank #2636
338004,France Bank #6197
338005,Slovakia Bank #3453
338011,National Bank of Cleveland
338012,The Pine Savings Bank
338015,Baltech Savings Bank
338016,Heath Thrift
338017,National Bank of Bridgeport
338018,Savings Bank of Chicago
338020,Bank of Portland
338021,Brownstone Trust Bank
338023,Savings Bank of Harrisburg
338024,National Bank of Los Angeles
338026,Fieldstone Trust Bank
338027,First Bank of Augusta
338029,Savings Bank of Omaha
338032,Germany Bank #4452
338033,Spain Bank #3180
338035,Hilltop Savings Bank
338042,Oak Cooperative Bank
338044,Sappo Bancorp
338045,The Pine Cooperative Bank
338046,Germany Bank #4270
338048,Netherlands Bank #5643
338049,National Bank of the East
338051,Spain Bank #5446
338052,First Bank of Arkadelphia
338053,Italy Bank #5883
338055,Sea Bancorp
338059,Brownstone Bancorp
338061,First Bank of Milford
338062,National Bank of Los Angeles
338065,Savings Bank of Topeka
338067,Brook Trust Bank
338068,National Bank of New York
338069,Desert Savings Bank
338070,First Bank of the North
338072,Savings Bank of Los Angeles
338074,City National Thrift
338076,National Bank of Philadelphia
338081,Savings Bank of Arkadelphia
338083,Belgium Bank #5296
338084,National Bank of Miami
338087,National Bank of Sacramento
338088,Golden Trust Bank
338089,National Bank of Plattsburg
338090,Bank of Tampa
338091,First Bank of Chicago
338094,Bank of Providence
338096,Willows Community Bank
338098,First Bank of Columbus
338099,National Bank of Topeka
338100,National Bank of Harrisburg
338102,First Bank of Augusta
338104,National Bank of the North
338105,Savings Bank of Montpelier
338106,Plandor Savings Bank
338109,Finland Bank #6222
338110,Germany Bank #2285
338111,Italy Bank #5519
338115,Germany Bank #5213
338118,Italy Bank #5593
338122,First Bank of the East
338123,Savings Bank of Tampa
338124,Bank of Boston
338125,Willows Trust Bank
338126,Savings Bank of Chicago
338127,Golden Thrift
338128,First Bank of Seattle
338130,National Bank of Phoenix
338131,Willows Bank
338136,First Bank of Plattsburg
338137,Bank of Billings
338139,First Bank of Danbury
338141,Brownstone Savings Bank
338142,Savings Bank of Fort Wayne
338144,National Bank of Albany
338145,National Bank of Miami
338146,Savings Bank of Billings
338148,Bank of Sacramento
338149,First Bank of Tuscon
338152,Savings Bank of Fort Wayne
338153,First Bank of Sacramento
338154,Savings Bank of Plattsburg
338157,Acme Credit Union
338158,Brownstone Savings Bank
338161,First Bank of Pittsburgh
338162,First Bank of Huron
338164,First Bank of Butte
338169,Plateau Thrift
338170,First Bank of Dallas
338171,First Bank of Columbus
338173,Brook Cooperative Bank
338174,Bank of Madison
338176,Spain Bank #4333
338179,Bank of Los Angeles
338181,Capital Savings Bank
338183,National Bank of Springfield
338184,Plateau Trust Bank
338185,Bank of Huron
338186,Future Federal Bank
338192,First Bank of Columbus
338195,First Bank of Harrisburg
338196,Bank of Huron
338197,Savings Bank of Laramie
338199,National Bank of the South
338200,National Bank of Portsmouth
338201,City National Credit Union
338204,Bank of Laramie
338206,Austria Bank #3719
338209,Italy Bank #2289
338210,Oasis Savings Bank
338211,Dawn Cooperative Bank
338216,National Bank of Butte
338220,First Bank of Milford
338221,Bank of Topeka
338225,National Bank of Dallas
338226,Bank of Phoenix
338227,Future Savings Bank
338229,First Bank of Denver
338232,Capital Federal Bank
338233,Bank of Hartford
338236,National Bank of Fort Wayne
338237,Sea Trust Bank
338238,National Bank of Phoenix
338239,The Pine Trust Bank
338240,Future Federal Bank
338242,National Bank of Omaha
338244,Dawn Bank
338245,Brook Federal Bank
338248,Future Thrift
338250,Bank of Harrisburg
338252,Sea Community Bank
338253,National Bank of Plattsburg
338259,Savings Bank of Seattle
338260,Bank of Fairfield
338261,Bank of Indianapolis
338262,Italy Bank #5048
338264,National Bank of the East
338265,Savings Bank of Butte
338266,Spruce Bancorp
338271,Desert Credit Union
338272,Bank of Fort Wayne
338274,First Bank of Tampa
338278,Netherlands Bank #2793
338279,National Bank of Albany
338280,First Bank of Albany
338281,Hearthstone Trust Bank
338282,National Bank of Plattsburg
338283,Bank of Albany
338284,Hearthstone Trust Bank
338285,National Bank of Miami
338287,City National Federal Bank
338289,Bank of Newport
338290,Plateau Savings Bank
338291,National Bank of Chicago
338292,Baltech Bank
338294,Golden Savings Bank
338305,Bank of Fort Wayne
338307,Brook Community Bank
338313,Germany Bank #5388
338314,Finland Bank #5447
338315,Greece Bank #6198
338318,France Bank #3186
338319,Spain Bank #2387
338320,Spain Bank #4271
338325,National Bank of Boston
338326,Bank of Helena
338327,First Bank of Newbury
338329,Bank of the Valley
338330,Bank of Huron
338332,Flagstone Cooperative Bank
338335,Fieldstone Cooperative Bank
338336,First Bank of Houston
338342,Bank of New York
338343,First Bank of Helena
338346,Bank of Philadelphia
338348,Heath Trust Bank
338349,Oasis Cooperative Bank
338350,First Bank of Denver
338351,Netherlands Bank #6357
338352,National Bank of Tampa
338353,Savings Bank of the South
338354,Germany Bank #3595
338355,National Bank of the East
338358,Germany Bank #3071
338359,Savings Bank of Portland
338363,Desert Federal Bank
338364,First Bank of Portsmouth
338367,Bank of Milford
338368,Bank of Topeka
338370,First Bank of Tampa
338371,Hilltop Savings Bank
338372,First Bank of Portland
338373,Plandor Bancorp
338374,National Bank of Denver
338375,First Bank of Houston
338378,First Bank of Los Angeles
338379,Savings Bank of Albany
338380,Bank of Plattsburg
338381,Bank of Chicago
338382,City National Savings Bank
338383,Acme Federal Bank
338390,Plandor Bank
338391,Sunrise Federal Bank
338393,Spruce Bank
338394,National Bank of Tampa
338395,Baltech Bank
338396,Bank of Indianapolis
338398,National Bank of the East
338399,Dawn Cooperative Bank
338401,Bank of Billings
338402,National Bank of Laramie
338409,Bank of Providence
338411,National Bank of Montpelier
338414,National Bank of Seattle
338415,Bank of Lacrosse
338416,Brownstone Community Bank
338417,National Bank of Phoenix
338419,Brook Community Bank
338424,Desert Bancorp
338425,Willows Federal Bank
338426,Bank of Lacrosse
338427,Savings Bank of Providence
338428,Bank of Danbury
338429,First Bank of Montpelier
338432,First Bank of Cleveland
338433,First Bank of Plattsburg
338435,First Bank of Los Angeles
338437,Sunrise Community Bank
338438,Bank of Detroit
338440,Mountain Cooperative Bank
338442,First Bank of Lacrosse
338444,Oak Bancorp
338445,Heath Bank
338447,Bank of the West
338448,First Bank of Philadelphia
338450,Bank of Sacramento
338451,Bank of Plattsburg
338453,Savings Bank of Newport
338454,Savings Bank of Albany
338456,Fieldstone Bancorp
338459,Hilltop Credit Union
338461,City National Bank
338462,Baltech Trust Bank
338463,National Bank of Pittsburgh
338465,National Bank of Seattle
338466,First Bank of the Valley
338468,City National Federal Bank
338470,Italy Bank #6101
338471,Switzerland Bank #277
338475,Switzerland Bank #1330
338481,Switzerland Bank #1006
338482,Switzerland Bank #576
338483,Switzerland Bank #1038
338484,Switzerland Bank #126
338485,Switzerland Bank #104
338486,Switzerland Bank #87
338487,Switzerland Bank #140
338492,Switzerland Bank #89
338494,Switzerland Bank #156
338496,Switzerland Bank #1142
338498,Switzerland Bank #431
338501,Switzerland Bank #1304
338502,Switzerland Bank #1095
338503,Austria Bank #5812
338504,Mountain Community Bank
338506,Bank of Fort Wayne
338507,Savings Bank of Madison
338508,Savings Bank of Seattle
338510,Brownstone Trust Bank
338512,Bank of Portsmouth
338513,Bank of Lacrosse
338514,Savings Bank of Providence
338515,Brownstone Bancorp
338516,Savings Bank of Cleveland
338519,First Bank of Madison
338522,First Bank of Newbury
338524,First Bank of Providence
338527,Mountain Bancorp
338530,Flagstone Community Bank
338531,First Bank of Albany
338532,National Bank of the North
338533,Savings Bank of Indianapolis
338535,Oasis Community Bank
338537,National Bank of Watertown
338539,Spruce Trust Bank
338540,Bank of New York
338541,Heath Thrift
338543,National Bank of Arkadelphia
338545,Japan Bank #603
338547,Japan Bank #604
338549,Japan Bank #720
338550,Switzerland Bank #122
338551,Switzerland Bank #139
338553,Switzerland Bank #94
338555,Switzerland Bank #181
338556,Switzerland Bank #91
338559,Switzerland Bank #95
338560,Switzerland Bank #1019
338562,Switzerland Bank #97
338563,Switzerland Bank #931
338564,Switzerland Bank #1015
338566,Switzerland Bank #318
338570,Switzerland Bank #98
338571,Switzerland Bank #829
338573,UK Bank #567
338575,Switzerland Bank #384
338577,Switzerland Bank #326
338578,Switzerland Bank #1065
338579,Switzerland Bank #99
338580,Switzerland Bank #994
338583,Switzerland Bank #103
338584,Switzerland Bank #101
338585,Switzerland Bank #102
338586,Switzerland Bank #1026
338588,Switzerland Bank #130
338589,Switzerland Bank #1329
338595,Switzerland Bank #462
338597,Switzerland Bank #1050
338598,Switzerland Bank #1022
338599,Switzerland Bank #925
338601,Switzerland Bank #106
338602,First Bank of the South
338604,Savings Bank of New York
338607,Bank of Indianapolis
338608,Fieldstone Cooperative Bank
338610,Bank of Danbury
338611,National Bank of Springfield
338612,Germany Bank #5921
338615,Germany Bank #4622
338616,Germany Bank #4052
338617,France Bank #5977
338622,First Bank of Milford
338623,First Bank of Portsmouth
338626,Switzerland Bank #1117
338628,Switzerland Bank #134
338629,Switzerland Bank #149
338630,Switzerland Bank #1383
338631,Switzerland Bank #144
338632,Switzerland Bank #145
338633,Switzerland Bank #110
338634,Switzerland Bank #127
338635,Switzerland Bank #2
338638,Switzerland Bank #1044
338639,Switzerland Bank #1125
338640,Switzerland Bank #162
338643,Switzerland Bank #359
338644,Switzerland Bank #455
338645,Switzerland Bank #109
338646,Switzerland Bank #37
338647,Switzerland Bank #111
338651,Switzerland Bank #6
338652,Switzerland Bank #108
338653,Switzerland Bank #1017
338655,Switzerland Bank #1407
338657,Switzerland Bank #285
338658,Switzerland Bank #113
338661,Switzerland Bank #1016
338662,Switzerland Bank #114
338663,Switzerland Bank #352
338664,Switzerland Bank #331
338670,Switzerland Bank #190
338672,Switzerland Bank #1023
338673,Switzerland Bank #1041
338674,Switzerland Bank #930
338675,Switzerland Bank #419
338676,Switzerland Bank #993
338678,Switzerland Bank #135
338684,Switzerland Bank #116
338686,Switzerland Bank #117
338688,Switzerland Bank #1159
338690,Switzerland Bank #115
338691,Switzerland Bank #118
338694,Finland Bank #4327
338696,Bank of Billings
338697,National Bank of Fairfield
338698,Plateau Thrift
338699,Savings Bank of Augusta
338701,Italy Bank #5514
338703,Italy Bank #6199
338706,Belgium Bank #6060
338713,France Bank #2300
338716,Savings Bank of Philadelphia
338718,National Bank of Albany
338719,National Bank of Newbury
338720,First Bank of Augusta
338721,Hearthstone Cooperative Bank
338723,Italy Bank #6170
338724,Italy Bank #5842
338726,Dawn Thrift
338727,Bank of Newport
338728,First Bank of Phoenix
338731,Savings Bank of Boston
338733,Heath Cooperative Bank
338736,Bank of Tuscon
338739,Plateau Savings Bank
338741,First Bank of the North
338743,The Pine Community Bank
338746,National Bank of Danbury
338749,Bank of Phoenix
338750,Arbor Bancorp
338754,Spain Bank #5121
338759,Germany Bank #2451
338760,France Bank #5897
338763,Spain Bank #4275
338764,Bank of the North
338765,Savings Bank of Watertown
338766,Bank of Portland
338769,Sea Thrift
338770,Savings Bank of Denver
338771,First Bank of Seattle
338772,Bank of Portsmouth
338773,Savings Bank of Topeka
338774,Desert Federal Bank
338778,Germany Bank #2480
338779,France Bank #4886
338781,Germany Bank #2418
338783,Savings Bank of Harrisburg
338784,France Bank #3491
338785,Savings Bank of Billings
338786,First Bank of the Valley
338792,Bank of Lincoln
338796,Bank of Los Angeles
338797,France Bank #2393
338799,Regents Credit Union
338804,Desert Community Bank
338805,Netherlands Bank #5884
338806,Netherlands Bank #6061
338807,France Bank #3563
338808,Belgium Bank #3326
338809,Portugal Bank #3653
338811,Italy Bank #3341
338812,Bank of Madison
338815,Desert Community Bank
338816,The Pine Bank
338817,First Bank of Bridgeport
338819,Savings Bank of Plattsburg
338820,Oak Bancorp
338821,National Bank of Bridgeport
338822,Hearthstone Federal Bank
338824,Italy Bank #3425
338826,Dawn Cooperative Bank
338831,First Bank of the Valley
338833,National Bank of Butte
338835,National Bank of Arkadelphia
338837,Savings Bank of Madison
338838,Willows Bancorp
338841,National Bank of Providence
338842,Sunrise Federal Bank
338844,First Bank of Fort Wayne
338847,National Bank of Portsmouth
338849,National Bank of Augusta
338851,Bank of Arkadelphia
338855,First Bank of Cleveland
338856,National Bank of the West
338857,National Bank of Omaha
338858,National Bank of Lacrosse
338860,Baltech Community Bank
338861,National Bank of Pittsburgh
338862,Willows Bancorp
338864,Bank of Cleveland
338865,Hilltop Thrift
338868,Belgium Bank #2309
338869,Germany Bank #2306
338870,Spain Bank #2304
338871,Germany Bank #4662
338872,France Bank #2305
338874,Italy Bank #3830
338875,Spain Bank #4617
338876,Savings Bank of Madison
338877,Savings Bank of Denver
338880,Future Bank
338882,National Bank of Omaha
338885,Bank of Hartford
338887,Bank of Lincoln
338895,First Bank of Helena
338898,Germany Bank #2311
338900,Savings Bank of Lincoln
338901,Bank of Omaha
338904,Fieldstone Cooperative Bank
338905,Bank of Butte
338906,Switzerland Bank #163
338907,Switzerland Bank #143
338908,Switzerland Bank #929
338909,Switzerland Bank #952
338910,Switzerland Bank #963
338912,Switzerland Bank #838
338913,Switzerland Bank #966
338914,Switzerland Bank #194
338917,Switzerland Bank #355
338919,Switzerland Bank #927
338921,Switzerland Bank #137
338922,National Bank of Helena
338925,Switzerland Bank #1214
338927,Switzerland Bank #960
338931,Switzerland Bank #971
338934,Switzerland Bank #151
338935,Switzerland Bank #256
338936,Switzerland Bank #508
338939,Switzerland Bank #220
338940,Switzerland Bank #120
338941,Switzerland Bank #121
338942,Switzerland Bank #123
338943,Switzerland Bank #942
338945,Switzerland Bank #1053
338947,Switzerland Bank #153
338948,Switzerland Bank #160
338950,Switzerland Bank #125
338954,Switzerland Bank #128
338955,Switzerland Bank #1158
338957,Switzerland Bank #801
338958,Switzerland Bank #1051
338959,Switzerland Bank #752
338960,Switzerland Bank #129
338962,Switzerland Bank #142
338964,Switzerland Bank #940
338967,Switzerland Bank #131
338968,Switzerland Bank #152
338969,Switzerland Bank #1024
338977,Sappo Cooperative Bank
338979,Spruce Community Bank
338980,National Bank of Boston
338981,Sunrise Bancorp
338982,Germany Bank #2315
338983,Germany Bank #5227
338985,Bank of Augusta
338989,City National Community Bank
338991,First Bank of the South
338992,First Bank of Fairfield
338995,Baltech Thrift
339000,Willows Trust Bank
339006,National Bank of Springfield
339009,Fieldstone Federal Bank
339013,Switzerland Bank #278
339016,Switzerland Bank #430
339017,Switzerland Bank #494
339019,Switzerland Bank #172
339020,Switzerland Bank #956
339022,Switzerland Bank #146
339028,Germany Bank #2318
339029,France Bank #2317
339032,France Bank #4902
339034,Austria Bank #5885
339036,Croatia Bank #3745
339037,Germany Bank #2864
339039,Germany Bank #4057
339040,Switzerland Bank #876
339041,Switzerland Bank #150
339042,Switzerland Bank #136
339047,Switzerland Bank #15
339049,Switzerland Bank #1266
339050,Switzerland Bank #1389
339055,Switzerland Bank #138
339056,Switzerland Bank #869
339057,Switzerland Bank #297
339061,Switzerland Bank #237
339062,Switzerland Bank #246
339072,Switzerland Bank #933
339075,Switzerland Bank #230
339076,Switzerland Bank #177
339078,Switzerland Bank #141
339079,Switzerland Bank #1400
339082,Switzerland Bank #758
339083,Switzerland Bank #870
339084,Switzerland Bank #148
339086,Switzerland Bank #201
339087,Switzerland Bank #1079
339090,Switzerland Bank #577
339091,Switzerland Bank #808
339093,Switzerland Bank #209
339095,First Bank of Omaha
339097,First Bank of the North
339102,Switzerland Bank #805
339104,Switzerland Bank #1018
339107,Switzerland Bank #1127
339108,Switzerland Bank #1230
339110,Switzerland Bank #1104
339111,Switzerland Bank #157
339113,Switzerland Bank #1183
339115,Hilltop Savings Bank
339116,National Bank of Watertown
339117,Bank of the East
339118,Bank of Los Angeles
339122,Fieldstone Community Bank
339125,First Bank of Dallas
339127,Plandor Savings Bank
339132,Ireland Bank #4066
339133,Italy Bank #6171
339134,Netherlands Bank #3354
339135,France Bank #2373
339136,Germany Bank #2321
339137,First Bank of Providence
339139,Savings Bank of Huron
339140,National Bank of Lacrosse
339141,Austria Bank #5644
339146,First Bank of New York
339147,Bank of Laramie
339149,Future Bank
339150,Savings Bank of Indianapolis
339151,National Bank of Providence
339153,National Bank of Newbury
339154,Switzerland Bank #383
339155,Switzerland Bank #788
339157,Switzerland Bank #204
339158,Switzerland Bank #1008
339160,Switzerland Bank #1185
339162,Savings Bank of Tuscon
339163,Switzerland Bank #319
339165,Switzerland Bank #1073
339166,Switzerland Bank #410
339167,Switzerland Bank #1132
339168,Switzerland Bank #268
339169,Switzerland Bank #1020
339170,Switzerland Bank #368
339171,Switzerland Bank #186
339174,National Bank of Harrisburg
339175,Bank of Denver
339177,Plandor Thrift
339178,Bank of Newport
339180,Switzerland Bank #213
339181,Switzerland Bank #604
339182,Switzerland Bank #200
339183,Switzerland Bank #831
339185,Switzerland Bank #255
339186,Switzerland Bank #934
339189,Switzerland Bank #207
339190,Switzerland Bank #1092
339193,Switzerland Bank #989
339194,Switzerland Bank #155
339196,Switzerland Bank #166
339199,Switzerland Bank #937
339200,Switzerland Bank #1122
339206,Switzerland Bank #158
339207,Switzerland Bank #572
339211,Switzerland Bank #159
339212,Switzerland Bank #986
339213,Switzerland Bank #858
339214,Switzerland Bank #154
339215,Switzerland Bank #1120
339216,Switzerland Bank #217
339221,Switzerland Bank #210
339222,Switzerland Bank #1283
339224,Switzerland Bank #168
339225,Switzerland Bank #161
339228,Switzerland Bank #342
339230,Switzerland Bank #1021
339231,Switzerland Bank #491
339232,Switzerland Bank #165
339233,Switzerland Bank #1252
339234,Switzerland Bank #446
339237,Switzerland Bank #770
339238,Switzerland Bank #179
339239,Switzerland Bank #310
339243,Switzerland Bank #1054
339245,Switzerland Bank #1181
339246,Switzerland Bank #461
339247,Switzerland Bank #453
339248,Switzerland Bank #167
339249,Switzerland Bank #169
339250,Switzerland Bank #244
339251,Switzerland Bank #806
339252,Switzerland Bank #1355
339253,National Bank of Portland
339254,Brook Thrift
339258,Spain Bank #5947
339260,Germany Bank #2323
339261,Germany Bank #3048
339263,Switzerland Bank #981
339264,Switzerland Bank #173
339265,Switzerland Bank #1450
339266,Switzerland Bank #180
339267,Switzerland Bank #990
339268,Switzerland Bank #416
339269,Switzerland Bank #175
339270,Switzerland Bank #427
339272,China Bank #829
339274,China Bank #1173
339276,Switzerland Bank #305
339277,Switzerland Bank #176
339278,Switzerland Bank #212
339279,Switzerland Bank #1098
339281,Switzerland Bank #370
339286,Oasis Cooperative Bank
339287,Capital Savings Bank
339288,Sea Cooperative Bank
339290,National Bank of Springfield
339292,Germany Bank #3654
339293,France Bank #2325
339294,Switzerland Bank #182
339295,Switzerland Bank #183
339296,Switzerland Bank #185
339297,Switzerland Bank #946
339298,Switzerland Bank #464
339300,Switzerland Bank #187
339303,Switzerland Bank #583
339307,Switzerland Bank #335
339308,Switzerland Bank #23
339313,Future Community Bank
339315,Germany Bank #2806
339320,Italy Bank #4455
339321,Spain Bank #3208
339325,Italy Bank #5120
339327,Germany Bank #2477
339328,France Bank #2326
339330,Germany Bank #2329
339332,Spain Bank #3256
339334,Spain Bank #2327
339335,Slovakia Bank #2328
339336,France Bank #2877
339339,Bank of Augusta
339340,First Bank of New York
339343,Bank of Albany
339345,Bank of New York
339346,Bank of Helena
339349,National Bank of Lacrosse
339350,National Bank of Seattle
339351,Savings Bank of Lincoln
339353,First Bank of Montpelier
339354,City National Bancorp
339358,Dawn Trust Bank
339359,Bank of Pittsburgh
339361,National Bank of Tuscon
339364,National Bank of Providence
339365,Switzerland Bank #252
339367,Switzerland Bank #982
339370,Switzerland Bank #228
339372,City National Federal Bank
339374,National Bank of Tuscon
339375,First Bank of Plattsburg
339376,Savings Bank of Miami
339377,Netherlands Bank #3868
339378,France Bank #2878
339380,Germany Bank #2333
339384,Italy Bank #2507
339386,Italy Bank #2334
339388,France Bank #4888
339389,Italy Bank #2332
339392,Italy Bank #5610
339394,Germany Bank #2774
339395,Savings Bank of Providence
339397,Ireland Bank #2335
339399,National Bank of Arkadelphia
339401,Bank of Omaha
339406,National Bank of New York
339414,Germany Bank #3391
339415,Desert Trust Bank
339416,Germany Bank #5372
339420,Bank of the West
339422,Bank of Madison
339423,Golden Federal Bank
339428,Heath Credit Union
339429,Sappo Thrift
339433,First Bank of the South
339435,Germany Bank #5320
339436,China Bank #580
339438,China Bank #1040
339439,China Bank #32
339440,China Bank #1138
339442,China Bank #1020
339444,China Bank #533
339448,Heath Credit Union
339449,First Bank of the West
339450,Bank of Omaha
339451,National Bank of Cleveland
339454,Savings Bank of the West
339455,Bank of Fort Wayne
339457,Bank of New Orleans
339459,Bank of the North
339461,National Bank of Hartford
339464,China Bank #730
339465,China Bank #536
339467,China Bank #569
339468,China Bank #537
339469,China Bank #563
339472,China Bank #538
339476,First Bank of Plattsburg
339477,Belgium Bank #6338
339478,Italy Bank #2472
339480,Germany Bank #3583
339482,Savings Bank of the Valley
339484,Hearthstone Thrift
339488,National Bank of Laramie
339489,Capital Community Bank
339491,Savings Bank of Harrisburg
339493,Italy Bank #3517
339494,Greece Bank #6180
339497,Germany Bank #2341
339499,Spain Bank #2847
339501,Italy Bank #6416
339502,Italy Bank #2475
339505,Spain Bank #4618
339509,France Bank #2339
339511,Germany Bank #3076
339512,Italy Bank #3522
339513,Germany Bank #2342
339514,Italy Bank #6242
339515,Greece Bank #2343
339516,Germany Bank #3377
339518,Spain Bank #3231
339519,National Bank of Madison
339520,National Bank of New Orleans
339525,Germany Bank #5945
339526,Latvia Bank #2563
339527,France Bank #2347
339529,Finland Bank #5215
339534,Germany Bank #6361
339536,Italy Bank #2683
339549,Fieldstone Thrift
339550,Sunrise Cooperative Bank
339551,National Bank of Boston
339552,Italy Bank #2350
339553,Italy Bank #3448
339555,Netherlands Bank #6114
339556,France Bank #5815
339559,Germany Bank #3587
339560,Italy Bank #2344
339563,France Bank #6113
339564,Italy Bank #4094
339566,France Bank #4456
339567,Greece Bank #5455
339568,Savings Bank of Watertown
339569,Capital Credit Union
339570,National Bank of Watertown
339572,Switzerland Bank #950
339573,Switzerland Bank #507
339574,Switzerland Bank #1495
339575,Switzerland Bank #1087
339576,Switzerland Bank #291
339579,Switzerland Bank #1292
339581,Switzerland Bank #254
339582,Switzerland Bank #1316
339583,Switzerland Bank #192
339585,Switzerland Bank #486
339586,Switzerland Bank #1247
339589,Switzerland Bank #265
339590,Switzerland Bank #433
339592,Switzerland Bank #196
339593,Switzerland Bank #1063
339594,Switzerland Bank #203
339595,Switzerland Bank #1374
339597,Switzerland Bank #224
339598,Switzerland Bank #819
339599,Switzerland Bank #1211
339601,China Bank #623
339602,China Bank #543
339604,Desert Savings Bank
339605,National Bank of the West
339606,National Bank of Providence
339612,Japan Bank #803
339617,Japan Bank #1006
339618,Japan Bank #605
339620,Japan Bank #991
339622,Japan Bank #666
339623,Japan Bank #722
339624,China Bank #544
339628,China Bank #539
339630,China Bank #830
339632,China Bank #541
339635,China Bank #1041
339638,China Bank #741
339639,China Bank #540
339640,China Bank #542
339646,Switzerland Bank #345
339647,Switzerland Bank #202
339648,Switzerland Bank #214
339650,Switzerland Bank #191
339651,Switzerland Bank #1182
339654,City National Thrift
339659,Switzerland Bank #1177
339660,Switzerland Bank #195
339661,Switzerland Bank #1405
339663,Switzerland Bank #1126
339664,Switzerland Bank #1059
339665,Switzerland Bank #800
339667,Switzerland Bank #197
339668,Switzerland Bank #415
339670,Switzerland Bank #199
339671,Switzerland Bank #1094
339672,Switzerland Bank #1032
339674,Switzerland Bank #935
339678,Switzerland Bank #208
339679,The Pine Community Bank
339681,Switzerland Bank #936
339682,UK Bank #598
339685,Switzerland Bank #1429
339686,Switzerland Bank #1096
339688,Switzerland Bank #300
339690,Switzerland Bank #1342
339691,Switzerland Bank #269
339693,Switzerland Bank #1037
339696,Switzerland Bank #205
339697,Switzerland Bank #1128
339700,Switzerland Bank #1107
339701,Switzerland Bank #239
339703,Switzerland Bank #774
339704,Switzerland Bank #206
339706,Switzerland Bank #439
339708,Switzerland Bank #259
339710,Switzerland Bank #1011
339711,Switzerland Bank #793
339714,Switzerland Bank #4
339715,Switzerland Bank #938
339718,Switzerland Bank #229
339719,Switzerland Bank #211
339720,Switzerland Bank #640
339721,Switzerland Bank #315
339722,Switzerland Bank #336
339723,Switzerland Bank #283
339726,Switzerland Bank #948
339730,Switzerland Bank #985
339731,Switzerland Bank #515
339732,Switzerland Bank #218
339733,Switzerland Bank #1246
339736,Switzerland Bank #215
339737,Switzerland Bank #454
339740,Switzerland Bank #1058
339742,Switzerland Bank #670
339743,Switzerland Bank #918
339746,Switzerland Bank #1371
339749,Switzerland Bank #219
339751,Switzerland Bank #221
339752,Switzerland Bank #1184
339754,Switzerland Bank #222
339757,Switzerland Bank #344
339758,Switzerland Bank #223
339760,Switzerland Bank #236
339763,Switzerland Bank #1171
339767,Switzerland Bank #324
339770,Switzerland Bank #298
339771,Switzerland Bank #294
339772,Switzerland Bank #619
339773,Switzerland Bank #275
339774,Switzerland Bank #772
339776,Switzerland Bank #302
339784,Japan Bank #857
339785,Dawn Savings Bank
339789,Japan Bank #614
339790,Japan Bank #615
339794,Japan Bank #606
339798,First Bank of Detroit
339801,Japan Bank #609
339802,Japan Bank #653
339804,Japan Bank #1022
339805,Japan Bank #716
339806,Japan Bank #667
339809,Japan Bank #707
339813,Fieldstone Credit Union
339814,Japan Bank #702
339817,Japan Bank #620
339819,Japan Bank #728
339821,Switzerland Bank #943
339824,China Bank #645
339825,China Bank #547
339827,China Bank #549
339828,Switzerland Bank #225
339829,Switzerland Bank #301
339831,Switzerland Bank #226
339835,Switzerland Bank #501
339837,Switzerland Bank #242
339841,Switzerland Bank #612
339845,Switzerland Bank #243
339848,Switzerland Bank #1347
339851,Switzerland Bank #288
339852,Switzerland Bank #316
339853,Switzerland Bank #303
339854,Switzerland Bank #38
339856,Switzerland Bank #30
339859,Savings Bank of New York
339860,Switzerland Bank #227
339862,China Bank #847
339863,China Bank #748
339868,Switzerland Bank #339
339871,Germany Bank #6007
339872,Switzerland Bank #264
339874,Switzerland Bank #1056
339875,Switzerland Bank #312
339877,Switzerland Bank #340
339888,Switzerland Bank #422
339891,Switzerland Bank #444
339898,Switzerland Bank #1268
339899,Switzerland Bank #1236
339901,Switzerland Bank #1097
339902,Switzerland Bank #871
339903,Switzerland Bank #1003
339905,Switzerland Bank #1331
339907,Switzerland Bank #232
339908,Switzerland Bank #306
339909,Switzerland Bank #953
339910,Switzerland Bank #231
339912,Switzerland Bank #247
339914,Switzerland Bank #1372
339915,Switzerland Bank #233
339917,Switzerland Bank #1144
339918,Sunrise Thrift
339921,First Bank of Lacrosse
339925,Switzerland Bank #235
339928,Switzerland Bank #1013
339929,Plandor Cooperative Bank
339930,Switzerland Bank #1161
339932,Acme Trust Bank
339934,Switzerland Bank #1055
339935,Switzerland Bank #1322
339936,Switzerland Bank #460
339940,Switzerland Bank #371
339941,Switzerland Bank #262
339942,Switzerland Bank #238
339947,Switzerland Bank #984
339948,Switzerland Bank #292
339953,Switzerland Bank #240
339955,Switzerland Bank #241
339956,Switzerland Bank #797
339958,Switzerland Bank #784
339959,Switzerland Bank #282
339961,Switzerland Bank #700
339962,Switzerland Bank #1210
339964,Switzerland Bank #883
339965,Switzerland Bank #276
339968,Switzerland Bank #333
339970,Switzerland Bank #941
339974,Switzerland Bank #1045
339975,Switzerland Bank #245
339977,Switzerland Bank #1064
339980,Switzerland Bank #1160
339981,Switzerland Bank #1061
339983,Switzerland Bank #1274
339986,Switzerland Bank #766
339987,Switzerland Bank #260
339990,Switzerland Bank #959
339991,Switzerland Bank #1231
339994,Switzerland Bank #782
339996,Switzerland Bank #720
339998,Switzerland Bank #608
339999,Switzerland Bank #249
340000,Switzerland Bank #261
340001,Switzerland Bank #532
340003,Switzerland Bank #279
340004,Switzerland Bank #945
340006,Switzerland Bank #1298
340009,Switzerland Bank #1099
340013,Switzerland Bank #250
340016,Switzerland Bank #1338
340018,Switzerland Bank #295
340020,Switzerland Bank #807
340021,Switzerland Bank #251
340022,Switzerland Bank #392
340023,Switzerland Bank #865
340024,Switzerland Bank #257
340025,Switzerland Bank #258
340029,National Bank of Tuscon
340031,Switzerland Bank #263
340032,Switzerland Bank #992
340033,Switzerland Bank #314
340034,Switzerland Bank #286
340035,Switzerland Bank #523
340036,Switzerland Bank #341
340038,Switzerland Bank #281
340046,Canada Bank #434
340047,Canada Bank #911
340049,Canada Bank #859
340053,Switzerland Bank #270
340054,Switzerland Bank #618
340058,Switzerland Bank #287
340059,Switzerland Bank #1276
340061,Switzerland Bank #266
340062,Switzerland Bank #1100
340063,Switzerland Bank #479
340066,Switzerland Bank #1060
340067,Switzerland Bank #267
340070,Switzerland Bank #307
340074,Switzerland Bank #365
340076,Switzerland Bank #896
340077,Switzerland Bank #273
340080,Switzerland Bank #299
340082,Switzerland Bank #1176
340083,Switzerland Bank #1396
340085,Switzerland Bank #987
340087,Switzerland Bank #274
340090,Switzerland Bank #1209
340091,Switzerland Bank #271
340095,Switzerland Bank #1282
340097,Switzerland Bank #280
340098,Switzerland Bank #1134
340101,Switzerland Bank #289
340103,Switzerland Bank #1143
340106,Canada Bank #586
340110,Switzerland Bank #1270
340112,Switzerland Bank #330
340114,Switzerland Bank #988
340115,Switzerland Bank #329
340117,Switzerland Bank #1218
340118,Switzerland Bank #423
340119,Switzerland Bank #949
340120,Switzerland Bank #998
340121,Switzerland Bank #1334
340122,Switzerland Bank #348
340123,Switzerland Bank #510
340125,Switzerland Bank #605
340127,Switzerland Bank #293
340129,Switzerland Bank #290
340130,Switzerland Bank #1232
340132,Switzerland Bank #1057
340134,Switzerland Bank #296
340135,Switzerland Bank #1250
340136,Switzerland Bank #791
340139,Switzerland Bank #377
340142,Switzerland Bank #1442
340145,Switzerland Bank #738
340148,Switzerland Bank #1363
340149,Switzerland Bank #1313
340150,Switzerland Bank #850
340153,Switzerland Bank #320
340154,Switzerland Bank #373
340156,Switzerland Bank #304
340157,Switzerland Bank #332
340159,France Bank #5887
340161,France Bank #2351
340165,Switzerland Bank #1265
340170,Switzerland Bank #789
340172,Switzerland Bank #760
340173,Switzerland Bank #434
340175,Sappo Savings Bank
340176,Switzerland Bank #1362
340177,Switzerland Bank #308
340179,Switzerland Bank #1227
340180,Switzerland Bank #671
340182,Switzerland Bank #391
340184,Switzerland Bank #311
340185,Switzerland Bank #1293
340186,Switzerland Bank #903
340188,Switzerland Bank #1111
340189,Switzerland Bank #1033
340190,Switzerland Bank #1129
340191,Switzerland Bank #1146
340192,Switzerland Bank #309
340194,Switzerland Bank #478
340196,Switzerland Bank #313
340199,Switzerland Bank #1025
340200,Switzerland Bank #1234
340203,Switzerland Bank #317
340204,Switzerland Bank #972
340205,Bank of Columbus
340206,Bank of Albany
340211,Switzerland Bank #991
340212,Switzerland Bank #405
340213,Switzerland Bank #321
340215,Switzerland Bank #1027
340221,Switzerland Bank #334
340222,Switzerland Bank #322
340223,Switzerland Bank #323
340224,National Bank of Phoenix
340225,Golden Credit Union
340226,Acme Trust Bank
340228,Switzerland Bank #411
340229,Switzerland Bank #1427
340230,Switzerland Bank #773
340231,Switzerland Bank #325
340235,Switzerland Bank #327
340240,Switzerland Bank #328
340242,Switzerland Bank #1035
340244,Switzerland Bank #1493
340245,Switzerland Bank #1498
340246,Switzerland Bank #506
340247,National Bank of Dallas
340248,Switzerland Bank #1348
340250,Switzerland Bank #375
340251,Savings Bank of New Orleans
340253,Oak Community Bank
340255,National Bank of the North
340259,National Bank of Omaha
340260,National Bank of Boston
340261,Oak Federal Bank
340263,Bank of Seattle
340264,Spain Bank #2369
340271,Germany Bank #6210
340272,Spain Bank #2471
340273,Italy Bank #3689
340277,Finland Bank #3880
340279,Germany Bank #2353
340280,Germany Bank #6273
340282,Spain Bank #2355
340283,Italy Bank #2370
340284,Germany Bank #2900
340285,Italy Bank #5029
340287,Germany Bank #2371
340288,Netherlands Bank #6417
340291,France Bank #3067
340293,Germany Bank #2358
340295,France Bank #2797
340296,Finland Bank #5379
340297,Belgium Bank #5548
340298,Germany Bank #5515
340300,Germany Bank #2359
340301,Netherlands Bank #2675
340303,Italy Bank #2365
340306,Spain Bank #4766
340307,Italy Bank #3845
340308,Germany Bank #3674
340310,Spain Bank #5021
340313,Germany Bank #2368
340317,France Bank #3828
340320,Portugal Bank #2908
340322,Germany Bank #3258
340323,Croatia Bank #4669
340326,Savings Bank of Newbury
340327,Future Bancorp
340328,Bank of Philadelphia
340331,Willows Community Bank
340332,National Bank of Dallas
340336,National Bank of Springfield
340337,Savings Bank of Pittsburgh
340338,First Bank of Tuscon
340339,Fieldstone Savings Bank
340340,Hilltop Federal Bank
340342,Bank of Columbus
340344,Spruce Federal Bank
340348,Bank of Houston
340349,National Bank of Lincoln
340354,First Bank of Lacrosse
340356,City National Trust Bank
340359,Bank of Lacrosse
340362,Dawn Cooperative Bank
340364,Capital Cooperative Bank
340365,Bank of the North
340366,Savings Bank of Huron
340368,Savings Bank of Los Angeles
340370,National Bank of Hartford
340372,First Bank of Albany
340376,First Bank of Harrisburg
340377,Bank of Sacramento
340378,National Bank of Boston
340380,National Bank of New York
340381,National Bank of Huron
340383,National Bank of Denver
340384,Plateau Federal Bank
340385,Plandor Community Bank
340386,National Bank of Houston
340387,City National Bancorp
340388,Plandor Savings Bank
340389,Flagstone Federal Bank
340393,National Bank of Fairfield
340396,Bank of Fairfield
340398,First Bank of Huron
340399,Dawn Federal Bank
340402,Switzerland Bank #1130
340403,Switzerland Bank #1206
340404,Switzerland Bank #1288
340406,Switzerland Bank #947
340409,Switzerland Bank #915
340412,Switzerland Bank #421
340413,Switzerland Bank #388
340415,Switzerland Bank #617
340416,Switzerland Bank #338
340418,Savings Bank of Miami
340419,National Bank of Fort Wayne
340420,Savings Bank of Helena
340421,Spruce Credit Union
340423,First Bank of Houston
340424,Bank of Bridgeport
340425,Plateau Thrift
340426,First Bank of Topeka
340428,Spain Bank #4643
340430,Spain Bank #3068
340435,Germany Bank #5765
340436,Germany Bank #5375
340437,Latvia Bank #5122
340438,France Bank #2611
340439,Finland Bank #4770
340442,Netherlands Bank #4284
340443,Germany Bank #3313
340445,Brownstone Federal Bank
340448,First Bank of Tuscon
340450,Savings Bank of New York
340451,Savings Bank of Montpelier
340452,Bank of Portland
340456,Italy Bank #3392
340457,Austria Bank #6393
340459,Germany Bank #4623
340463,France Bank #2375
340466,France Bank #3331
340468,Italy Bank #6317
340470,Bank of the South
340471,Bank of Cleveland
340472,Regents Cooperative Bank
340474,National Bank of Albany
340476,Switzerland Bank #1245
340479,Switzerland Bank #1453
340480,Switzerland Bank #913
340482,National Bank of Albany
340483,Savings Bank of Hartford
340484,National Bank of Chicago
340485,Switzerland Bank #709
340487,Switzerland Bank #347
340488,First Bank of Chicago
340489,Savings Bank of Augusta
340490,Bank of Omaha
340492,First Bank of Los Angeles
340493,National Bank of Augusta
340495,Savings Bank of Helena
340497,First Bank of Bridgeport
340498,First Bank of Danbury
340500,Dawn Federal Bank
340504,Austria Bank #5843
340508,National Bank of Denver
340509,First Bank of Tuscon
340510,France Bank #5391
340511,Germany Bank #4624
340512,Italy Bank #5217
340513,France Bank #2379
340514,Netherlands Bank #2956
340515,Belgium Bank #3593
340516,Germany Bank #2380
340517,Italy Bank #5163
340520,Slovakia Bank #2417
340521,Future Bancorp
340522,City National Cooperative Bank
340527,Spruce Thrift
340528,Savings Bank of Philadelphia
340529,First Bank of Fairfield
340530,National Bank of Indianapolis
340531,First Bank of Montpelier
340533,National Bank of Lincoln
340535,Hearthstone Bancorp
340543,Switzerland Bank #372
340544,Switzerland Bank #823
340545,Switzerland Bank #1062
340546,Switzerland Bank #1215
340547,Switzerland Bank #343
340548,Switzerland Bank #414
340550,Switzerland Bank #1119
340551,Germany Bank #5380
340556,First Bank of the East
340558,Greece Bank #2384
340559,Spain Bank #2995
340564,Italy Bank #5378
340566,Germany Bank #3604
340567,Italy Bank #6337
340568,Croatia Bank #2386
340570,France Bank #5703
340573,Spain Bank #5590
340574,France Bank #3125
340576,Switzerland Bank #353
340578,Switzerland Bank #1186
340581,Switzerland Bank #376
340583,Switzerland Bank #1101
340584,Switzerland Bank #1048
340585,Savings Bank of Newbury
340591,Switzerland Bank #973
340592,Switzerland Bank #387
340593,Switzerland Bank #534
340597,Switzerland Bank #1249
340600,Switzerland Bank #1108
340601,Switzerland Bank #682
340602,Switzerland Bank #346
340604,Switzerland Bank #1221
340607,Switzerland Bank #905
340608,Switzerland Bank #441
340611,Switzerland Bank #1070
340612,Switzerland Bank #349
340613,Switzerland Bank #369
340616,Switzerland Bank #1004
340618,Switzerland Bank #1296
340619,Switzerland Bank #855
340622,Switzerland Bank #350
340623,Switzerland Bank #839
340624,Switzerland Bank #542
340627,Switzerland Bank #469
340628,Switzerland Bank #1243
340630,Switzerland Bank #351
340632,Switzerland Bank #1435
340633,Switzerland Bank #1030
340635,Switzerland Bank #440
340639,Switzerland Bank #452
340641,Switzerland Bank #7
340642,Switzerland Bank #911
340645,Switzerland Bank #354
340650,Switzerland Bank #722
340651,Switzerland Bank #895
340653,Switzerland Bank #723
340654,Switzerland Bank #1451
340655,Switzerland Bank #1178
340657,Switzerland Bank #358
340658,Switzerland Bank #356
340659,Switzerland Bank #357
340660,Switzerland Bank #1278
340661,Switzerland Bank #443
340662,Switzerland Bank #783
340663,Switzerland Bank #809
340666,Switzerland Bank #456
340667,Switzerland Bank #360
340669,Switzerland Bank #361
340670,Switzerland Bank #775
340672,Switzerland Bank #880
340676,Switzerland Bank #555
340678,Switzerland Bank #1264
340680,Switzerland Bank #500
340683,Bank of Milford
340684,First Bank of Indianapolis
340685,Bank of Lacrosse
340687,Switzerland Bank #362
340688,Switzerland Bank #686
340691,Switzerland Bank #965
340693,Switzerland Bank #363
340697,Switzerland Bank #408
340699,Switzerland Bank #761
340700,Switzerland Bank #366
340704,Switzerland Bank #367
340705,Switzerland Bank #1113
340706,Switzerland Bank #562
340709,Switzerland Bank #407
340713,Switzerland Bank #1275
340716,Switzerland Bank #1224
340718,Switzerland Bank #1478
340719,Switzerland Bank #790
340722,Italy Bank #2541
340724,Savings Bank of Dallas
340725,Flagstone Trust Bank
340726,Desert Trust Bank
340730,Switzerland Bank #432
340731,Switzerland Bank #762
340733,Switzerland Bank #1384
340734,Switzerland Bank #1031
340735,Switzerland Bank #378
340737,Savings Bank of Tampa
340744,Switzerland Bank #614
340746,Switzerland Bank #385
340747,Switzerland Bank #1284
340749,Switzerland Bank #535
340750,Switzerland Bank #1102
340753,Switzerland Bank #646
340754,Switzerland Bank #379
340757,Switzerland Bank #1141
340759,Switzerland Bank #374
340763,Switzerland Bank #1401
340765,Switzerland Bank #568
340767,Switzerland Bank #497
340769,Switzerland Bank #1131
340770,Savings Bank of Newport
340771,Bank of Helena
340772,Savings Bank of Houston
340773,Plateau Trust Bank
340774,Bank of Montpelier
340776,Switzerland Bank #380
340777,Switzerland Bank #1204
340778,Switzerland Bank #438
340779,Switzerland Bank #381
340780,Switzerland Bank #413
340781,Switzerland Bank #459
340785,Switzerland Bank #382
340788,Switzerland Bank #428
340789,Switzerland Bank #845
340794,First Bank of Lincoln
340795,Golden Community Bank
340796,Switzerland Bank #386
340800,Switzerland Bank #390
340802,Switzerland Bank #536
340803,Switzerland Bank #1068
340805,Switzerland Bank #1509
340806,Switzerland Bank #1075
340807,Switzerland Bank #463
340809,Switzerland Bank #1028
340812,Switzerland Bank #1133
340815,Switzerland Bank #1326
340817,Switzerland Bank #395
340818,Switzerland Bank #884
340819,Switzerland Bank #1364
340820,Switzerland Bank #1297
340823,Switzerland Bank #1115
340824,Switzerland Bank #396
340825,Switzerland Bank #397
340826,Switzerland Bank #514
340827,Switzerland Bank #1233
340828,Switzerland Bank #1034
340829,Switzerland Bank #435
340830,Switzerland Bank #674
340831,Switzerland Bank #1341
340833,Switzerland Bank #420
340835,Switzerland Bank #393
340836,Switzerland Bank #996
340837,Switzerland Bank #412
340838,Switzerland Bank #394
340839,Switzerland Bank #449
340840,Switzerland Bank #1163
340841,Switzerland Bank #1358
340846,Switzerland Bank #560
340847,Switzerland Bank #1361
340848,Switzerland Bank #538
340849,Sunrise Bancorp
340850,Bank of Detroit
340851,First Bank of Cleveland
340853,National Bank of Fort Wayne
340857,First Bank of Dallas
340858,Savings Bank of Omaha
340859,Italy Bank #5956
340861,France Bank #5219
340862,Italy Bank #3846
340865,Switzerland Bank #1291
340866,Switzerland Bank #1138
340868,Switzerland Bank #398
340871,China Bank #573
340872,China Bank #1051
340873,China Bank #574
340875,China Bank #551
340879,China Bank #1015
340883,China Bank #779
340885,China Bank #1132
340887,China Bank #651
340889,First Bank of Seattle
340892,China Bank #554
340895,China Bank #690
340897,China Bank #760
340898,China Bank #875
340899,China Bank #560
340900,China Bank #731
340903,China Bank #770
340906,Japan Bank #621
340908,National Bank of the West
340909,China Bank #556
340910,China Bank #786
340911,China Bank #559
340912,China Bank #700
340913,China Bank #739
340915,China Bank #780
340916,China Bank #800
340918,China Bank #1095
340919,China Bank #1146
340921,China Bank #940
340923,China Bank #1073
340924,China Bank #838
340926,China Bank #952
340927,China Bank #588
340928,China Bank #637
340932,China Bank #575
340933,China Bank #1174
340935,China Bank #977
340938,China Bank #562
340939,China Bank #1063
340943,China Bank #978
340946,China Bank #630
340949,China Bank #1031
340951,China Bank #599
340954,China Bank #932
340959,China Bank #849
340966,China Bank #566
340967,China Bank #857
340968,China Bank #1045
340969,China Bank #953
340972,China Bank #755
340973,China Bank #1176
340974,China Bank #712
340975,China Bank #1092
340980,China Bank #848
340983,China Bank #1133
340985,Future Thrift
340987,China Bank #824
340988,China Bank #733
340989,Bank of Watertown
340990,Savings Bank of Danbury
340992,Future Bancorp
340993,France Bank #3499
340996,First Bank of Providence
340997,China Bank #1134
341000,China Bank #1165
341003,Italy Bank #2389
341004,China Bank #1080
341006,China Bank #734
341011,China Bank #991
341014,China Bank #821
341019,China Bank #840
341021,China Bank #577
341023,Switzerland Bank #637
341025,Switzerland Bank #399
341026,Switzerland Bank #1135
341029,Switzerland Bank #1202
341032,Switzerland Bank #400
341034,Switzerland Bank #1173
341036,Switzerland Bank #1103
341037,Switzerland Bank #401
341038,Switzerland Bank #1273
341040,Switzerland Bank #468
341045,Switzerland Bank #402
341046,Switzerland Bank #465
341050,Switzerland Bank #1380
341051,Switzerland Bank #816
341054,Switzerland Bank #1116
341055,Switzerland Bank #404
341058,Switzerland Bank #403
341062,Switzerland Bank #810
341064,Switzerland Bank #1067
341065,Switzerland Bank #541
341066,Switzerland Bank #1248
341067,Switzerland Bank #406
341069,Switzerland Bank #887
341070,Switzerland Bank #437
341073,Switzerland Bank #1029
341075,Switzerland Bank #951
341076,Switzerland Bank #565
341079,Switzerland Bank #814
341080,Switzerland Bank #1076
341081,Switzerland Bank #999
341082,Switzerland Bank #426
341083,Switzerland Bank #470
341084,Switzerland Bank #447
341087,Switzerland Bank #1078
341090,Switzerland Bank #1299
341092,Switzerland Bank #409
341094,Switzerland Bank #566
341095,Switzerland Bank #429
341097,Switzerland Bank #1172
341098,Switzerland Bank #475
341099,Switzerland Bank #1114
341100,Switzerland Bank #1375
341101,Switzerland Bank #684
341104,Bank of Watertown
341109,Switzerland Bank #442
341111,Switzerland Bank #1467
341115,Switzerland Bank #1349
341117,Switzerland Bank #1402
341121,Savings Bank of Seattle
341122,Savings Bank of Hartford
341123,Willows Savings Bank
341125,Acme Trust Bank
341128,Croatia Bank #5123
341132,Spain Bank #3607
341133,Italy Bank #6425
341135,Hilltop Trust Bank
341139,Switzerland Bank #1235
341140,Switzerland Bank #1350
341141,Switzerland Bank #580
341144,Switzerland Bank #623
341151,Switzerland Bank #1285
341153,Switzerland Bank #995
341155,Switzerland Bank #450
341156,Switzerland Bank #1000
341159,France Bank #5985
341161,France Bank #3584
341163,Switzerland Bank #751
341166,Switzerland Bank #1124
341171,Bank of the North
341172,Bank of Denver
341173,First Bank of Danbury
341175,First Bank of Miami
341176,Bank of Madison
341178,Savings Bank of Hartford
341179,Switzerland Bank #1164
341180,Switzerland Bank #1216
341182,Switzerland Bank #603
341185,China Bank #578
341186,China Bank #649
341188,Switzerland Bank #1187
341191,Switzerland Bank #1332
341193,Switzerland Bank #1222
341194,Acme Bank
341198,Switzerland Bank #1083
341199,Switzerland Bank #613
341200,Switzerland Bank #1314
341202,Switzerland Bank #1212
341203,Estonia Bank #4929
341205,Switzerland Bank #1497
341207,Switzerland Bank #418
341208,Switzerland Bank #570
341209,First Bank of Dallas
341211,Sunrise Community Bank
341212,The Pine Thrift
341213,Switzerland Bank #424
341214,Switzerland Bank #1136
341215,Switzerland Bank #1356
341216,Switzerland Bank #425
341218,Switzerland Bank #1489
341223,Switzerland Bank #1162
341224,Switzerland Bank #997
341225,Switzerland Bank #1105
341227,Switzerland Bank #866
341229,Heath Federal Bank
341233,Switzerland Bank #1496
341235,Switzerland Bank #1317
341237,Switzerland Bank #530
341238,Switzerland Bank #1351
341244,Switzerland Bank #716
341245,Switzerland Bank #448
341246,Switzerland Bank #1323
341251,Switzerland Bank #1376
341253,Switzerland Bank #1106
341255,Switzerland Bank #1188
341256,Switzerland Bank #1315
341258,Switzerland Bank #1213
341260,Switzerland Bank #1005
341262,Switzerland Bank #504
341263,Switzerland Bank #451
341264,Switzerland Bank #610
341266,Switzerland Bank #1392
341267,Switzerland Bank #672
341268,Switzerland Bank #445
341272,Switzerland Bank #1192
341273,Switzerland Bank #436
341276,Switzerland Bank #589
341278,Switzerland Bank #1267
341282,Switzerland Bank #1286
341284,Switzerland Bank #976
341286,Switzerland Bank #1189
341287,Switzerland Bank #1325
341288,Switzerland Bank #919
341290,Switzerland Bank #561
341292,Switzerland Bank #1254
341294,Switzerland Bank #1196
341295,Switzerland Bank #1309
341296,Switzerland Bank #1137
341297,Switzerland Bank #1289
341298,UK Bank #989
341301,Savings Bank of Chicago
341303,Plandor Thrift
341304,Switzerland Bank #852
341305,Switzerland Bank #837
341306,Switzerland Bank #533
341307,Switzerland Bank #528
341311,Switzerland Bank #1256
341312,Switzerland Bank #1208
341317,Switzerland Bank #499
341319,Switzerland Bank #1426
341321,Switzerland Bank #1166
341331,Switzerland Bank #1165
341333,Switzerland Bank #484
341336,Switzerland Bank #1139
341339,Switzerland Bank #466
341340,City National Federal Bank
341343,Switzerland Bank #1193
341344,Switzerland Bank #815
341345,Switzerland Bank #759
341348,Switzerland Bank #457
341349,Switzerland Bank #458
341351,Switzerland Bank #467
341352,Switzerland Bank #1385
341357,Switzerland Bank #1110
341359,Switzerland Bank #1261
341360,Switzerland Bank #503
341361,Switzerland Bank #1481
341362,Switzerland Bank #669
341367,Switzerland Bank #1001
341368,Switzerland Bank #1140
341369,First Bank of Los Angeles
341370,First Bank of Pittsburgh
341371,National Bank of Detroit
341372,First Bank of Bridgeport
341376,First Bank of Watertown
341378,First Bank of Butte
341384,Savings Bank of Huron
341385,Savings Bank of Bridgeport
341386,First Bank of Philadelphia
341388,Bank of Hartford
341390,Bank of Indianapolis
341393,National Bank of Danbury
341394,Savings Bank of the South
341395,National Bank of Tampa
341396,Bank of Topeka
341399,Spain Bank #2398
341401,Italy Bank #2425
341406,France Bank #5520
341407,Netherlands Bank #5135
341411,Bank of the West
341412,Savings Bank of Albany
341413,Bank of Omaha
341414,First Bank of Newport
341415,Savings Bank of Laramie
341417,City National Thrift
341422,First Bank of Lincoln
341426,National Bank of Seattle
341427,National Bank of Detroit
341429,National Bank of Watertown
341431,Savings Bank of Miami
341432,Plandor Credit Union
341433,Italy Bank #5604
341434,Italy Bank #5386
341436,Brownstone Credit Union
341437,First Bank of Milford
341438,National Bank of Milford
341439,Bank of the East
341441,Savings Bank of Philadelphia
341443,National Bank of Arkadelphia
341444,First Bank of Boston
341448,Fieldstone Thrift
341449,First Bank of the East
341451,Mountain Trust Bank
341453,Flagstone Trust Bank
341455,Savings Bank of Tuscon
341456,Hilltop Trust Bank
341457,Savings Bank of Lincoln
341460,National Bank of Newbury
341461,Capital Bank
341467,First Bank of Lincoln
341468,Acme Thrift
341469,Bank of Tampa
341471,Heath Trust Bank
341474,Acme Savings Bank
341478,First Bank of Huron
341480,First Bank of Boston
341481,Fieldstone Community Bank
341482,Regents Trust Bank
341483,Regents Savings Bank
341485,National Bank of Phoenix
341486,Bank of Billings
341488,Capital Community Bank
341490,Switzerland Bank #471
341491,Switzerland Bank #1301
341492,Switzerland Bank #578
341494,Switzerland Bank #842
341495,Switzerland Bank #1269
341496,Switzerland Bank #893
341498,Switzerland Bank #1422
341500,Switzerland Bank #767
341503,Bank of Indianapolis
341504,Regents Bancorp
341511,Switzerland Bank #472
341514,Savings Bank of Providence
341515,Switzerland Bank #527
341516,Switzerland Bank #476
341517,Switzerland Bank #1416
341518,Switzerland Bank #473
341519,Switzerland Bank #569
341520,Switzerland Bank #1109
341521,Switzerland Bank #474
341525,Switzerland Bank #477
341527,Bank of Detroit
341531,Switzerland Bank #1281
341532,Switzerland Bank #907
341533,Switzerland Bank #1365
341534,Switzerland Bank #621
341539,Switzerland Bank #489
341541,Switzerland Bank #1390
341542,Switzerland Bank #731
341544,Baltech Savings Bank
341549,Savings Bank of Seattle
341551,Bank of Pittsburgh
341552,Switzerland Bank #652
341553,Switzerland Bank #1386
341555,Future Bancorp
341556,Savings Bank of Tampa
341561,Switzerland Bank #1155
341562,Switzerland Bank #846
341566,Switzerland Bank #1343
341568,Switzerland Bank #1352
341571,Switzerland Bank #1123
341575,Switzerland Bank #916
341576,Switzerland Bank #1190
341578,Switzerland Bank #1043
341579,Switzerland Bank #545
341581,Switzerland Bank #1066
341585,Savings Bank of Butte
341593,Spain Bank #2894
341595,Spain Bank #6071
341598,Spain Bank #5715
341599,Switzerland Bank #679
341600,Switzerland Bank #481
341605,Switzerland Bank #487
341606,Switzerland Bank #1391
341609,Switzerland Bank #1002
341612,Switzerland Bank #1287
341615,Switzerland Bank #1488
341617,Switzerland Bank #824
341621,Switzerland Bank #665
341623,Switzerland Bank #753
341624,Switzerland Bank #1305
341625,Switzerland Bank #480
341627,Switzerland Bank #563
341630,Switzerland Bank #482
341631,Switzerland Bank #832
341633,Switzerland Bank #1180
341634,Switzerland Bank #1010
341638,Switzerland Bank #551
341639,Switzerland Bank #483
341641,Switzerland Bank #861
341643,Switzerland Bank #485
341644,Switzerland Bank #1240
341645,Switzerland Bank #602
341646,Switzerland Bank #897
341647,Switzerland Bank #488
341648,Switzerland Bank #1271
341650,Switzerland Bank #1219
341651,Switzerland Bank #978
341652,Switzerland Bank #958
341655,Switzerland Bank #711
341658,Switzerland Bank #1410
341659,Savings Bank of Miami
341666,Switzerland Bank #490
341667,Switzerland Bank #492
341669,China Bank #753
341670,China Bank #582
341675,Bank of Laramie
341678,Bank of Denver
341680,Baltech Cooperative Bank
341681,Flagstone Bank
341684,Golden Cooperative Bank
341685,National Bank of Milford
341689,Brook Bank
341692,Bank of Helena
341693,Savings Bank of Los Angeles
341695,First Bank of Plattsburg
341696,Switzerland Bank #495
341697,Switzerland Bank #1366
341698,Switzerland Bank #1118
341699,Switzerland Bank #833
341700,Switzerland Bank #493
341701,Switzerland Bank #496
341703,Switzerland Bank #498
341706,Switzerland Bank #1468
341707,Switzerland Bank #778
341708,Switzerland Bank #848
341709,Switzerland Bank #594
341711,Switzerland Bank #1501
341712,Switzerland Bank #1226
341714,Switzerland Bank #792
341715,Switzerland Bank #955
341717,Switzerland Bank #1470
341718,Switzerland Bank #1469
341720,Switzerland Bank #872
341721,Switzerland Bank #1415
341722,Switzerland Bank #1272
341726,Switzerland Bank #961
341729,Switzerland Bank #509
341731,Switzerland Bank #559
341735,Switzerland Bank #1069
341736,Switzerland Bank #847
341740,Switzerland Bank #1207
341742,Switzerland Bank #502
341745,China Bank #781
341752,Switzerland Bank #518
341753,Switzerland Bank #1387
341754,Switzerland Bank #1377
341756,Switzerland Bank #601
341757,First Bank of Lincoln
341759,Bank of the Valley
341764,Switzerland Bank #1423
341768,Switzerland Bank #901
341772,Switzerland Bank #1191
341775,Switzerland Bank #1456
341778,Switzerland Bank #877
341781,Switzerland Bank #611
341782,Switzerland Bank #1072
341783,Switzerland Bank #1302
341788,Switzerland Bank #1112
341789,Switzerland Bank #1353
341790,Switzerland Bank #505
341792,Switzerland Bank #1333
341793,Switzerland Bank #811
341794,Switzerland Bank #677
341795,Switzerland Bank #840
341797,Switzerland Bank #662
341799,Switzerland Bank #511
341800,Switzerland Bank #1303
341802,Switzerland Bank #620
341804,Switzerland Bank #512
341805,Switzerland Bank #513
341807,Switzerland Bank #1036
341810,Switzerland Bank #1088
341811,Switzerland Bank #779
341813,Switzerland Bank #1436
341816,Switzerland Bank #516
341823,Switzerland Bank #754
341824,Switzerland Bank #517
341829,Switzerland Bank #675
341832,Switzerland Bank #1454
341833,Switzerland Bank #1318
341835,Switzerland Bank #1443
341836,Switzerland Bank #1174
341839,Switzerland Bank #553
341845,Brook Cooperative Bank
341846,Bank of Augusta
341847,Savings Bank of Danbury
341849,Switzerland Bank #519
341850,Switzerland Bank #967
341852,Switzerland Bank #521
341854,Switzerland Bank #520
341856,First Bank of the South
341857,Switzerland Bank #841
341859,Switzerland Bank #525
341860,Switzerland Bank #1471
341861,Switzerland Bank #1007
341864,Switzerland Bank #1455
341865,Switzerland Bank #747
341870,Switzerland Bank #902
341871,Switzerland Bank #522
341872,Switzerland Bank #1170
341873,Greece Bank #2400
341877,Switzerland Bank #917
341878,Switzerland Bank #1475
341879,Switzerland Bank #622
341880,Switzerland Bank #1337
341882,Switzerland Bank #1084
341884,Switzerland Bank #1460
341888,Switzerland Bank #651
341889,Bank of Montpelier
341890,First Bank of Helena
341891,Oak Cooperative Bank
341895,Switzerland Bank #666
341896,Switzerland Bank #1339
341897,Flagstone Federal Bank
341898,Switzerland Bank #834
341899,Switzerland Bank #529
341903,Switzerland Bank #1479
341906,Switzerland Bank #564
341908,Switzerland Bank #1452
341909,Switzerland Bank #531
341912,Switzerland Bank #1474
341914,First Bank of Bridgeport
341916,Switzerland Bank #1150
341918,Switzerland Bank #1502
341919,Switzerland Bank #526
341921,Switzerland Bank #1251
341926,Switzerland Bank #878
341927,Switzerland Bank #881
341929,Switzerland Bank #1335
341931,Switzerland Bank #667
341933,Switzerland Bank #827
341935,Switzerland Bank #1047
341939,Switzerland Bank #590
341941,Switzerland Bank #591
341944,Switzerland Bank #1217
341947,Switzerland Bank #820
341950,Switzerland Bank #1480
341953,Switzerland Bank #689
341955,Switzerland Bank #698
341956,Japan Bank #622
341957,Japan Bank #944
341959,Japan Bank #16
341960,Japan Bank #911
341962,Switzerland Bank #592
341965,Switzerland Bank #661
341967,Switzerland Bank #974
341970,Switzerland Bank #704
341971,Switzerland Bank #1419
341978,Switzerland Bank #826
341979,Switzerland Bank #1431
341982,Switzerland Bank #1373
341983,Switzerland Bank #1071
341984,Switzerland Bank #1049
341992,Switzerland Bank #771
341993,Switzerland Bank #539
341994,Switzerland Bank #547
341995,Switzerland Bank #540
342000,Savings Bank of Hartford
342004,National Bank of New Orleans
342005,Savings Bank of Newbury
342006,Savings Bank of Bridgeport
342008,Savings Bank of Los Angeles
342011,First Bank of the Valley
342013,First Bank of Omaha
342014,Switzerland Bank #692
342015,Switzerland Bank #543
342018,Switzerland Bank #593
342020,Switzerland Bank #1466
342023,Switzerland Bank #970
342024,Switzerland Bank #693
342025,Switzerland Bank #1354
342029,Switzerland Bank #1168
342031,Switzerland Bank #1253
342033,Switzerland Bank #1464
342035,Switzerland Bank #1085
342036,Switzerland Bank #548
342037,China Bank #904
342038,China Bank #579
342039,China Bank #587
342041,China Bank #1102
342043,China Bank #583
342046,China Bank #1142
342049,China Bank #782
342050,China Bank #585
342052,China Bank #1147
342054,China Bank #1018
342056,China Bank #586
342057,China Bank #749
342058,China Bank #704
342059,China Bank #589
342061,China Bank #591
342064,Switzerland Bank #817
342065,Switzerland Bank #1417
342066,Switzerland Bank #1360
342068,Switzerland Bank #549
342069,Switzerland Bank #962
342070,Switzerland Bank #1336
342071,Switzerland Bank #755
342072,Switzerland Bank #645
342073,Switzerland Bank #599
342075,Switzerland Bank #1403
342076,Switzerland Bank #550
342077,Switzerland Bank #964
342079,Switzerland Bank #695
342080,Switzerland Bank #1074
342082,Switzerland Bank #1169
342084,Switzerland Bank #546
342085,Oak Bank
342087,Sea Thrift
342089,Plandor Thrift
342090,Sunrise Thrift
342091,Savings Bank of Fort Wayne
342092,Switzerland Bank #912
342093,Switzerland Bank #873
342095,Switzerland Bank #728
342099,Switzerland Bank #1194
342102,Switzerland Bank #552
342104,Switzerland Bank #1393
342105,Switzerland Bank #1379
342106,Switzerland Bank #1465
342108,Switzerland Bank #1494
342113,Switzerland Bank #554
342114,Switzerland Bank #556
342115,Switzerland Bank #853
342117,Switzerland Bank #1490
342118,Switzerland Bank #557
342121,Switzerland Bank #1457
342122,China Bank #934
342124,Switzerland Bank #1145
342125,Switzerland Bank #1307
342127,Switzerland Bank #558
342128,Switzerland Bank #860
342130,Brook Community Bank
342131,Switzerland Bank #1258
342133,Switzerland Bank #633
342134,Switzerland Bank #763
342135,Switzerland Bank #1378
342139,Switzerland Bank #1220
342142,Switzerland Bank #581
342143,Switzerland Bank #659
342145,Switzerland Bank #794
342147,Switzerland Bank #836
342152,Switzerland Bank #1418
342156,Switzerland Bank #582
342158,Switzerland Bank #713
342160,Switzerland Bank #1408
342166,Switzerland Bank #1394
342176,Switzerland Bank #567
342177,Switzerland Bank #1042
342178,Switzerland Bank #1445
342181,Switzerland Bank #1472
342182,Switzerland Bank #1473
342183,Switzerland Bank #571
342186,Switzerland Bank #1223
342189,Acme Credit Union
342190,National Bank of the Valley
342191,Heath Thrift
342200,Switzerland Bank #573
342204,Switzerland Bank #574
342206,Switzerland Bank #1406
342209,Switzerland Bank #1081
342210,Switzerland Bank #1444
342213,Switzerland Bank #575
342214,Switzerland Bank #1428
342217,Regents Trust Bank
342219,Switzerland Bank #615
342224,Switzerland Bank #1367
342225,Switzerland Bank #904
342228,Switzerland Bank #1147
342233,Switzerland Bank #1340
342234,Switzerland Bank #891
342235,Switzerland Bank #606
342240,Switzerland Bank #718
342241,Switzerland Bank #579
342242,Switzerland Bank #1080
342245,Switzerland Bank #1388
342247,Switzerland Bank #656
342248,Switzerland Bank #1484
342250,Switzerland Bank #968
342251,Switzerland Bank #1404
342252,Switzerland Bank #584
342255,Switzerland Bank #585
342257,Switzerland Bank #1420
342259,Switzerland Bank #1357
342261,Switzerland Bank #812
342263,Switzerland Bank #867
342264,Switzerland Bank #1039
342265,Switzerland Bank #1433
342266,Switzerland Bank #1458
342267,Switzerland Bank #975
342269,Switzerland Bank #1179
342270,Switzerland Bank #701
342271,Switzerland Bank #859
342272,Switzerland Bank #1311
342280,Switzerland Bank #727
342282,Switzerland Bank #587
342283,Switzerland Bank #969
342284,Switzerland Bank #586
342286,Switzerland Bank #1009
342287,Switzerland Bank #1255
342289,Switzerland Bank #818
342292,Switzerland Bank #632
342293,Switzerland Bank #821
342294,Switzerland Bank #588
342295,Switzerland Bank #765
342297,Switzerland Bank #595
342298,Switzerland Bank #1447
342299,Switzerland Bank #624
342300,First Bank of Boston
342301,National Bank of Philadelphia
342308,Germany Bank #3262
342309,Italy Bank #2977
342312,Italy Bank #4899
342313,Italy Bank #2415
342316,France Bank #4645
342319,Italy Bank #4893
342324,Austria Bank #3329
342329,Italy Bank #3869
342330,Germany Bank #2408
342331,Italy Bank #4065
342333,Germany Bank #5521
342337,Netherlands Bank #3158
342341,Spain Bank #2409
342342,First Bank of Albany
342344,Oak Trust Bank
342345,National Bank of Omaha
342350,Oasis Credit Union
342351,Bank of Seattle
342352,France Bank #2568
342353,Portugal Bank #3456
342354,France Bank #6093
342357,France Bank #5704
342358,Germany Bank #2842
342361,Spain Bank #4468
342364,France Bank #5450
342365,France Bank #3639
342367,Belgium Bank #5046
342369,Netherlands Bank #2685
342370,France Bank #2413
342371,Austria Bank #5712
342372,Croatia Bank #2412
342374,Germany Bank #2414
342376,Switzerland Bank #1432
342377,Switzerland Bank #1483
342378,Switzerland Bank #1507
342381,Switzerland Bank #1510
342386,Switzerland Bank #1430
342390,Switzerland Bank #596
342393,Switzerland Bank #597
342397,Switzerland Bank #1319
342399,Switzerland Bank #1040
342400,Switzerland Bank #598
342401,Switzerland Bank #745
342402,Switzerland Bank #658
342406,Switzerland Bank #1012
342409,Switzerland Bank #641
342413,Switzerland Bank #600
342414,Switzerland Bank #1277
342415,Switzerland Bank #802
342416,National Bank of Milford
342417,Capital Cooperative Bank
342420,Switzerland Bank #629
342425,Switzerland Bank #1153
342430,Switzerland Bank #1486
342433,Switzerland Bank #1446
342436,Switzerland Bank #1148
342438,Switzerland Bank #1459
342441,Switzerland Bank #780
342442,Switzerland Bank #909
342447,Switzerland Bank #609
342450,Switzerland Bank #862
342451,Switzerland Bank #660
342454,Switzerland Bank #1238
342456,Switzerland Bank #899
342457,Switzerland Bank #828
342458,Acme Savings Bank
342460,First Bank of Lacrosse
342464,Switzerland Bank #642
342465,Switzerland Bank #1395
342467,Switzerland Bank #813
342468,Switzerland Bank #625
342472,Switzerland Bank #1306
342473,Switzerland Bank #1476
342474,Switzerland Bank #798
342477,First Bank of Bridgeport
342478,First Bank of Dallas
342482,Switzerland Bank #1077
342484,Switzerland Bank #1437
342485,Switzerland Bank #1308
342486,Switzerland Bank #616
342488,Switzerland Bank #849
342494,National Bank of New Orleans
342495,Germany Bank #6347
342497,Switzerland Bank #1197
342498,Switzerland Bank #638
342499,Switzerland Bank #1290
342502,Switzerland Bank #1504
342503,Switzerland Bank #920
342509,Switzerland Bank #626
342510,Switzerland Bank #627
342511,Switzerland Bank #628
342512,Switzerland Bank #655
342516,Switzerland Bank #1368
342519,Switzerland Bank #1149
342522,Bank of Phoenix
342524,First Bank of Newport
342526,France Bank #2419
342527,National Bank of Harrisburg
342529,Switzerland Bank #630
342530,National Bank of Boston
342531,The Pine Bank
342532,Arbor Bank
342534,First Bank of Cleveland
342536,Switzerland Bank #1241
342538,Bank of Hartford
342540,Savings Bank of Pittsburgh
342545,Switzerland Bank #663
342551,Switzerland Bank #1201
342554,Switzerland Bank #1199
342555,Switzerland Bank #1505
342557,Switzerland Bank #756
342558,Switzerland Bank #664
342563,Switzerland Bank #644
342566,Switzerland Bank #1381
342567,Savings Bank of Columbus
342572,Switzerland Bank #768
342573,Switzerland Bank #635
342574,Switzerland Bank #636
342577,Switzerland Bank #1414
342578,Switzerland Bank #634
342581,Switzerland Bank #650
342583,Plateau Cooperative Bank
342584,First Bank of the West
342585,Sappo Savings Bank
342586,Dawn Trust Bank
342587,Brownstone Community Bank
342588,Bank of Phoenix
342591,Hearthstone Trust Bank
342593,National Bank of Denver
342594,First Bank of Albany
342595,National Bank of Laramie
342597,Heath Bank
342598,National Bank of Madison
342599,Savings Bank of the North
342600,Sappo Credit Union
342601,Bank of Harrisburg
342602,Bank of Bridgeport
342606,Switzerland Bank #1242
342607,Switzerland Bank #699
342610,Switzerland Bank #1324
342611,Switzerland Bank #647
342616,China Bank #605
342617,China Bank #600
342622,China Bank #1169
342624,China Bank #601
342627,China Bank #836
342628,China Bank #1143
342629,China Bank #841
342630,China Bank #1152
342632,China Bank #1032
342633,China Bank #783
342634,China Bank #727
342640,Switzerland Bank #643
342642,Switzerland Bank #712
342646,Switzerland Bank #690
342648,Switzerland Bank #721
342650,Switzerland Bank #648
342654,Switzerland Bank #1438
342655,Switzerland Bank #1175
342657,Italy Bank #3656
342658,National Bank of Albany
342663,Switzerland Bank #1198
342664,Switzerland Bank #898
342665,Switzerland Bank #977
342669,Switzerland Bank #921
342670,Switzerland Bank #908
342671,Switzerland Bank #1369
342672,China Bank #796
342674,China Bank #935
342675,China Bank #1122
342678,China Bank #604
342681,China Bank #1034
342683,First Bank of the South
342684,National Bank of Fort Wayne
342685,Sea Cooperative Bank
342687,Baltech Thrift
342688,First Bank of Newbury
342689,China Bank #1076
342690,China Bank #1175
342691,China Bank #1042
342692,China Bank #602
342694,Switzerland Bank #1370
342695,Arbor Thrift
342696,National Bank of Dallas
342697,Switzerland Bank #1237
342698,Switzerland Bank #1482
342699,Switzerland Bank #649
342700,Switzerland Bank #1151
342705,Switzerland Bank #769
342706,Switzerland Bank #653
342707,Switzerland Bank #1463
342709,Switzerland Bank #697
342710,Switzerland Bank #654
342712,Switzerland Bank #1225
342715,Switzerland Bank #1257
342718,Switzerland Bank #1411
342719,First Bank of Milford
342721,Bank of the East
342722,Hilltop Trust Bank
342723,Switzerland Bank #657
342724,Switzerland Bank #894
342725,Switzerland Bank #879
342726,Switzerland Bank #688
342730,Switzerland Bank #680
342732,Switzerland Bank #1279
342733,Switzerland Bank #681
342735,Belgium Bank #5979
342736,Spain Bank #2422
342737,Spain Bank #3637
342739,Switzerland Bank #1421
342740,Switzerland Bank #863
342747,First Bank of Watertown
342751,Switzerland Bank #1239
342752,Switzerland Bank #1259
342754,Switzerland Bank #1200
342755,Switzerland Bank #843
342757,Switzerland Bank #673
342758,Switzerland Bank #1294
342761,Switzerland Bank #678
342762,Switzerland Bank #1328
342766,Switzerland Bank #676
342768,Switzerland Bank #764
342770,Switzerland Bank #776
342771,Switzerland Bank #785
342773,Switzerland Bank #1121
342777,First Bank of Tuscon
342778,National Bank of Madison
342782,Switzerland Bank #856
342787,Switzerland Bank #683
342788,Switzerland Bank #1228
342791,France Bank #6405
342793,Finland Bank #3070
342799,Spain Bank #2423
342800,Switzerland Bank #1295
342803,Switzerland Bank #1461
342805,Switzerland Bank #1082
342806,Switzerland Bank #914
342808,Switzerland Bank #1412
342813,Switzerland Bank #1327
342818,Switzerland Bank #803
342823,Bank of Miami
342827,Switzerland Bank #691
342830,Switzerland Bank #835
342831,Switzerland Bank #1310
342833,Switzerland Bank #694
342836,Switzerland Bank #696
342839,Switzerland Bank #1344
342841,Switzerland Bank #1046
342842,Switzerland Bank #1320
342847,Switzerland Bank #1503
342848,Switzerland Bank #799
342849,India Bank #1239
342855,Switzerland Bank #868
342856,Switzerland Bank #1424
342857,First Bank of Billings
342859,First Bank of Seattle
342860,Oasis Savings Bank
342861,National Bank of Arkadelphia
342862,National Bank of Los Angeles
342863,Switzerland Bank #705
342864,Switzerland Bank #1321
342868,Switzerland Bank #706
342869,Switzerland Bank #734
342871,Switzerland Bank #707
342872,Switzerland Bank #735
342874,Switzerland Bank #874
342875,Switzerland Bank #786
342876,Switzerland Bank #710
342878,Switzerland Bank #708
342881,Spruce Community Bank
342884,Switzerland Bank #1203
342885,Switzerland Bank #1359
342886,Switzerland Bank #1513
342888,Switzerland Bank #1462
342889,Switzerland Bank #1434
342890,Switzerland Bank #882
342893,Switzerland Bank #1485
342897,Savings Bank of Albany
342898,Bank of Los Angeles
342901,Acme Federal Bank
342902,Savings Bank of Columbus
342903,First Bank of Milford
342904,Sea Bank
342906,Hearthstone Trust Bank
342907,France Bank #3624
342908,Finland Bank #2424
342910,France Bank #6164
342912,Germany Bank #2427
342913,France Bank #5124
342917,Portugal Bank #2432
342918,Germany Bank #6115
342920,France Bank #3375
342921,Germany Bank #5125
342922,Spain Bank #4463
342926,Slovakia Bank #2430
342928,Germany Bank #5154
342929,Latvia Bank #4626
342930,Spain Bank #6030
342932,Germany Bank #3434
342934,Ireland Bank #3327
342935,Ireland Bank #3449
342936,Germany Bank #3500
342938,Italy Bank #5002
342940,Ireland Bank #6240
342941,Germany Bank #6348
342944,France Bank #5583
342945,Italy Bank #2435
342946,National Bank of Providence
342947,Savings Bank of Fairfield
342953,National Bank of Tuscon
342955,Brownstone Credit Union
342956,Savings Bank of Tuscon
342959,Dawn Thrift
342960,Willows Bank
342962,Italy Bank #4500
342963,Germany Bank #5394
342966,Sappo Trust Bank
342967,First Bank of the East
342969,First Bank of Detroit
342974,Savings Bank of Dallas
342977,Bank of Seattle
342981,Switzerland Bank #900
342984,Switzerland Bank #864
342987,Switzerland Bank #795
342988,Switzerland Bank #714
342989,Switzerland Bank #715
342990,Capital Bancorp
342992,Fieldstone Federal Bank
342993,First Bank of Denver
342994,Capital Credit Union
342995,Savings Bank of Miami
342996,National Bank of Miami
342999,First Bank of Boston
343000,Belgium Bank #2438
343002,Austria Bank #2439
343003,Slovakia Bank #4924
343004,Spain Bank #2981
343006,Germany Bank #2441
343009,Germany Bank #6144
343011,Austria Bank #3127
343012,Finland Bank #3136
343014,Germany Bank #2437
343015,Switzerland Bank #1244
343017,Switzerland Bank #717
343019,Switzerland Bank #1399
343020,Switzerland Bank #1086
343024,Switzerland Bank #885
343033,Switzerland Bank #1499
343035,Switzerland Bank #1205
343039,Switzerland Bank #725
343040,Switzerland Bank #726
343043,Switzerland Bank #1345
343046,Switzerland Bank #1500
343047,Switzerland Bank #757
343049,Switzerland Bank #1439
343050,Switzerland Bank #719
343051,Switzerland Bank #1413
343052,Switzerland Bank #1260
343053,Switzerland Bank #910
343057,Switzerland Bank #724
343058,Savings Bank of Lacrosse
343061,Switzerland Bank #804
343063,Switzerland Bank #796
343066,Switzerland Bank #1263
343071,Switzerland Bank #1492
343074,Switzerland Bank #1448
343075,Switzerland Bank #733
343078,Switzerland Bank #1477
343081,Switzerland Bank #888
343082,National Bank of New Orleans
343084,Acme Community Bank
343089,Switzerland Bank #1508
343093,Switzerland Bank #1346
343095,Switzerland Bank #851
343097,Switzerland Bank #1397
343098,Switzerland Bank #729
343101,Switzerland Bank #730
343105,Switzerland Bank #1152
343106,Switzerland Bank #906
343110,Switzerland Bank #736
343116,Switzerland Bank #875
343117,Switzerland Bank #1312
343118,First Bank of Houston
343119,First Bank of Columbus
343121,First Bank of the North
343122,National Bank of Cleveland
343123,First Bank of Harrisburg
343124,Oasis Trust Bank
343125,Savings Bank of New Orleans
343126,Savings Bank of Montpelier
343128,Savings Bank of Detroit
343131,Bank of the North
343134,Switzerland Bank #741
343138,Switzerland Bank #1511
343140,Switzerland Bank #857
343141,Switzerland Bank #739
343143,Switzerland Bank #1229
343145,Switzerland Bank #740
343146,Switzerland Bank #892
343147,Switzerland Bank #1398
343148,Switzerland Bank #787
343149,Switzerland Bank #1440
343150,Switzerland Bank #1491
343151,Switzerland Bank #1506
343153,Switzerland Bank #743
343160,Switzerland Bank #1425
343161,Switzerland Bank #744
343166,Switzerland Bank #1154
343167,Switzerland Bank #886
343168,Switzerland Bank #1280
343170,Switzerland Bank #822
343173,Switzerland Bank #1512
343180,Switzerland Bank #1449
343181,Switzerland Bank #781
343183,Switzerland Bank #1409
343184,Switzerland Bank #749
343185,Switzerland Bank #748
343187,Switzerland Bank #830
343188,Switzerland Bank #746
343189,Switzerland Bank #1487
343194,Switzerland Bank #854
343196,Israel Bank #68
343197,Israel Bank #994
343199,Israel Bank #60
343200,Israel Bank #890
343202,Israel Bank #931
343205,Israel Bank #63
343206,Israel Bank #70
343208,Israel Bank #57
343210,Israel Bank #56
343211,Israel Bank #55
343213,Israel Bank #116
343214,Israel Bank #714
343217,Israel Bank #59
343219,Israel Bank #86
343220,Israel Bank #58
343221,Israel Bank #643
343223,Israel Bank #924
343224,Israel Bank #62
343225,Israel Bank #1023
343226,Israel Bank #79
343230,Israel Bank #61
343232,Israel Bank #1058
343233,Israel Bank #1045
343236,Israel Bank #995
343237,Israel Bank #895
343238,Israel Bank #64
343239,Israel Bank #78
343240,Israel Bank #89
343241,Israel Bank #67
343242,Israel Bank #891
343244,Israel Bank #94
343245,Israel Bank #956
343247,Israel Bank #734
343248,Savings Bank of Fort Wayne
343250,Israel Bank #71
343251,Israel Bank #73
343252,Israel Bank #853
343253,Israel Bank #889
343254,Israel Bank #595
343256,Israel Bank #925
343259,Israel Bank #72
343260,Israel Bank #81
343263,Israel Bank #1024
343264,Israel Bank #74
343266,Israel Bank #75
343268,Israel Bank #76
343272,Israel Bank #921
343273,Israel Bank #87
343275,First Bank of Miami
343276,Israel Bank #157
343279,Israel Bank #973
343280,Israel Bank #767
343281,Bank of Hartford
343284,Bank of Billings
343287,Bank of Plattsburg
343289,Oasis Bank
343290,National Bank of Huron
343291,National Bank of Newbury
343293,Bank of Pittsburgh
343295,Bank of Bridgeport
343297,Fieldstone Federal Bank
343302,Hearthstone Bank
343305,Italy Bank #3746
343308,Bank of Fairfield
343309,Israel Bank #26
343311,Israel Bank #95
343313,Israel Bank #80
343314,Israel Bank #926
343318,Israel Bank #114
343320,Israel Bank #90
343322,Israel Bank #140
343323,Israel Bank #77
343324,Israel Bank #993
343326,Israel Bank #963
343327,Israel Bank #91
343329,Israel Bank #82
343330,Israel Bank #84
343331,Israel Bank #929
343333,Israel Bank #92
343334,Israel Bank #964
343336,Israel Bank #85
343337,Israel Bank #961
343339,Israel Bank #1113
343340,Israel Bank #88
343341,Israel Bank #93
343343,Israel Bank #200
343344,Israel Bank #893
343349,Israel Bank #1137
343351,Israel Bank #101
343354,Israel Bank #97
343355,Israel Bank #105
343356,Israel Bank #115
343358,Israel Bank #943
343359,Israel Bank #757
343360,Israel Bank #152
343363,Israel Bank #98
343369,Israel Bank #962
343371,Israel Bank #965
343372,Israel Bank #941
343373,Israel Bank #100
343374,Israel Bank #866
343375,Israel Bank #872
343376,Israel Bank #99
343377,Israel Bank #1003
343381,Bank of Montpelier
343383,Israel Bank #239
343384,Israel Bank #134
343388,Israel Bank #410
343390,Israel Bank #938
343392,National Bank of Portsmouth
343395,Bank of Dallas
343396,First Bank of Omaha
343398,Israel Bank #910
343401,Israel Bank #112
343403,Bank of Harrisburg
343404,National Bank of Providence
343407,Spruce Credit Union
343408,National Bank of Sacramento
343411,Bank of Cleveland
343419,Israel Bank #968
343420,Israel Bank #104
343422,Israel Bank #103
343423,Israel Bank #113
343424,Israel Bank #154
343425,Israel Bank #898
343426,Israel Bank #878
343430,Israel Bank #110
343431,Israel Bank #392
343432,Israel Bank #145
343434,Israel Bank #198
343435,Israel Bank #1136
343437,Israel Bank #107
343438,Israel Bank #106
343439,Israel Bank #108
343440,Israel Bank #109
343444,First Bank of Laramie
343446,Dawn Community Bank
343447,Hearthstone Thrift
343449,Savings Bank of Huron
343453,Savings Bank of New Orleans
343454,Regents Cooperative Bank
343456,First Bank of Fort Wayne
343457,National Bank of Augusta
343458,Savings Bank of Phoenix
343459,First Bank of Detroit
343461,National Bank of Tuscon
343467,Acme Community Bank
343474,Bank of Huron
343475,Savings Bank of Butte
343477,China Bank #794
343479,China Bank #725
343481,Israel Bank #258
343483,Israel Bank #996
343484,Israel Bank #793
343486,Israel Bank #118
343487,Israel Bank #959
343489,Israel Bank #894
343490,National Bank of Newbury
343492,National Bank of Lincoln
343494,Arbor Community Bank
343495,Brook Federal Bank
343497,Willows Community Bank
343498,Willows Thrift
343499,National Bank of Topeka
343501,First Bank of Danbury
343503,Savings Bank of the East
343504,Willows Credit Union
343506,Portugal Bank #5645
343509,Bank of Helena
343510,Bank of Indianapolis
343511,Savings Bank of Helena
343513,Oak Federal Bank
343515,National Bank of Sacramento
343518,Savings Bank of Springfield
343519,Brownstone Savings Bank
343520,Savings Bank of the East
343523,France Bank #5126
343529,Croatia Bank #2448
343530,Spain Bank #2449
343535,Savings Bank of Boston
343536,City National Community Bank
343537,First Bank of Philadelphia
343540,The Pine Bank
343542,First Bank of Tampa
343543,First Bank of Seattle
343545,Fieldstone Savings Bank
343550,Savings Bank of Philadelphia
343552,National Bank of Billings
343553,First Bank of Portland
343554,First Bank of Chicago
343555,National Bank of Madison
343556,Germany Bank #4649
343559,Bank of Harrisburg
343561,Sea Trust Bank
343562,Savings Bank of Columbus
343563,Bank of Sacramento
343565,Bank of Chicago
343566,National Bank of Indianapolis
343568,City National Thrift
343573,Bank of Laramie
343574,Sunrise Bank
343575,First Bank of Butte
343576,Savings Bank of Chicago
343583,Willows Bancorp
343586,Israel Bank #142
343587,Israel Bank #159
343590,Israel Bank #117
343593,China Bank #609
343594,China Bank #607
343595,China Bank #657
343596,China Bank #610
343600,Israel Bank #124
343602,Israel Bank #121
343603,Israel Bank #244
343605,Israel Bank #131
343606,Israel Bank #1080
343607,Israel Bank #211
343608,Israel Bank #158
343610,Israel Bank #146
343614,Israel Bank #259
343615,Israel Bank #126
343616,Israel Bank #305
343620,Israel Bank #190
343621,Israel Bank #132
343622,Israel Bank #160
343623,Israel Bank #1138
343627,Israel Bank #122
343628,Israel Bank #237
343632,Israel Bank #138
343633,Israel Bank #794
343634,Israel Bank #1147
343635,Israel Bank #901
343636,Israel Bank #123
343640,Israel Bank #137
343644,Israel Bank #125
343646,Israel Bank #167
343647,Israel Bank #191
343650,Israel Bank #166
343651,Israel Bank #1203
343652,First Bank of New York
343654,Israel Bank #151
343656,Israel Bank #127
343657,Israel Bank #135
343658,Israel Bank #129
343659,Israel Bank #196
343661,Italy Bank #6136
343662,Spain Bank #5132
343663,France Bank #2453
343664,France Bank #2454
343666,France Bank #2455
343669,Sunrise Trust Bank
343671,France Bank #5004
343674,Belgium Bank #5543
343676,Israel Bank #161
343677,Israel Bank #199
343678,Israel Bank #139
343679,Israel Bank #343
343680,Israel Bank #143
343682,Israel Bank #1026
343684,Israel Bank #1099
343685,Israel Bank #210
343688,Hearthstone Thrift
343689,Israel Bank #282
343692,Israel Bank #133
343694,Israel Bank #147
343696,Israel Bank #153
343697,Israel Bank #136
343701,Israel Bank #208
343702,Israel Bank #971
343705,The Pine Community Bank
343706,Israel Bank #728
343707,Israel Bank #990
343710,Israel Bank #892
343712,Israel Bank #148
343714,Israel Bank #498
343716,Israel Bank #141
343717,Israel Bank #613
343718,Israel Bank #263
343719,Israel Bank #997
343722,Israel Bank #261
343724,Israel Bank #271
343726,Israel Bank #770
343727,Israel Bank #144
343729,Israel Bank #321
343730,Israel Bank #149
343731,Israel Bank #769
343732,Israel Bank #254
343734,Israel Bank #942
343735,Israel Bank #212
343737,Israel Bank #150
343739,Israel Bank #1047
343740,Israel Bank #1004
343742,Desert Bancorp
343743,Flagstone Credit Union
343744,First Bank of Harrisburg
343745,Golden Bank
343748,Israel Bank #1111
343754,Israel Bank #155
343755,Spruce Thrift
343758,Israel Bank #920
343759,Israel Bank #967
343761,Israel Bank #1064
343762,Israel Bank #801
343763,Israel Bank #185
343764,Israel Bank #156
343770,Israel Bank #311
343771,Israel Bank #1152
343772,Israel Bank #217
343774,Bank of Augusta
343778,Bank of the South
343779,Savings Bank of Helena
343780,First Bank of Huron
343783,Sappo Community Bank
343785,First Bank of Danbury
343787,First Bank of Watertown
343788,Desert Bancorp
343793,Acme Trust Bank
343794,The Pine Federal Bank
343795,Willows Thrift
343796,Heath Thrift
343797,National Bank of Columbus
343798,Savings Bank of Lincoln
343799,Hilltop Cooperative Bank
343802,Savings Bank of Arkadelphia
343803,Israel Bank #927
343805,First Bank of Helena
343808,Israel Bank #1129
343810,Israel Bank #168
343813,Capital Savings Bank
343814,Fieldstone Savings Bank
343816,Israel Bank #940
343818,Israel Bank #209
343819,Israel Bank #1017
343820,Israel Bank #162
343822,Israel Bank #201
343823,Israel Bank #928
343824,Israel Bank #193
343826,Israel Bank #204
343827,Israel Bank #1100
343829,Israel Bank #234
343830,Israel Bank #1176
343833,Israel Bank #232
343835,Israel Bank #163
343837,Israel Bank #1234
343841,Israel Bank #164
343842,Israel Bank #165
343843,Israel Bank #175
343846,Israel Bank #245
343847,Israel Bank #1000
343849,Israel Bank #975
343852,Israel Bank #184
343853,Israel Bank #170
343854,Israel Bank #433
343856,Israel Bank #1025
343858,Israel Bank #169
343859,Israel Bank #171
343860,Israel Bank #172
343861,Israel Bank #173
343863,Israel Bank #249
343868,Mexico Bank #550
343869,Mexico Bank #521
343870,Israel Bank #322
343871,Israel Bank #174
343877,Israel Bank #329
343878,Israel Bank #266
343879,Israel Bank #183
343880,Israel Bank #935
343882,Israel Bank #205
343885,Israel Bank #207
343886,Israel Bank #176
343890,Israel Bank #875
343892,Israel Bank #215
343893,Israel Bank #497
343894,Israel Bank #177
343895,Israel Bank #178
343896,Israel Bank #607
343902,Israel Bank #944
343904,Israel Bank #189
343905,Israel Bank #284
343906,Israel Bank #179
343908,Israel Bank #187
343911,Israel Bank #180
343912,Israel Bank #188
343913,Israel Bank #246
343914,Israel Bank #181
343915,Israel Bank #182
343918,Israel Bank #192
343919,Israel Bank #424
343923,Israel Bank #262
343924,Israel Bank #435
343926,Israel Bank #542
343927,Israel Bank #186
343929,Israel Bank #226
343932,Israel Bank #1204
343936,Israel Bank #1006
343937,Israel Bank #194
343939,Willows Savings Bank
343942,Savings Bank of Los Angeles
343944,Israel Bank #195
343945,Israel Bank #20
343946,Israel Bank #445
343947,Israel Bank #241
343951,Israel Bank #1293
343952,Willows Thrift
343953,Israel Bank #1153
343955,Israel Bank #1112
343957,UK Bank #855
343960,Israel Bank #1048
343961,Israel Bank #203
343962,Israel Bank #747
343965,Israel Bank #911
343966,Israel Bank #705
343967,Israel Bank #609
343972,Israel Bank #972
343976,Israel Bank #998
343979,Israel Bank #202
343982,Israel Bank #350
343986,Israel Bank #252
343987,Israel Bank #366
343991,Israel Bank #214
343993,Israel Bank #216
343996,Israel Bank #319
343997,Israel Bank #218
343998,Israel Bank #224
343999,Israel Bank #771
344001,Israel Bank #896
344002,Israel Bank #1193
344003,Israel Bank #272
344004,Israel Bank #722
344005,Israel Bank #1165
344006,Israel Bank #213
344010,Israel Bank #1067
344012,First Bank of Seattle
344013,First Bank of Newbury
344014,First Bank of Phoenix
344016,National Bank of Philadelphia
344017,Israel Bank #932
344019,Israel Bank #223
344020,Israel Bank #999
344023,Israel Bank #1059
344024,Israel Bank #1081
344026,Israel Bank #225
344027,Israel Bank #220
344028,Israel Bank #849
344029,Israel Bank #221
344032,Israel Bank #930
344034,Israel Bank #338
344035,Plandor Bank
344038,Israel Bank #222
344040,Israel Bank #286
344042,Israel Bank #294
344044,Israel Bank #1030
344045,Israel Bank #302
344046,Israel Bank #1036
344047,Israel Bank #969
344048,Israel Bank #897
344049,Israel Bank #227
344050,Israel Bank #429
344051,Israel Bank #330
344053,Israel Bank #784
344055,Israel Bank #876
344056,Israel Bank #1186
344059,China Bank #1105
344062,Israel Bank #287
344064,Israel Bank #966
344065,Israel Bank #229
344066,Israel Bank #230
344067,Israel Bank #1116
344073,Israel Bank #1031
344074,Desert Thrift
344075,Regents Credit Union
344076,Arbor Thrift
344078,Bank of Phoenix
344082,National Bank of Arkadelphia
344084,Brook Trust Bank
344086,Bank of Harrisburg
344087,Spruce Trust Bank
344088,Bank of Bridgeport
344089,Oasis Savings Bank
344090,National Bank of Portsmouth
344092,Israel Bank #753
344096,Israel Bank #363
344097,Netherlands Bank #5129
344098,France Bank #2588
344099,Italy Bank #6339
344101,Germany Bank #4075
344104,Italy Bank #3433
344105,Germany Bank #3287
344106,Portugal Bank #5522
344108,Germany Bank #6223
344109,Germany Bank #6429
344113,First Bank of Fort Wayne
344114,Netherlands Bank #5387
344115,Israel Bank #456
344116,Italy Bank #3682
344117,Spain Bank #2456
344118,Israel Bank #473
344119,Israel Bank #247
344120,Israel Bank #231
344121,Israel Bank #809
344124,Israel Bank #417
344125,Israel Bank #716
344127,First Bank of Denver
344129,Oak Bancorp
344130,Hilltop Community Bank
344132,Savings Bank of Boston
344133,First Bank of Sacramento
344135,First Bank of Arkadelphia
344136,China Bank #1140
344137,China Bank #1103
344139,Netherlands Bank #3288
344144,Spain Bank #4091
344145,Italy Bank #2457
344147,Spain Bank #5585
344148,Netherlands Bank #3835
344150,Germany Bank #5651
344151,Italy Bank #5803
344154,Italy Bank #4495
344155,France Bank #6145
344157,Belgium Bank #3568
344165,Portugal Bank #3152
344166,Greece Bank #6327
344168,Slovenia Bank #5705
344169,Lithuania Bank #4900
344171,Greece Bank #4464
344176,France Bank #5980
344182,France Bank #2654
344183,France Bank #2664
344184,Spain Bank #3381
344188,Germany Bank #3655
344189,Germany Bank #6094
344191,Italy Bank #4895
344192,Ireland Bank #6031
344193,France Bank #3721
344194,Germany Bank #5802
344196,France Bank #6150
344198,Germany Bank #2955
344200,Austria Bank #3181
344202,Italy Bank #2461
344203,France Bank #4936
344204,Spain Bank #6116
344206,Spain Bank #6073
344207,France Bank #4465
344210,Future Bancorp
344212,Desert Thrift
344213,National Bank of Providence
344214,First Bank of Denver
344216,First Bank of Laramie
344218,France Bank #3847
344222,National Bank of Tuscon
344224,Savings Bank of Houston
344226,First Bank of the East
344228,Savings Bank of the West
344229,Heath Trust Bank
344231,First Bank of Tampa
344232,Savings Bank of Detroit
344233,Israel Bank #233
344234,Israel Bank #581
344235,Israel Bank #1089
344238,Israel Bank #315
344239,Israel Bank #1011
344240,Israel Bank #235
344241,Israel Bank #580
344248,Israel Bank #669
344251,Israel Bank #788
344252,Israel Bank #1009
344253,Israel Bank #1046
344256,Israel Bank #238
344259,Israel Bank #1188
344261,Israel Bank #240
344262,Israel Bank #658
344264,Israel Bank #295
344265,Israel Bank #1107
344267,Sappo Trust Bank
344268,National Bank of Lincoln
344269,Spain Bank #2473
344270,Italy Bank #2787
344272,Germany Bank #3450
344273,Ireland Bank #2817
344275,Finland Bank #5008
344276,Austria Bank #5753
344280,National Bank of New York
344283,Oasis Community Bank
344284,Arbor Bancorp
344285,Savings Bank of the Valley
344287,Italy Bank #2927
344289,Savings Bank of Portland
344290,Bank of Chicago
344292,Bank of Huron
344293,Savings Bank of Phoenix
344294,The Pine Bank
344296,National Bank of Portsmouth
344297,National Bank of Sacramento
344298,Sea Community Bank
344300,Savings Bank of Bridgeport
344301,National Bank of Newbury
344302,Bank of Fairfield
344303,First Bank of Madison
344305,Willows Credit Union
344311,Flagstone Community Bank
344312,National Bank of New Orleans
344313,Italy Bank #3296
344314,Hilltop Trust Bank
344321,Plandor Community Bank
344323,Savings Bank of Plattsburg
344325,First Bank of Plattsburg
344328,Golden Thrift
344329,Brook Trust Bank
344333,Germany Bank #2463
344334,First Bank of Watertown
344336,Brownstone Bancorp
344338,Bank of Lincoln
344345,Heath Savings Bank
344346,City National Credit Union
344352,Bank of the North
344353,National Bank of Sacramento
344354,Savings Bank of the South
344355,First Bank of Portsmouth
344356,Baltech Credit Union
344359,France Bank #5849
344362,National Bank of Fairfield
344363,Savings Bank of Billings
344364,Netherlands Bank #2464
344367,Sappo Federal Bank
344371,Sappo Federal Bank
344373,National Bank of Tampa
344375,National Bank of Hartford
344376,Brownstone Thrift
344378,Savings Bank of the South
344379,Bank of Omaha
344381,Willows Federal Bank
344384,National Bank of Danbury
344385,Bank of Philadelphia
344386,Savings Bank of Cleveland
344388,Brownstone Savings Bank
344389,Bank of Dallas
344390,Bank of New Orleans
344391,Dawn Federal Bank
344392,Desert Federal Bank
344395,Heath Cooperative Bank
344400,Savings Bank of Milford
344401,Bank of Bridgeport
344405,Greece Bank #5469
344406,France Bank #2639
344408,France Bank #5782
344411,National Bank of Fort Wayne
344413,National Bank of Newbury
344423,National Bank of Bridgeport
344425,National Bank of Topeka
344426,National Bank of Laramie
344430,Willows Thrift
344434,Bank of the Valley
344435,Italy Bank #2465
344437,Lithuania Bank #3182
344441,France Bank #3683
344442,National Bank of Phoenix
344447,Bank of Huron
344451,Brownstone Trust Bank
344453,Regents Federal Bank
344455,Bank of Lincoln
344457,Sunrise Thrift
344458,The Pine Savings Bank
344459,Bank of Augusta
344462,Dawn Credit Union
344463,Bank of Detroit
344464,Germany Bank #2467
344466,Savings Bank of the West
344467,National Bank of Huron
344472,Germany Bank #2921
344474,Netherlands Bank #2468
344475,France Bank #2469
344476,Greece Bank #6011
344480,Savings Bank of Portsmouth
344481,Bank of Miami
344483,Plateau Bancorp
344485,Hearthstone Community Bank
344490,Heath Credit Union
344492,Bank of Chicago
344494,Brownstone Thrift
344497,Dawn Federal Bank
344498,Spruce Bank
344500,First Bank of Philadelphia
344503,First Bank of Philadelphia
344504,First Bank of Providence
344506,Spain Bank #2689
344507,France Bank #6202
344509,Italy Bank #3467
344510,Spain Bank #5922
344512,Germany Bank #3328
344515,Bank of Augusta
344516,National Bank of the North
344525,National Bank of Cleveland
344526,Mountain Community Bank
344527,Brownstone Federal Bank
344528,Bank of Pittsburgh
344530,Bank of the Valley
344531,Italy Bank #5451
344536,Acme Community Bank
344540,Bank of Miami
344541,Sunrise Bank
344542,Israel Bank #1101
344543,Israel Bank #1139
344544,Israel Bank #789
344545,Israel Bank #1140
344546,Israel Bank #242
344548,Brownstone Savings Bank
344549,National Bank of Danbury
344550,First Bank of Indianapolis
344552,Israel Bank #243
344558,Israel Bank #25
344561,Israel Bank #260
344563,Israel Bank #453
344565,Israel Bank #795
344570,Israel Bank #347
344572,Israel Bank #280
344575,Israel Bank #1037
344578,Israel Bank #1028
344579,Israel Bank #703
344580,Israel Bank #1187
344586,Desert Community Bank
344588,Israel Bank #333
344589,Israel Bank #1027
344590,Israel Bank #255
344592,Israel Bank #360
344596,Israel Bank #1002
344598,Israel Bank #298
344600,Israel Bank #248
344601,Israel Bank #250
344606,Israel Bank #563
344607,Israel Bank #806
344608,Israel Bank #1060
344610,Spain Bank #5033
344611,France Bank #3562
344614,France Bank #3476
344617,Savings Bank of Dallas
344618,Capital Credit Union
344619,Golden Federal Bank
344620,Bank of Portland
344621,First Bank of Fairfield
344622,National Bank of Albany
344624,Savings Bank of Hartford
344625,Savings Bank of New York
344626,Heath Trust Bank
344628,Savings Bank of Augusta
344629,Brownstone Federal Bank
344632,Israel Bank #1223
344633,Israel Bank #899
344634,Israel Bank #281
344642,Italy Bank #2474
344643,Greece Bank #3455
344649,National Bank of Billings
344650,Bank of Phoenix
344654,Bank of Detroit
344655,Bank of Chicago
344658,Savings Bank of Denver
344665,Bank of Butte
344668,Fieldstone Cooperative Bank
344669,National Bank of Philadelphia
344670,Brook Thrift
344673,Regents Federal Bank
344674,Baltech Bank
344675,National Bank of Springfield
344676,First Bank of Milford
344678,Sea Federal Bank
344679,First Bank of Arkadelphia
344680,Savings Bank of Portsmouth
344682,Savings Bank of Hartford
344684,Fieldstone Bank
344685,National Bank of Sacramento
344686,Future Thrift
344687,Savings Bank of Boston
344688,City National Savings Bank
344693,First Bank of the Valley
344695,Israel Bank #256
344696,Israel Bank #1250
344699,Israel Bank #1119
344701,Israel Bank #1276
344702,Israel Bank #267
344705,Israel Bank #934
344708,Israel Bank #1141
344709,Israel Bank #292
344710,Israel Bank #799
344711,Israel Bank #264
344712,Israel Bank #375
344713,Israel Bank #265
344714,Israel Bank #644
344716,Israel Bank #481
344720,Israel Bank #1084
344721,Israel Bank #434
344722,Israel Bank #743
344725,Israel Bank #808
344726,Israel Bank #257
344730,Israel Bank #786
344734,Israel Bank #318
344737,Israel Bank #905
344738,Israel Bank #299
344739,Israel Bank #645
344742,Israel Bank #268
344743,Israel Bank #278
344744,Israel Bank #955
344746,Israel Bank #269
344747,Israel Bank #273
344748,Israel Bank #1247
344749,Israel Bank #1016
344750,Israel Bank #274
344752,Israel Bank #328
344753,Israel Bank #323
344754,Israel Bank #275
344755,Israel Bank #1211
344756,Israel Bank #296
344759,Israel Bank #270
344762,Israel Bank #933
344763,Israel Bank #404
344765,Israel Bank #340
344766,Israel Bank #1098
344768,Israel Bank #846
344772,Israel Bank #1164
344774,Israel Bank #320
344776,Israel Bank #664
344777,Israel Bank #385
344782,Israel Bank #276
344783,Israel Bank #640
344784,Israel Bank #277
344786,First Bank of Topeka
344787,Israel Bank #279
344788,Israel Bank #970
344789,Israel Bank #1066
344790,Israel Bank #27
344792,Israel Bank #1001
344794,Israel Bank #1118
344797,Israel Bank #1225
344799,Israel Bank #388
344800,Israel Bank #1123
344802,Israel Bank #1130
344805,Israel Bank #865
344806,China Bank #1172
344813,China Bank #613
344815,Israel Bank #291
344817,Israel Bank #977
344818,Israel Bank #564
344821,Israel Bank #283
344823,Israel Bank #354
344832,Israel Bank #285
344836,Israel Bank #709
344837,Israel Bank #903
344839,Israel Bank #1078
344840,Israel Bank #297
344841,Israel Bank #850
344843,Israel Bank #717
344845,Bank of Seattle
344846,National Bank of Watertown
344849,Israel Bank #1207
344850,Israel Bank #715
344853,Israel Bank #289
344854,Israel Bank #353
344855,Israel Bank #1248
344856,Israel Bank #855
344858,Israel Bank #493
344861,Israel Bank #288
344862,Israel Bank #290
344863,Israel Bank #427
344866,Israel Bank #478
344867,Israel Bank #382
344870,Israel Bank #403
344871,Bank of Milford
344872,National Bank of Springfield
344874,Arbor Bancorp
344876,First Bank of the South
344877,National Bank of Houston
344879,Bank of Boston
344880,Slovenia Bank #5452
344883,National Bank of Newbury
344884,National Bank of Huron
344885,National Bank of Springfield
344886,Savings Bank of the North
344891,Slovakia Bank #5153
344892,First Bank of Tampa
344895,Sappo Thrift
344896,Arbor Trust Bank
344897,Plandor Bank
344898,Bank of Seattle
344901,National Bank of Miami
344902,First Bank of New Orleans
344903,Bank of Phoenix
344904,National Bank of Watertown
344907,Hearthstone Credit Union
344908,First Bank of Portland
344909,National Bank of Tampa
344911,Bank of Butte
344912,Willows Bancorp
344913,Bank of Springfield
344920,Spruce Community Bank
344922,Bank of Springfield
344924,City National Community Bank
344925,National Bank of Newbury
344928,Baltech Cooperative Bank
344929,Bank of Indianapolis
344932,Germany Bank #5660
344937,Spain Bank #5527
344940,Croatia Bank #2476
344943,Spain Bank #5646
344944,China Bank #614
344953,Sappo Thrift
344954,First Bank of Boston
344955,First Bank of Helena
344956,Bank of Butte
344957,Bank of New Orleans
344958,Baltech Credit Union
344959,Bank of Huron
344960,National Bank of Miami
344962,National Bank of Madison
344964,Savings Bank of Harrisburg
344967,Savings Bank of Madison
344968,Savings Bank of Detroit
344969,Sea Savings Bank
344972,First Bank of Seattle
344973,First Bank of Bridgeport
344975,Fieldstone Credit Union
344977,Bank of Denver
344978,First Bank of Phoenix
344985,National Bank of New York
344986,First Bank of Fort Wayne
344989,Hearthstone Bancorp
344991,Bank of Newport
344994,First Bank of Tampa
344995,Flagstone Cooperative Bank
344997,Israel Bank #339
344999,Israel Bank #327
345002,Israel Bank #1083
345003,Israel Bank #900
345005,Israel Bank #918
345006,Israel Bank #1271
345007,Israel Bank #1114
345008,China Bank #1123
345015,Israel Bank #397
345016,Israel Bank #1120
345017,Israel Bank #1148
345018,Israel Bank #316
345021,Israel Bank #884
345022,Israel Bank #300
345025,Israel Bank #293
345026,Israel Bank #1039
345029,Israel Bank #301
345030,Israel Bank #1082
345031,Israel Bank #904
345033,Israel Bank #317
345036,Israel Bank #303
345039,Israel Bank #624
345041,Israel Bank #949
345043,Israel Bank #426
345044,Israel Bank #3
345045,National Bank of Phoenix
345046,Sea Trust Bank
345047,National Bank of Newport
345048,National Bank of Fairfield
345050,Savings Bank of Madison
345052,Sunrise Savings Bank
345056,Israel Bank #484
345057,Israel Bank #341
345059,Israel Bank #700
345060,Israel Bank #1074
345061,Israel Bank #1005
345062,Israel Bank #306
345063,Israel Bank #750
345064,Israel Bank #307
345066,First Bank of Cleveland
345067,Israel Bank #308
345071,Israel Bank #368
345074,First Bank of the West
345075,National Bank of Topeka
345078,Bank of Huron
345080,Bank of Bridgeport
345082,Israel Bank #1243
345083,Israel Bank #514
345084,Israel Bank #312
345085,China Bank #615
345086,China Bank #1153
345088,Israel Bank #309
345089,Israel Bank #310
345090,Israel Bank #954
345091,Israel Bank #738
345092,Israel Bank #362
345093,Israel Bank #1029
345099,Israel Bank #917
345100,Israel Bank #494
345102,Israel Bank #313
345103,Israel Bank #314
345105,Israel Bank #533
345106,Israel Bank #1092
345108,Israel Bank #465
345109,Israel Bank #331
345110,Israel Bank #344
345112,Israel Bank #529
345113,Savings Bank of Providence
345114,Bank of Boston
345115,First Bank of Madison
345116,Savings Bank of Chicago
345121,Israel Bank #332
345123,Israel Bank #1222
345130,Italy Bank #3021
345131,Spain Bank #6008
345132,Israel Bank #803
345133,Israel Bank #334
345134,Italy Bank #5382
345135,Israel Bank #1007
345136,Israel Bank #1131
345137,Israel Bank #860
345138,Golden Credit Union
345139,Israel Bank #324
345141,Israel Bank #325
345147,Fieldstone Federal Bank
345148,Israel Bank #842
345149,Israel Bank #342
345151,Israel Bank #1108
345152,Israel Bank #335
345153,Israel Bank #764
345157,Israel Bank #345
345159,Israel Bank #336
345160,Israel Bank #742
345161,Israel Bank #351
345162,Israel Bank #735
345164,Bank of Topeka
345165,Capital Bancorp
345170,Israel Bank #337
345171,Israel Bank #1061
345172,Israel Bank #326
345173,Israel Bank #372
345175,Israel Bank #729
345176,Israel Bank #377
345178,Israel Bank #708
345179,Germany Bank #6034
345180,Greece Bank #2482
345183,Israel Bank #1235
345186,Israel Bank #1062
345188,Israel Bank #448
345193,Israel Bank #1041
345195,Israel Bank #444
345198,Israel Bank #1008
345199,Israel Bank #939
345201,Israel Bank #1154
345202,Israel Bank #1115
345203,Israel Bank #463
345205,Israel Bank #796
345206,Israel Bank #1157
345207,Israel Bank #736
345209,First Bank of Milford
345215,Israel Bank #834
345216,Israel Bank #391
345218,UK Bank #703
345219,Israel Bank #346
345222,Israel Bank #352
345224,Israel Bank #992
345229,Israel Bank #499
345231,Israel Bank #348
345232,Israel Bank #492
345236,Israel Bank #1068
345240,Israel Bank #545
345243,Israel Bank #1172
345245,Germany Bank #6009
345247,National Bank of Seattle
345249,Brownstone Community Bank
345250,Israel Bank #349
345251,Israel Bank #358
345254,Israel Bank #365
345255,Israel Bank #974
345257,Israel Bank #937
345258,Israel Bank #367
345263,Israel Bank #359
345265,Israel Bank #356
345269,Israel Bank #355
345275,UK Bank #832
345277,Israel Bank #936
345278,Israel Bank #357
345280,Israel Bank #379
345282,Israel Bank #634
345283,Israel Bank #361
345291,UK Bank #616
345294,Israel Bank #879
345297,Israel Bank #364
345298,Israel Bank #907
345299,Israel Bank #381
345300,Israel Bank #748
345304,Israel Bank #807
345305,Israel Bank #1088
345307,Italy Bank #3474
345308,Netherlands Bank #5706
345310,France Bank #5472
345311,China Bank #698
345314,China Bank #617
345320,Greece Bank #2487
345322,Spain Bank #3451
345323,France Bank #2914
345324,France Bank #3606
345325,Spain Bank #2653
345327,France Bank #2489
345328,France Bank #4919
345329,France Bank #5221
345332,Spain Bank #3340
345334,Israel Bank #1205
345335,Israel Bank #407
345336,Israel Bank #548
345337,Israel Bank #567
345338,Israel Bank #405
345339,Israel Bank #744
345340,Israel Bank #412
345341,Israel Bank #371
345345,China Bank #1089
345346,China Bank #776
345348,Israel Bank #386
345350,Israel Bank #721
345351,Israel Bank #369
345352,Israel Bank #370
345353,Israel Bank #454
345356,Israel Bank #423
345359,Israel Bank #618
345360,Israel Bank #505
345362,Israel Bank #902
345363,Israel Bank #380
345365,Israel Bank #373
345370,Israel Bank #490
345371,Israel Bank #1032
345372,Israel Bank #988
345373,Israel Bank #374
345375,Israel Bank #411
345376,Israel Bank #1286
345378,Israel Bank #399
345382,Israel Bank #376
345383,Israel Bank #523
345384,Israel Bank #378
345386,Israel Bank #442
345387,Israel Bank #383
345388,Israel Bank #384
345391,Israel Bank #768
345392,Israel Bank #400
345393,Israel Bank #401
345394,Israel Bank #389
345396,Israel Bank #569
345398,Israel Bank #387
345401,Israel Bank #486
345402,Israel Bank #586
345404,Israel Bank #1242
345408,Israel Bank #408
345410,Israel Bank #390
345414,Israel Bank #508
345415,Israel Bank #398
345417,Israel Bank #1063
345419,Israel Bank #641
345422,Israel Bank #393
345426,Israel Bank #549
345427,Israel Bank #394
345429,Israel Bank #914
345431,Israel Bank #906
345433,Israel Bank #1065
345435,Israel Bank #458
345436,Israel Bank #858
345439,Savings Bank of Columbus
345441,Fieldstone Trust Bank
345444,Israel Bank #1269
345446,Israel Bank #985
345447,Israel Bank #395
345448,Israel Bank #402
345450,Israel Bank #472
345451,Israel Bank #474
345452,Israel Bank #396
345454,Israel Bank #598
345455,Israel Bank #550
345456,Israel Bank #827
345457,Israel Bank #1268
345462,Israel Bank #627
345463,Israel Bank #1155
345464,Israel Bank #701
345465,Israel Bank #792
345466,Hearthstone Trust Bank
345467,Savings Bank of Dallas
345468,Sunrise Credit Union
345469,National Bank of Sacramento
345470,Brownstone Cooperative Bank
345471,First Bank of Plattsburg
345474,Israel Bank #979
345478,Israel Bank #416
345480,Israel Bank #1173
345482,Israel Bank #983
345486,Israel Bank #406
345488,Israel Bank #948
345490,Israel Bank #802
345491,Israel Bank #1194
345492,Israel Bank #414
345493,Savings Bank of Danbury
345494,Israel Bank #535
345495,Israel Bank #420
345497,Israel Bank #409
345498,Israel Bank #831
345501,Israel Bank #690
345505,Fieldstone Trust Bank
345508,Israel Bank #1189
345511,Israel Bank #413
345512,Israel Bank #976
345515,Israel Bank #415
345516,Israel Bank #1270
345517,Mountain Bank
345519,Israel Bank #912
345521,Israel Bank #1085
345522,Israel Bank #521
345523,Israel Bank #475
345524,Israel Bank #1132
345525,Israel Bank #1306
345536,Israel Bank #1169
345537,Israel Bank #470
345541,Israel Bank #1275
345542,Israel Bank #1317
345543,Israel Bank #758
345544,Israel Bank #982
345546,Israel Bank #1117
345550,Israel Bank #418
345553,Israel Bank #457
345554,Israel Bank #913
345555,Israel Bank #1236
345556,Israel Bank #440
345557,Israel Bank #419
345558,Israel Bank #981
345559,Israel Bank #780
345562,Israel Bank #1170
345563,Israel Bank #755
345565,First Bank of Lincoln
345567,Brownstone Federal Bank
345570,Bank of Columbus
345576,Acme Federal Bank
345577,Bank of Helena
345578,Oasis Thrift
345579,First Bank of Cleveland
345580,Savings Bank of Laramie
345581,Brook Bank
345582,First Bank of Helena
345585,Dawn Credit Union
345593,First Bank of Danbury
345594,First Bank of Providence
345597,Sappo Community Bank
345599,National Bank of Miami
345600,Sunrise Bank
345601,Bank of Houston
345602,First Bank of Newbury
345605,Savings Bank of Augusta
345606,First Bank of Helena
345610,Arbor Trust Bank
345611,Sunrise Community Bank
345613,Bank of New York
345618,First Bank of Huron
345620,Germany Bank #4292
345626,First Bank of Watertown
345628,Flagstone Thrift
345630,Hilltop Cooperative Bank
345634,First Bank of Madison
345635,Savings Bank of the South
345636,National Bank of Sacramento
345638,Portugal Bank #5946
345639,France Bank #2491
345640,Germany Bank #6032
345645,France Bank #3376
345647,Bank of Springfield
345648,Savings Bank of Lacrosse
345650,National Bank of Dallas
345651,Oasis Bancorp
345660,Savings Bank of Providence
345662,First Bank of Albany
345664,National Bank of Dallas
345665,National Bank of Billings
345666,Savings Bank of Chicago
345668,Bank of Springfield
345672,Bank of Chicago
345673,National Bank of Lacrosse
345674,Brownstone Thrift
345675,Savings Bank of the North
345676,Golden Thrift
345677,Desert Bank
345678,Belgium Bank #5647
345679,Italy Bank #2492
345681,National Bank of New York
345684,Bank of the Valley
345687,Future Trust Bank
345690,Germany Bank #3501
345691,Spain Bank #2493
345692,Italy Bank #3357
345693,Germany Bank #2495
345694,Germany Bank #2496
345696,Lithuania Bank #3418
345699,France Bank #4074
345700,Spain Bank #4318
345702,France Bank #3490
345705,Italy Bank #3128
345708,Croatia Bank #3426
345711,France Bank #5383
345712,Germany Bank #2498
345713,Finland Bank #6033
345715,Germany Bank #6394
345725,Israel Bank #1272
345728,Israel Bank #612
345729,Israel Bank #1144
345731,Israel Bank #1294
345734,Israel Bank #422
345735,Israel Bank #1091
345736,Israel Bank #421
345737,Israel Bank #512
345738,Israel Bank #462
345739,Israel Bank #1166
345740,Israel Bank #1190
345741,Israel Bank #447
345745,Israel Bank #859
345746,Israel Bank #730
345748,Israel Bank #1033
345749,Israel Bank #1255
345752,Israel Bank #459
345756,Israel Bank #425
345760,Israel Bank #464
345762,Israel Bank #1261
345763,Israel Bank #667
345765,Israel Bank #821
345767,Israel Bank #1146
345770,Israel Bank #945
345771,Flagstone Trust Bank
345773,Israel Bank #725
345774,Israel Bank #428
345775,Israel Bank #451
345776,Israel Bank #1103
345777,Israel Bank #482
345780,Israel Bank #731
345782,Israel Bank #441
345783,Israel Bank #1167
345784,Israel Bank #432
345788,Israel Bank #1262
345789,Israel Bank #430
345792,Israel Bank #908
345795,Israel Bank #488
345796,Israel Bank #431
345798,Spain Bank #3452
345800,Israel Bank #436
345804,Israel Bank #515
345805,Israel Bank #1158
345808,Israel Bank #437
345810,Israel Bank #622
345811,Israel Bank #438
345812,Israel Bank #439
345813,Israel Bank #953
345815,Israel Bank #1051
345816,Portugal Bank #6373
345818,Latvia Bank #5888
345819,Israel Bank #1071
345823,Israel Bank #496
345824,Israel Bank #980
345825,Israel Bank #824
345826,Israel Bank #1171
345827,Israel Bank #958
345828,Israel Bank #1069
345829,Israel Bank #544
345832,Israel Bank #909
345833,Israel Bank #1020
345834,Bank of Harrisburg
345835,Savings Bank of Omaha
345836,Bank of New York
345837,Hearthstone Federal Bank
345838,First Bank of Tuscon
345839,Bank of Montpelier
345842,Israel Bank #1191
345846,Israel Bank #978
345847,Israel Bank #1104
345848,Israel Bank #1133
345849,Israel Bank #1050
345850,Israel Bank #606
345852,Israel Bank #880
345855,Italy Bank #2979
345856,Germany Bank #3748
345867,Israel Bank #817
345869,Israel Bank #443
345870,Israel Bank #461
345871,Israel Bank #1070
345872,Israel Bank #946
345874,Israel Bank #1199
345875,Israel Bank #854
345877,Israel Bank #460
345879,Israel Bank #1035
345885,Israel Bank #706
345890,Israel Bank #516
345893,Israel Bank #466
345895,Israel Bank #1209
345896,Israel Bank #1049
345897,Israel Bank #446
345901,Israel Bank #1192
345903,Israel Bank #1156
345905,Israel Bank #467
345907,Bank of Lincoln
345908,Savings Bank of Portsmouth
345910,The Pine Bank
345914,Bank of the Valley
345915,First Bank of Fort Wayne
345917,National Bank of Lacrosse
345918,National Bank of Miami
345919,National Bank of Arkadelphia
345920,National Bank of Newport
345921,First Bank of Augusta
345923,National Bank of Fort Wayne
345924,Savings Bank of Sacramento
345928,Baltech Credit Union
345930,First Bank of Arkadelphia
345934,France Bank #2501
345936,France Bank #2725
345939,Germany Bank #2502
345941,Hearthstone Credit Union
345945,Israel Bank #737
345946,Israel Bank #468
345948,Israel Bank #783
345949,Israel Bank #1278
345952,Israel Bank #838
345953,Israel Bank #450
345954,Israel Bank #746
345957,Israel Bank #1249
345958,Israel Bank #449
345960,Israel Bank #1195
345962,Israel Bank #665
345966,Israel Bank #1072
345969,Israel Bank #683
345970,Israel Bank #452
345972,Israel Bank #653
345974,Israel Bank #1159
345975,Israel Bank #1279
345976,Israel Bank #950
345977,Israel Bank #455
345980,Israel Bank #823
345981,Israel Bank #0
345982,Israel Bank #1200
345984,Savings Bank of Los Angeles
345985,First Bank of Columbus
345989,First Bank of Tampa
345991,The Pine Cooperative Bank
345993,Israel Bank #704
345994,Israel Bank #885
345999,Israel Bank #1206
346001,Israel Bank #1034
346002,Israel Bank #947
346005,Israel Bank #639
346009,Israel Bank #1213
346011,Israel Bank #469
346012,Israel Bank #471
346015,Israel Bank #480
346017,Israel Bank #687
346018,Israel Bank #873
346019,Israel Bank #1086
346023,Acme Federal Bank
346024,Savings Bank of Bridgeport
346025,National Bank of Dallas
346027,Israel Bank #530
346029,Israel Bank #1233
346030,Israel Bank #587
346032,Israel Bank #479
346033,Israel Bank #476
346034,Israel Bank #477
346035,Israel Bank #1177
346036,Israel Bank #1087
346038,Israel Bank #1228
346039,National Bank of Chicago
346040,The Pine Cooperative Bank
346041,Flagstone Trust Bank
346043,Italy Bank #2505
346045,France Bank #2504
346047,Germany Bank #2898
346048,National Bank of Phoenix
346049,National Bank of Huron
346050,First Bank of Los Angeles
346052,Austria Bank #6224
346054,Italy Bank #6362
346056,Willows Bank
346057,Bank of the East
346058,Baltech Federal Bank
346059,Bank of Fort Wayne
346061,Savings Bank of Fort Wayne
346064,First Bank of Plattsburg
346065,Spain Bank #6100
346066,Italy Bank #2508
346067,France Bank #2509
346069,Heath Cooperative Bank
346071,First Bank of Watertown
346072,Savings Bank of Plattsburg
346073,National Bank of the Valley
346075,Bank of Indianapolis
346076,Flagstone Cooperative Bank
346077,Savings Bank of Newport
346080,Hearthstone Trust Bank
346081,The Pine Community Bank
346083,Oak Federal Bank
346085,National Bank of Denver
346087,Sunrise Credit Union
346089,Austria Bank #2511
346090,Germany Bank #3829
346096,Savings Bank of Arkadelphia
346098,Bank of Los Angeles
346099,First Bank of Harrisburg
346100,Savings Bank of Laramie
346102,First Bank of New Orleans
346104,Bank of Fort Wayne
346107,Oak Savings Bank
346108,First Bank of Arkadelphia
346111,Savings Bank of Helena
346112,First Bank of Springfield
346114,Sappo Bank
346118,First Bank of Milford
346119,First Bank of Lacrosse
346120,Bank of the West
346121,Desert Federal Bank
346122,First Bank of Fairfield
346123,National Bank of Hartford
346126,Heath Cooperative Bank
346127,Brownstone Bank
346130,Italy Bank #3044
346131,Spain Bank #4671
346133,Italy Bank #2516
346139,Spain Bank #3215
346140,Germany Bank #3289
346142,France Bank #6173
346143,Spain Bank #4628
346145,Lithuania Bank #5889
346147,Germany Bank #3724
346148,Slovakia Bank #5456
346149,Slovenia Bank #2515
346151,Spain Bank #2514
346153,Germany Bank #3100
346156,Slovakia Bank #5007
346157,France Bank #4629
346160,First Bank of Danbury
346161,Sappo Bancorp
346162,Bank of Providence
346164,First Bank of Newport
346165,Bank of Philadelphia
346167,Spain Bank #5301
346169,Germany Bank #5754
346171,National Bank of Butte
346172,Ireland Bank #6095
346174,Baltech Trust Bank
346177,Israel Bank #1142
346180,Oak Federal Bank
346183,Sea Trust Bank
346184,Plandor Bank
346187,Savings Bank of Miami
346188,National Bank of the East
346190,Sunrise Bank
346192,Savings Bank of Laramie
346195,France Bank #3519
346197,France Bank #4294
346198,France Bank #6148
346201,Spain Bank #3731
346203,France Bank #6256
346206,Bank of Arkadelphia
346207,Plateau Trust Bank
346208,First Bank of Newbury
346214,France Bank #6248
346215,Acme Credit Union
346218,Acme Federal Bank
346219,National Bank of the East
346220,Brook Savings Bank
346221,Oasis Credit Union
346222,Savings Bank of Huron
346224,Bank of Billings
346227,Savings Bank of Providence
346231,Israel Bank #712
346233,Israel Bank #579
346235,Israel Bank #519
346238,Israel Bank #1073
346239,Israel Bank #29
346244,Israel Bank #485
346246,Israel Bank #1043
346247,Israel Bank #1277
346248,Israel Bank #487
346249,Israel Bank #1143
346250,Israel Bank #691
346251,Israel Bank #1263
346253,Israel Bank #489
346255,Savings Bank of Phoenix
346257,National Bank of Milford
346258,National Bank of Albany
346259,Savings Bank of Pittsburgh
346261,Spain Bank #3708
346263,First Bank of Huron
346265,National Bank of Harrisburg
346269,Heath Federal Bank
346270,Bank of Boston
346271,First Bank of Butte
346273,Savings Bank of Newbury
346275,National Bank of Arkadelphia
346276,Bank of Sacramento
346279,Israel Bank #825
346280,Israel Bank #491
346281,Israel Bank #1161
346283,Israel Bank #718
346285,Israel Bank #1251
346286,Israel Bank #565
346287,Israel Bank #588
346292,Israel Bank #1300
346294,Israel Bank #495
346296,Israel Bank #1217
346297,National Bank of New Orleans
346301,Israel Bank #835
346303,Israel Bank #874
346305,Israel Bank #532
346307,Israel Bank #600
346308,Israel Bank #1289
346309,Israel Bank #984
346313,Italy Bank #2521
346315,National Bank of Watertown
346316,France Bank #2523
346319,Croatia Bank #3153
346321,Germany Bank #2524
346325,China Bank #619
346326,France Bank #2522
346329,Arbor Trust Bank
346332,National Bank of Miami
346333,Spruce Bank
346334,First Bank of Harrisburg
346337,Finland Bank #4630
346338,Finland Bank #3722
346340,Belgium Bank #6395
346343,Luxembourg Bank #4486
346344,France Bank #2526
346347,Germany Bank #6363
346349,Spain Bank #6340
346352,Germany Bank #2527
346353,Netherlands Bank #6274
346354,Italy Bank #2528
346356,Cyprus Bank #2591
346361,Bank of Detroit
346362,Bank of Harrisburg
346364,First Bank of Providence
346365,National Bank of Fort Wayne
346366,First Bank of Detroit
346367,Sunrise Bancorp
346370,First Bank of Sacramento
346373,Heath Thrift
346374,Willows Bancorp
346375,Savings Bank of Hartford
346376,Savings Bank of Danbury
346377,Israel Bank #30
346378,Israel Bank #500
346379,Israel Bank #553
346380,National Bank of the West
346381,France Bank #3767
346382,China Bank #620
346386,Germany Bank #2741
346387,First Bank of Arkadelphia
346388,First Bank of Omaha
346390,National Bank of Omaha
346392,Germany Bank #2529
346393,Germany Bank #3487
346395,Spain Bank #5037
346397,Germany Bank #2530
346398,Germany Bank #2534
346399,Germany Bank #2535
346401,Spain Bank #5550
346408,Spain Bank #6241
346410,Italy Bank #2532
346411,Greece Bank #3831
346412,Spain Bank #2533
346413,Netherlands Bank #3723
346417,Portugal Bank #3297
346419,Netherlands Bank #6203
346420,Spain Bank #6406
346421,Portugal Bank #2862
346428,Italy Bank #3784
346431,Austria Bank #5845
346432,Lithuania Bank #3411
346434,Germany Bank #5708
346435,Portugal Bank #4473
346436,Austria Bank #5384
346438,France Bank #3792
346439,Slovenia Bank #2536
346441,Spain Bank #5587
346442,Italy Bank #3520
346443,Germany Bank #5588
346444,Italy Bank #2920
346446,Germany Bank #5010
346449,Greece Bank #4297
346453,Spain Bank #3081
346457,Italy Bank #2537
346459,Belgium Bank #3294
346460,Ireland Bank #5470
346462,Italy Bank #2540
346463,France Bank #2950
346464,Greece Bank #2539
346466,Italy Bank #6366
346467,Netherlands Bank #3232
346470,Netherlands Bank #5846
346471,Germany Bank #5025
346472,Spain Bank #3104
346474,Spain Bank #2542
346477,Germany Bank #5981
346479,Italy Bank #2544
346483,France Bank #2730
346484,Germany Bank #4113
346485,Ireland Bank #2546
346487,Spain Bank #5804
346489,Belgium Bank #5648
346490,France Bank #5780
346492,Germany Bank #2547
346493,Germany Bank #3628
346495,Germany Bank #3833
346496,Latvia Bank #6063
346498,France Bank #3684
346501,France Bank #4307
346502,Spain Bank #6320
346505,Germany Bank #5948
346508,Spain Bank #6010
346509,National Bank of the East
346510,Bank of Newbury
346516,Italy Bank #6430
346521,Netherlands Bank #5988
346522,Portugal Bank #4315
346523,Slovenia Bank #3657
346525,Germany Bank #5649
346526,Germany Bank #5714
346528,Lithuania Bank #3101
346531,France Bank #2556
346532,Germany Bank #3488
346534,France Bank #5224
346535,Germany Bank #5237
346539,Cyprus Bank #5709
346540,Spain Bank #3409
346541,Germany Bank #3769
346543,Greece Bank #2557
346544,Belgium Bank #3233
346546,Belgium Bank #2567
346547,Spain Bank #5710
346549,Italy Bank #3640
346551,France Bank #5670
346552,Slovenia Bank #5890
346553,Italy Bank #3533
346554,Spain Bank #6276
346555,Germany Bank #3042
346556,Germany Bank #2558
346558,First Bank of Helena
346559,Savings Bank of Lacrosse
346564,Bank of Chicago
346565,Bank of Billings
346568,National Bank of Portland
346569,First Bank of Laramie
346572,France Bank #2559
346573,Finland Bank #5924
346575,France Bank #3641
346576,Slovenia Bank #6080
346577,France Bank #5130
346580,France Bank #4632
346581,Croatia Bank #2569
346585,Portugal Bank #2560
346586,Spain Bank #2570
346587,France Bank #2571
346588,Germany Bank #3040
346589,Germany Bank #3736
346594,Ireland Bank #5589
346597,Spain Bank #6277
346598,Bank of Lacrosse
346600,Germany Bank #2974
346601,France Bank #2770
346605,Italy Bank #6118
346606,Italy Bank #3454
346607,Portugal Bank #2561
346608,Austria Bank #6341
346609,Italy Bank #2565
346610,France Bank #5011
346611,Germany Bank #2863
346618,Netherlands Bank #3138
346619,Netherlands Bank #3291
346621,China Bank #813
346622,China Bank #621
346624,China Bank #939
346627,Italy Bank #5309
346633,Bank of Lacrosse
346634,Spruce Trust Bank
346635,Savings Bank of Phoenix
346636,National Bank of Albany
346643,The Pine Community Bank
346646,National Bank of Columbus
346647,Savings Bank of Detroit
346648,Savings Bank of Topeka
346649,Savings Bank of Providence
346650,Portugal Bank #3812
346653,Heath Federal Bank
346657,Bank of Sacramento
346658,Savings Bank of the Valley
346660,Willows Bancorp
346664,First Bank of the West
346665,Germany Bank #6064
346666,Italy Bank #5234
346667,Arbor Federal Bank
346668,Bank of Portland
346669,Mountain Thrift
346672,First Bank of Dallas
346676,Arbor Thrift
346678,Bank of Laramie
346681,France Bank #2576
346682,Germany Bank #2577
346684,Willows Thrift
346686,Spain Bank #4935
346689,Bank of Dallas
346690,Savings Bank of Pittsburgh
346691,Savings Bank of Hartford
346694,Bank of Butte
346695,National Bank of Portland
346696,Fieldstone Federal Bank
346700,National Bank of Tampa
346703,Savings Bank of Albany
346704,National Bank of Denver
346707,National Bank of Plattsburg
346708,First Bank of Cleveland
346709,City National Bank
346712,Savings Bank of Plattsburg
346714,First Bank of Tampa
346715,National Bank of Sacramento
346718,Future Bancorp
346720,First Bank of Laramie
346721,Bank of New York
346722,First Bank of Helena
346723,National Bank of the Valley
346724,First Bank of Sacramento
346729,Bank of Billings
346730,First Bank of Hartford
346731,Capital Federal Bank
346732,City National Savings Bank
346733,Bank of Laramie
346734,Arbor Savings Bank
346737,Heath Cooperative Bank
346738,First Bank of New Orleans
346740,Bank of Dallas
346742,Bank of Huron
346743,First Bank of Springfield
346744,First Bank of Detroit
346745,First Bank of Detroit
346747,Savings Bank of Harrisburg
346748,National Bank of Portsmouth
346750,Oasis Savings Bank
346751,Germany Bank #2580
346757,Savings Bank of Montpelier
346759,Bank of Topeka
346761,Savings Bank of Fort Wayne
346762,Bank of Sacramento
346763,Acme Credit Union
346764,Golden Bancorp
346765,National Bank of the Valley
346768,First Bank of Albany
346769,Regents Community Bank
346772,Israel Bank #1264
346775,Israel Bank #1311
346778,Israel Bank #1052
346779,Israel Bank #501
346780,Israel Bank #652
346781,Israel Bank #779
346782,Israel Bank #773
346790,Plandor Bank
346794,Israel Bank #1197
346797,Israel Bank #502
346798,Israel Bank #504
346800,Israel Bank #804
346803,Israel Bank #526
346805,Israel Bank #503
346808,Israel Bank #877
346809,Israel Bank #707
346813,Bank of Tampa
346814,Bank of Portsmouth
346815,Oak Bank
346820,Bank of the South
346821,First Bank of Pittsburgh
346822,Bank of Seattle
346823,Sappo Thrift
346830,First Bank of Plattsburg
346831,First Bank of Philadelphia
346833,Bank of Sacramento
346834,Israel Bank #1090
346838,Israel Bank #1295
346839,Israel Bank #1224
346840,Israel Bank #506
346841,Savings Bank of Lacrosse
346842,National Bank of the Valley
346843,Acme Savings Bank
346852,Israel Bank #781
346854,Israel Bank #775
346857,Israel Bank #507
346862,Israel Bank #723
346863,Israel Bank #1077
346868,Israel Bank #915
346871,Israel Bank #633
346876,Israel Bank #601
346877,Israel Bank #509
346878,Israel Bank #536
346879,Israel Bank #510
346880,Israel Bank #919
346881,Israel Bank #1053
346882,Israel Bank #1102
346883,Israel Bank #1318
346884,Israel Bank #511
346886,Israel Bank #534
346887,Israel Bank #797
346888,Israel Bank #525
346889,Israel Bank #522
346891,Israel Bank #518
346893,Israel Bank #810
346895,Israel Bank #513
346898,Israel Bank #1134
346899,Israel Bank #798
346902,Israel Bank #1215
346906,Germany Bank #4909
346907,Israel Bank #787
346909,First Bank of Providence
346910,Israel Bank #811
346911,Israel Bank #812
346912,Israel Bank #813
346914,Israel Bank #517
346918,Israel Bank #881
346919,Israel Bank #520
346920,Israel Bank #524
346921,Israel Bank #852
346923,Israel Bank #615
346925,Israel Bank #674
346927,Savings Bank of Butte
346928,Israel Bank #527
346929,Israel Bank #951
346930,Israel Bank #776
346932,Israel Bank #663
346934,Israel Bank #1256
346935,Oak Credit Union
346938,Israel Bank #839
346939,Israel Bank #1265
346940,Israel Bank #1210
346945,Israel Bank #1239
346948,Israel Bank #870
346950,Israel Bank #822
346951,Israel Bank #531
346953,Israel Bank #528
346957,Israel Bank #840
346958,Israel Bank #756
346963,Israel Bank #566
346965,Israel Bank #593
346968,Israel Bank #605
346970,Israel Bank #1208
346971,Israel Bank #828
346972,Plandor Savings Bank
346973,National Bank of Dallas
346975,Israel Bank #754
346976,Israel Bank #749
346978,Israel Bank #578
346980,Israel Bank #604
346983,Israel Bank #582
346984,Israel Bank #1128
346987,Israel Bank #1151
346989,Israel Bank #1266
346990,Israel Bank #539
346991,Israel Bank #760
346997,Israel Bank #557
347000,Israel Bank #537
347004,Israel Bank #538
347005,Israel Bank #610
347007,Israel Bank #759
347012,Israel Bank #952
347014,Israel Bank #1178
347018,Israel Bank #724
347022,Savings Bank of Portsmouth
347025,Hilltop Federal Bank
347026,National Bank of Tuscon
347028,Bank of Helena
347034,Israel Bank #540
347037,Israel Bank #1179
347038,Israel Bank #1283
347039,Israel Bank #1284
347040,Israel Bank #841
347042,Israel Bank #1301
347045,Israel Bank #1121
347046,Israel Bank #543
347053,Israel Bank #987
347056,Heath Community Bank
347058,Israel Bank #815
347059,Israel Bank #1122
347060,Israel Bank #882
347063,Israel Bank #575
347066,Israel Bank #916
347068,Israel Bank #957
347069,Israel Bank #571
347072,Israel Bank #546
347075,Savings Bank of Montpelier
347078,Israel Bank #1109
347081,Israel Bank #547
347083,Israel Bank #1302
347084,Israel Bank #1075
347085,Israel Bank #1220
347086,Israel Bank #1038
347087,Israel Bank #681
347088,Israel Bank #1281
347089,Israel Bank #863
347090,Israel Bank #1010
347092,Israel Bank #584
347094,Israel Bank #883
347095,Israel Bank #836
347096,Israel Bank #1180
347097,Israel Bank #1226
347098,Israel Bank #1280
347099,Israel Bank #570
347101,Israel Bank #1227
347103,Israel Bank #790
347106,Savings Bank of Augusta
347110,Israel Bank #1076
347112,Israel Bank #551
347113,Israel Bank #554
347114,Israel Bank #867
347115,Israel Bank #552
347117,Israel Bank #710
347118,Israel Bank #649
347120,Israel Bank #555
347122,Israel Bank #1181
347123,Israel Bank #1183
347124,Spain Bank #6278
347126,National Bank of Watertown
347128,Arbor Bancorp
347133,Regents Cooperative Bank
347135,Brownstone Federal Bank
347136,Plateau Bank
347138,First Bank of Columbus
347141,Bank of the West
347142,City National Cooperative Bank
347143,Israel Bank #556
347144,Israel Bank #559
347147,Israel Bank #558
347148,Israel Bank #657
347150,Israel Bank #560
347152,Israel Bank #561
347153,Israel Bank #1316
347156,Israel Bank #599
347157,Israel Bank #562
347158,Israel Bank #1303
347159,Israel Bank #1244
347162,Israel Bank #739
347163,Israel Bank #626
347164,Israel Bank #1012
347165,Israel Bank #732
347167,Israel Bank #818
347171,Israel Bank #1013
347172,Israel Bank #761
347173,Israel Bank #661
347174,Israel Bank #740
347175,Israel Bank #923
347176,Israel Bank #608
347177,Israel Bank #1054
347178,Israel Bank #568
347180,Israel Bank #1145
347181,Israel Bank #1292
347184,Israel Bank #44
347185,Israel Bank #650
347186,Israel Bank #791
347188,Israel Bank #1160
347189,Israel Bank #1312
347192,Israel Bank #843
347193,Israel Bank #1185
347195,Flagstone Bank
347197,Golden Thrift
347198,Bank of Detroit
347203,Spain Bank #6119
347204,First Bank of Sacramento
347205,First Bank of New Orleans
347206,First Bank of Denver
347207,Flagstone Credit Union
347211,Sea Savings Bank
347212,Savings Bank of Cleveland
347213,Brook Cooperative Bank
347216,Heath Savings Bank
347217,Bank of Newport
347218,Plandor Thrift
347219,Bank of Lacrosse
347221,Savings Bank of New Orleans
347222,Bank of Phoenix
347224,National Bank of Portland
347228,Savings Bank of Helena
347232,Mountain Trust Bank
347235,Plateau Bancorp
347237,Hearthstone Federal Bank
347238,National Bank of Augusta
347239,Spruce Federal Bank
347241,First Bank of Omaha
347242,National Bank of Omaha
347243,National Bank of the South
347246,First Bank of Bridgeport
347249,National Bank of the East
347250,Israel Bank #702
347254,Israel Bank #851
347257,Israel Bank #602
347258,Israel Bank #1297
347259,Israel Bank #1094
347260,Israel Bank #819
347261,Israel Bank #862
347262,First Bank of Fairfield
347264,Israel Bank #1258
347265,Israel Bank #782
347267,Israel Bank #1093
347268,Israel Bank #614
347270,Israel Bank #1018
347271,Belgium Bank #5531
347272,Germany Bank #3035
347277,Sappo Bancorp
347279,Israel Bank #662
347280,Israel Bank #1216
347281,Israel Bank #589
347282,Israel Bank #1221
347283,Israel Bank #572
347285,China Bank #1075
347286,China Bank #626
347287,China Bank #1137
347288,Sunrise Bancorp
347289,Israel Bank #857
347290,Israel Bank #1105
347293,Israel Bank #573
347295,Israel Bank #1273
347297,Israel Bank #574
347298,Israel Bank #800
347300,Israel Bank #616
347301,Israel Bank #1237
347302,Israel Bank #617
347303,Israel Bank #1308
347304,Israel Bank #1267
347305,Israel Bank #785
347309,Israel Bank #1229
347311,Israel Bank #713
347312,Israel Bank #864
347313,Israel Bank #576
347316,Israel Bank #577
347318,Israel Bank #711
347319,Israel Bank #1014
347321,Israel Bank #1201
347322,Israel Bank #986
347323,Israel Bank #1015
347324,Israel Bank #1218
347325,Israel Bank #1096
347326,Israel Bank #1174
347327,China Bank #1094
347333,Israel Bank #1313
347336,Israel Bank #765
347338,Israel Bank #733
347341,Israel Bank #1196
347344,National Bank of Springfield
347345,Israel Bank #676
347349,Brownstone Savings Bank
347350,Savings Bank of Portsmouth
347352,Israel Bank #590
347353,Israel Bank #1287
347354,Israel Bank #591
347355,Israel Bank #592
347356,Netherlands Bank #5148
347360,Israel Bank #594
347361,Israel Bank #1238
347362,Israel Bank #1214
347366,Israel Bank #1055
347367,Israel Bank #1245
347368,Israel Bank #583
347369,Israel Bank #1135
347370,Israel Bank #585
347371,Israel Bank #596
347372,Israel Bank #762
347373,Israel Bank #720
347375,Israel Bank #1219
347376,Israel Bank #1285
347377,Israel Bank #766
347382,China Bank #777
347385,China Bank #1148
347391,Israel Bank #1022
347396,Israel Bank #814
347397,China Bank #880
347398,China Bank #661
347399,China Bank #636
347401,Israel Bank #1150
347402,Israel Bank #603
347403,Israel Bank #1315
347404,Israel Bank #1290
347405,Israel Bank #805
347406,Israel Bank #597
347407,Israel Bank #1257
347409,Future Bancorp
347411,Israel Bank #611
347414,Israel Bank #868
347419,Israel Bank #763
347420,Israel Bank #625
347421,Israel Bank #654
347424,Israel Bank #2
347425,Israel Bank #861
347426,Israel Bank #832
347427,Israel Bank #671
347428,Israel Bank #745
347431,Israel Bank #1021
347435,Israel Bank #621
347436,Israel Bank #829
347439,Israel Bank #886
347442,Israel Bank #619
347443,Israel Bank #620
347447,Israel Bank #1296
347448,Israel Bank #1246
347450,Israel Bank #623
347451,Israel Bank #989
347453,Sappo Credit Union
347454,Flagstone Credit Union
347455,Golden Savings Bank
347458,Israel Bank #628
347459,Israel Bank #629
347461,France Bank #5459
347463,Germany Bank #2600
347466,Italy Bank #3504
347467,Italy Bank #3184
347468,France Bank #2601
347470,Germany Bank #3213
347471,National Bank of Topeka
347474,Germany Bank #5614
347475,France Bank #5591
347476,France Bank #6120
347477,Germany Bank #5014
347479,France Bank #3796
347481,Italy Bank #6431
347482,Italy Bank #3881
347483,Germany Bank #4654
347484,China Bank #775
347485,Finland Bank #6396
347488,Germany Bank #3259
347490,Germany Bank #5304
347491,Italy Bank #6012
347492,Germany Bank #2603
347494,France Bank #5457
347497,France Bank #2586
347498,France Bank #2587
347501,Germany Bank #2585
347505,Italy Bank #3768
347506,Germany Bank #2590
347507,Spain Bank #3155
347510,Croatia Bank #4775
347516,Germany Bank #6349
347523,The Pine Thrift
347525,Bank of Hartford
347526,Flagstone Bank
347527,Flagstone Thrift
347530,Savings Bank of Fairfield
347535,Latvia Bank #2594
347537,Italy Bank #5925
347538,France Bank #2592
347541,Slovakia Bank #3410
347543,Brook Community Bank
347544,Netherlands Bank #3749
347545,Spain Bank #5133
347549,Estonia Bank #5015
347550,Italy Bank #2595
347552,Netherlands Bank #3735
347555,Greece Bank #3210
347557,Italy Bank #2604
347558,Belgium Bank #6146
347561,Savings Bank of Indianapolis
347562,Bank of Indianapolis
347564,France Bank #3725
347566,Germany Bank #5232
347570,Germany Bank #4634
347571,Italy Bank #3027
347586,France Bank #5757
347588,Germany Bank #3238
347591,Italy Bank #2597
347594,Lithuania Bank #2599
347598,Greece Bank #2723
347599,Portugal Bank #6035
347603,Israel Bank #630
347605,Israel Bank #1230
347607,Israel Bank #777
347613,Israel Bank #1124
347614,Israel Bank #1252
347617,Israel Bank #631
347618,Israel Bank #1240
347619,Israel Bank #50
347620,Israel Bank #1040
347621,Israel Bank #4
347626,Italy Bank #5758
347628,Germany Bank #4301
347629,Germany Bank #3272
347632,Spain Bank #5781
347633,Belgium Bank #5806
347645,Savings Bank of Huron
347646,The Pine Bank
347649,First Bank of Billings
347653,National Bank of Bridgeport
347656,First Bank of the West
347659,Bank of Huron
347660,Bank of Plattsburg
347663,Arbor Trust Bank
347665,Acme Thrift
347666,National Bank of Augusta
347668,Oak Federal Bank
347671,Bank of the East
347672,Bank of Bridgeport
347675,Dawn Community Bank
347676,First Bank of Huron
347678,Savings Bank of Danbury
347680,Golden Thrift
347682,Savings Bank of Albany
347684,Italy Bank #5711
347687,Italy Bank #4635
347690,Heath Cooperative Bank
347691,National Bank of the West
347695,National Bank of the South
347697,Bank of Tuscon
347702,Savings Bank of Danbury
347704,Bank of Laramie
347705,Plateau Community Bank
347706,First Bank of Fort Wayne
347709,Savings Bank of Newport
347710,First Bank of Watertown
347711,National Bank of Omaha
347712,Savings Bank of Philadelphia
347714,National Bank of Newbury
347716,Flagstone Cooperative Bank
347722,Bank of Boston
347723,Fieldstone Credit Union
347724,Sappo Federal Bank
347726,National Bank of the North
347727,First Bank of Watertown
347728,National Bank of Detroit
347729,Bank of Albany
347730,Fieldstone Savings Bank
347731,Hearthstone Federal Bank
347735,Bank of New Orleans
347736,Savings Bank of Columbus
347739,Germany Bank #2681
347741,Lithuania Bank #6204
347744,First Bank of New Orleans
347745,Sunrise Bank
347747,First Bank of Cleveland
347749,Savings Bank of Topeka
347750,Savings Bank of Albany
347752,National Bank of Lincoln
347753,Dawn Thrift
347755,National Bank of Madison
347756,Future Bank
347759,Sea Trust Bank
347760,Savings Bank of Watertown
347761,Willows Trust Bank
347762,Savings Bank of Pittsburgh
347763,First Bank of Bridgeport
347769,First Bank of Denver
347770,Savings Bank of Los Angeles
347772,Sunrise Thrift
347773,National Bank of Seattle
347778,National Bank of Providence
347779,National Bank of Montpelier
347789,Spain Bank #6407
347790,France Bank #2909
347791,Spain Bank #2606
347792,First Bank of Tampa
347798,Bank of Portland
347799,National Bank of the West
347800,First Bank of Fairfield
347803,Bank of Fort Wayne
347804,Savings Bank of Montpelier
347806,National Bank of Miami
347807,Hilltop Cooperative Bank
347810,Hearthstone Thrift
347811,Savings Bank of Sacramento
347815,First Bank of Pittsburgh
347822,Israel Bank #635
347828,India Bank #863
347831,Israel Bank #636
347835,Israel Bank #637
347838,Future Federal Bank
347841,Fieldstone Savings Bank
347842,Israel Bank #673
347846,Israel Bank #655
347847,Israel Bank #751
347848,Israel Bank #778
347850,Israel Bank #638
347852,Israel Bank #1044
347853,Israel Bank #844
347855,Israel Bank #672
347857,Israel Bank #1253
347859,Brook Savings Bank
347864,Israel Bank #642
347865,Israel Bank #830
347866,UK Bank #582
347868,Israel Bank #1309
347869,Israel Bank #1125
347870,Israel Bank #1182
347871,Israel Bank #837
347872,Israel Bank #887
347874,Israel Bank #1314
347877,Israel Bank #1259
347878,Israel Bank #1095
347879,Israel Bank #1168
347882,Israel Bank #646
347883,Israel Bank #647
347884,Israel Bank #1019
347885,Israel Bank #1149
347888,Israel Bank #648
347891,Israel Bank #1162
347892,Israel Bank #960
347895,Savings Bank of Newbury
347898,Israel Bank #651
347899,Israel Bank #847
347903,Israel Bank #1042
347907,Mountain Credit Union
347910,First Bank of Los Angeles
347911,Savings Bank of Dallas
347912,Regents Bank
347914,Israel Bank #675
347916,Israel Bank #677
347919,Israel Bank #678
347920,Israel Bank #1274
347924,Israel Bank #699
347925,Israel Bank #1231
347926,Israel Bank #656
347928,Israel Bank #679
347929,Israel Bank #680
347930,Israel Bank #659
347932,Israel Bank #772
347936,Israel Bank #1184
347939,Israel Bank #1056
347941,Israel Bank #660
347943,Israel Bank #719
347944,Israel Bank #668
347945,Israel Bank #1232
347948,Israel Bank #1106
347952,Israel Bank #888
347953,Israel Bank #1097
347954,Israel Bank #1291
347955,Israel Bank #816
347959,Israel Bank #1079
347960,Israel Bank #666
347961,Israel Bank #688
347968,Israel Bank #991
347969,Israel Bank #1304
347974,India Bank #815
347976,Israel Bank #741
347977,Israel Bank #670
347978,Israel Bank #1175
347979,Israel Bank #682
347981,Israel Bank #833
347982,Israel Bank #774
347987,Spruce Bancorp
347989,Brownstone Savings Bank
347991,Bank of Montpelier
347993,Fieldstone Community Bank
347994,Savings Bank of Lacrosse
347997,Baltech Cooperative Bank
347998,National Bank of Helena
347999,Israel Bank #694
348000,Israel Bank #826
348002,Dawn Cooperative Bank
348006,Israel Bank #856
348007,Bank of the West
348008,Savings Bank of Phoenix
348009,Savings Bank of the East
348011,Savings Bank of New York
348012,First Bank of Newbury
348016,The Pine Savings Bank
348019,Bank of Lacrosse
348024,National Bank of Pittsburgh
348026,National Bank of Lacrosse
348027,Sunrise Community Bank
348028,First Bank of Philadelphia
348032,Acme Bancorp
348035,National Bank of Houston
348036,National Bank of Newbury
348039,First Bank of Pittsburgh
348041,Sunrise Federal Bank
348042,Future Bank
348044,Germany Bank #3378
348045,Spain Bank #3709
348048,France Bank #3393
348051,France Bank #6418
348054,Spain Bank #5847
348055,France Bank #6301
348056,Greece Bank #5653
348057,Germany Bank #4477
348058,Greece Bank #3268
348061,City National Thrift
348062,Desert Federal Bank
348063,First Bank of Madison
348064,Israel Bank #1198
348065,Israel Bank #1260
348066,Israel Bank #1241
348069,Israel Bank #685
348070,Israel Bank #922
348073,UK Bank #664
348075,Israel Bank #1212
348077,Israel Bank #1057
348078,Israel Bank #1163
348079,Israel Bank #684
348080,Israel Bank #1110
348081,Israel Bank #686
348083,Israel Bank #1126
348086,Israel Bank #695
348087,Israel Bank #1305
348088,Israel Bank #696
348089,Israel Bank #697
348092,Israel Bank #1127
348096,Israel Bank #845
348097,Israel Bank #692
348098,Germany Bank #5226
348100,Israel Bank #752
348101,Israel Bank #1319
348104,Israel Bank #871
348105,Israel Bank #869
348107,Israel Bank #1310
348108,Israel Bank #1307
348115,National Bank of Hartford
348117,Italy Bank #4303
348119,Slovenia Bank #2610
348121,Golden Bank
348124,Spain Bank #2822
348128,Italy Bank #3710
348129,Spain Bank #2612
348131,Portugal Bank #5667
348133,Spain Bank #4636
348134,France Bank #4085
348135,Germany Bank #2994
348142,China Bank #1096
348143,Belgium Bank #2916
348144,Greece Bank #3756
348145,Spain Bank #5016
348146,Spain Bank #6130
348148,National Bank of Houston
348151,Netherlands Bank #4637
348153,Italy Bank #3551
348154,Italy Bank #3085
348155,Belgium Bank #3156
348157,Spain Bank #3468
348158,France Bank #3427
348160,Germany Bank #3685
348161,Spain Bank #5759
348163,Israel Bank #1202
348166,Israel Bank #1298
348168,Israel Bank #698
348170,Savings Bank of Milford
348172,Portugal Bank #5852
348173,France Bank #3130
348175,Austria Bank #6328
348177,Italy Bank #3759
348184,Israel Bank #848
348185,Israel Bank #1288
348187,First Bank of Denver
348188,First Bank of Harrisburg
348189,Savings Bank of Omaha
348194,National Bank of Houston
348196,Bank of New Orleans
348197,First Bank of New Orleans
348198,Belgium Bank #6258
348199,France Bank #6408
348201,Savings Bank of the West
348202,First Bank of Newport
348203,Oak Trust Bank
348206,National Bank of Topeka
348209,Israel Bank #726
348210,Israel Bank #1282
348219,First Bank of Denver
348221,National Bank of Denver
348222,Saudi Arabia Bank #50
348223,Saudi Arabia Bank #81
348225,Bank of New Orleans
348226,Savings Bank of Omaha
348228,Spruce Thrift
348229,First Bank of Phoenix
348231,First Bank of Bridgeport
348234,Savings Bank of Pittsburgh
348238,First Bank of Detroit
348240,First Bank of Denver
348241,First Bank of Billings
348242,Baltech Federal Bank
348244,Acme Community Bank
348245,National Bank of Harrisburg
348246,Savings Bank of Indianapolis
348248,First Bank of Portsmouth
348250,National Bank of the South
348251,First Bank of New Orleans
348252,National Bank of Chicago
348253,National Bank of Newbury
348256,Savings Bank of Danbury
348257,Bank of Dallas
348258,Spruce Credit Union
348260,First Bank of Miami
348262,Plandor Thrift
348263,Baltech Bank
348264,First Bank of Watertown
348265,Savings Bank of Albany
348270,Savings Bank of Cleveland
348272,Savings Bank of Arkadelphia
348274,First Bank of Plattsburg
348275,Savings Bank of Detroit
348276,Flagstone Credit Union
348277,First Bank of Hartford
348278,Saudi Arabia Bank #73
348279,Saudi Arabia Bank #46
348281,Saudi Arabia Bank #66
348282,Saudi Arabia Bank #429
348283,Saudi Arabia Bank #408
348284,Saudi Arabia Bank #380
348286,Saudi Arabia Bank #433
348287,Saudi Arabia Bank #386
348288,Saudi Arabia Bank #391
348290,Saudi Arabia Bank #101
348293,Savings Bank of Arkadelphia
348295,Willows Trust Bank
348297,Bank of Philadelphia
348298,Desert Thrift
348300,Bank of Lincoln
348305,Saudi Arabia Bank #77
348310,Saudi Arabia Bank #63
348311,Saudi Arabia Bank #52
348317,Saudi Arabia Bank #67
348320,Saudi Arabia Bank #47
348324,Netherlands Bank #3860
348327,Spain Bank #4638
348328,France Bank #5926
348329,Spain Bank #3379
348331,Belgium Bank #5848
348333,Slovakia Bank #3726
348334,Plateau Federal Bank
348335,National Bank of Helena
348336,National Bank of Chicago
348337,Germany Bank #2615
348340,Belgium Bank #2616
348343,Bank of Laramie
348345,Finland Bank #2620
348346,Bank of Watertown
348350,Ireland Bank #3362
348351,Bank of New York
348352,First Bank of Lincoln
348353,France Bank #2621
348354,France Bank #2658
348356,Italy Bank #5390
348357,France Bank #5018
348358,Portugal Bank #5907
348359,France Bank #5654
348363,Italy Bank #6165
348373,Spain Bank #5307
348382,Savings Bank of Hartford
348384,National Bank of the Valley
348386,Savings Bank of Phoenix
348389,Golden Savings Bank
348390,Belgium Bank #3072
348391,Germany Bank #4777
348392,Luxembourg Bank #3658
348394,Austria Bank #6075
348395,France Bank #6381
348399,France Bank #2624
348400,Spain Bank #3131
348401,Croatia Bank #2904
348403,France Bank #6259
348408,Italy Bank #3316
348409,Savings Bank of Miami
348413,Italy Bank #5892
348416,Netherlands Bank #2626
348422,National Bank of Montpelier
348425,Saudi Arabia Bank #49
348426,Saudi Arabia Bank #48
348430,China Bank #1019
348435,China Bank #1113
348436,China Bank #905
348437,China Bank #809
348439,China Bank #1064
348442,China Bank #713
348444,China Bank #956
348446,China Bank #641
348447,China Bank #640
348448,China Bank #1149
348450,China Bank #980
348451,China Bank #1150
348456,National Bank of Columbus
348458,Saudi Arabia Bank #57
348461,Saudi Arabia Bank #378
348464,Saudi Arabia Bank #454
348465,Saudi Arabia Bank #60
348466,National Bank of Arkadelphia
348468,First Bank of Fort Wayne
348470,Saudi Arabia Bank #51
348472,Saudi Arabia Bank #53
348473,Saudi Arabia Bank #54
348477,Saudi Arabia Bank #55
348478,Saudi Arabia Bank #377
348480,Saudi Arabia Bank #417
348481,Saudi Arabia Bank #74
348482,Saudi Arabia Bank #56
348483,Saudi Arabia Bank #465
348484,Saudi Arabia Bank #404
348487,Saudi Arabia Bank #137
348491,Saudi Arabia Bank #70
348492,Saudi Arabia Bank #58
348494,Saudi Arabia Bank #381
348498,Saudi Arabia Bank #407
348501,Saudi Arabia Bank #59
348502,Saudi Arabia Bank #443
348503,First Bank of Miami
348507,Saudi Arabia Bank #469
348508,Saudi Arabia Bank #400
348509,Saudi Arabia Bank #174
348512,Saudi Arabia Bank #510
348513,Saudi Arabia Bank #0
348514,Saudi Arabia Bank #61
348517,Saudi Arabia Bank #131
348518,Saudi Arabia Bank #62
348519,Saudi Arabia Bank #69
348522,Saudi Arabia Bank #64
348523,National Bank of Fort Wayne
348526,China Bank #1062
348527,Saudi Arabia Bank #209
348530,Saudi Arabia Bank #72
348531,Saudi Arabia Bank #65
348534,Saudi Arabia Bank #41
348539,Saudi Arabia Bank #83
348541,Saudi Arabia Bank #383
348543,Saudi Arabia Bank #487
348546,Saudi Arabia Bank #153
348547,Saudi Arabia Bank #106
348549,Saudi Arabia Bank #434
348551,Netherlands Bank #2628
348552,Desert Bancorp
348553,First Bank of Butte
348554,Fieldstone Federal Bank
348556,First Bank of the North
348557,Saudi Arabia Bank #297
348562,Saudi Arabia Bank #71
348563,Saudi Arabia Bank #75
348567,Saudi Arabia Bank #207
348571,Saudi Arabia Bank #107
348573,National Bank of Sacramento
348575,Saudi Arabia Bank #78
348578,Savings Bank of Augusta
348579,Italy Bank #6066
348582,Italy Bank #3102
348584,Italy Bank #2629
348588,Saudi Arabia Bank #451
348591,Saudi Arabia Bank #395
348598,Oak Bank
348601,City National Savings Bank
348605,Saudi Arabia Bank #79
348606,Saudi Arabia Bank #310
348608,Saudi Arabia Bank #444
348609,Saudi Arabia Bank #436
348610,Saudi Arabia Bank #486
348611,Saudi Arabia Bank #80
348613,Saudi Arabia Bank #232
348618,Saudi Arabia Bank #88
348619,Saudi Arabia Bank #205
348620,National Bank of Madison
348621,Saudi Arabia Bank #3
348622,Saudi Arabia Bank #82
348624,Saudi Arabia Bank #382
348625,Saudi Arabia Bank #340
348627,Saudi Arabia Bank #308
348632,Saudi Arabia Bank #103
348633,Saudi Arabia Bank #99
348635,Saudi Arabia Bank #119
348636,Saudi Arabia Bank #89
348637,Saudi Arabia Bank #87
348639,Saudi Arabia Bank #420
348640,Saudi Arabia Bank #143
348642,Saudi Arabia Bank #116
348644,Saudi Arabia Bank #115
348647,National Bank of New York
348650,Bank of Augusta
348652,Flagstone Credit Union
348654,Germany Bank #5777
348658,Savings Bank of Billings
348660,Savings Bank of Helena
348664,Capital Savings Bank
348665,First Bank of Detroit
348666,Plateau Cooperative Bank
348667,Savings Bank of Bridgeport
348668,Savings Bank of Hartford
348671,National Bank of Huron
348676,Flagstone Thrift
348679,Bank of Laramie
348680,First Bank of Harrisburg
348683,The Pine Bank
348686,Savings Bank of Phoenix
348687,Sunrise Bancorp
348688,Bank of Los Angeles
348689,Germany Bank #3469
348690,Belgium Bank #4783
348693,Spain Bank #5901
348694,Plandor Community Bank
348697,Germany Bank #5458
348700,Oak Thrift
348701,Fieldstone Community Bank
348702,Spruce Bank
348704,National Bank of Newbury
348709,Baltech Trust Bank
348710,Capital Trust Bank
348713,Bank of Columbus
348714,National Bank of Miami
348715,Bank of Lincoln
348717,First Bank of Butte
348719,Spruce Credit Union
348720,Capital Community Bank
348723,First Bank of Augusta
348724,First Bank of Seattle
348726,Bank of Hartford
348730,Savings Bank of Newbury
348732,Greece Bank #2633
348741,Italy Bank #6206
348742,Spain Bank #5949
348744,Spain Bank #5326
348746,Germany Bank #3188
348747,Germany Bank #4309
348748,Germany Bank #4109
348749,Germany Bank #5311
348751,Austria Bank #6205
348752,Germany Bank #2783
348753,France Bank #2634
348757,Ireland Bank #3848
348758,Oasis Savings Bank
348759,Dawn Bank
348760,First Bank of Cleveland
348761,Savings Bank of the North
348762,Regents Trust Bank
348765,France Bank #5963
348766,Italy Bank #5656
348767,France Bank #3185
348772,Finland Bank #6332
348773,Belgium Bank #5595
348775,Italy Bank #2638
348776,France Bank #2866
348780,Italy Bank #3073
348781,Ireland Bank #5713
348782,Spain Bank #6350
348784,Italy Bank #2642
348787,Bank of Seattle
348790,Saudi Arabia Bank #285
348791,Saudi Arabia Bank #144
348792,Saudi Arabia Bank #421
348794,Saudi Arabia Bank #84
348795,Saudi Arabia Bank #85
348796,Saudi Arabia Bank #118
348797,Saudi Arabia Bank #489
348799,Saudi Arabia Bank #184
348800,Saudi Arabia Bank #445
348801,Saudi Arabia Bank #211
348802,Saudi Arabia Bank #86
348804,Saudi Arabia Bank #374
348805,Saudi Arabia Bank #416
348806,First Bank of Lacrosse
348808,National Bank of Augusta
348809,Saudi Arabia Bank #357
348810,Saudi Arabia Bank #411
348811,Saudi Arabia Bank #331
348813,Saudi Arabia Bank #151
348815,Saudi Arabia Bank #477
348816,Savings Bank of Sacramento
348818,Saudi Arabia Bank #93
348819,Saudi Arabia Bank #549
348822,Saudi Arabia Bank #114
348823,Saudi Arabia Bank #90
348824,Saudi Arabia Bank #409
348825,Saudi Arabia Bank #423
348826,Saudi Arabia Bank #91
348827,Saudi Arabia Bank #98
348828,Saudi Arabia Bank #92
348832,Savings Bank of Billings
348833,National Bank of Laramie
348835,Bank of Topeka
348838,Bank of Portsmouth
348839,Saudi Arabia Bank #479
348842,Saudi Arabia Bank #42
348843,Saudi Arabia Bank #127
348844,Saudi Arabia Bank #330
348845,Saudi Arabia Bank #97
348846,Saudi Arabia Bank #265
348847,Saudi Arabia Bank #94
348851,Saudi Arabia Bank #369
348852,Saudi Arabia Bank #361
348854,Saudi Arabia Bank #95
348856,Saudi Arabia Bank #96
348859,Saudi Arabia Bank #129
348861,China Bank #818
348864,Saudi Arabia Bank #520
348865,Saudi Arabia Bank #466
348866,Saudi Arabia Bank #384
348869,Saudi Arabia Bank #100
348871,Saudi Arabia Bank #422
348872,Saudi Arabia Bank #139
348874,Saudi Arabia Bank #120
348875,Saudi Arabia Bank #166
348877,Saudi Arabia Bank #102
348881,Saudi Arabia Bank #435
348883,Saudi Arabia Bank #492
348885,Saudi Arabia Bank #104
348886,Saudi Arabia Bank #105
348888,Saudi Arabia Bank #316
348890,Saudi Arabia Bank #124
348894,Saudi Arabia Bank #488
348896,Sea Savings Bank
348897,Bank of the Valley
348898,Sea Cooperative Bank
348899,Saudi Arabia Bank #508
348900,Saudi Arabia Bank #158
348902,Saudi Arabia Bank #493
348903,Flagstone Thrift
348905,City National Cooperative Bank
348907,Golden Federal Bank
348908,Golden Credit Union
348911,Saudi Arabia Bank #108
348914,Saudi Arabia Bank #397
348916,Saudi Arabia Bank #130
348917,Saudi Arabia Bank #109
348918,Saudi Arabia Bank #110
348919,Saudi Arabia Bank #140
348920,Saudi Arabia Bank #314
348921,Saudi Arabia Bank #122
348922,Saudi Arabia Bank #388
348924,Saudi Arabia Bank #160
348928,Saudi Arabia Bank #379
348929,Savings Bank of the Valley
348930,National Bank of Danbury
348931,France Bank #3293
348934,Regents Trust Bank
348938,First Bank of Detroit
348940,Regents Federal Bank
348945,Savings Bank of Hartford
348946,First Bank of Billings
348948,Savings Bank of Newport
348950,Saudi Arabia Bank #497
348951,Saudi Arabia Bank #113
348952,Saudi Arabia Bank #112
348953,Saudi Arabia Bank #460
348954,Saudi Arabia Bank #478
348955,First Bank of Augusta
348960,Saudi Arabia Bank #111
348962,Germany Bank #2682
348965,Saudi Arabia Bank #446
348967,Saudi Arabia Bank #162
348968,Saudi Arabia Bank #238
348970,First Bank of Hartford
348971,Saudi Arabia Bank #319
348973,Saudi Arabia Bank #117
348974,Saudi Arabia Bank #406
348975,China Bank #675
348976,The Pine Thrift
348977,National Bank of Phoenix
348978,Brownstone Federal Bank
348979,Willows Federal Bank
348980,First Bank of Portland
348981,China Bank #642
348982,China Bank #761
348984,Saudi Arabia Bank #126
348985,Saudi Arabia Bank #128
348987,Saudi Arabia Bank #189
348988,Saudi Arabia Bank #255
348992,Saudi Arabia Bank #181
348994,Saudi Arabia Bank #396
348997,Saudi Arabia Bank #410
349000,Saudi Arabia Bank #123
349001,Saudi Arabia Bank #31
349003,Saudi Arabia Bank #121
349006,Saudi Arabia Bank #177
349016,Arbor Thrift
349022,Savings Bank of Hartford
349023,Bank of Phoenix
349026,National Bank of the East
349027,Bank of Harrisburg
349032,Saudi Arabia Bank #352
349036,Saudi Arabia Bank #125
349037,Saudi Arabia Bank #389
349038,Saudi Arabia Bank #496
349039,Saudi Arabia Bank #511
349044,Saudi Arabia Bank #437
349045,Saudi Arabia Bank #173
349048,Saudi Arabia Bank #512
349050,Saudi Arabia Bank #315
349051,Saudi Arabia Bank #134
349055,Saudi Arabia Bank #474
349056,Saudi Arabia Bank #294
349057,Saudi Arabia Bank #456
349058,Saudi Arabia Bank #156
349059,Saudi Arabia Bank #448
349060,Saudi Arabia Bank #468
349061,Saudi Arabia Bank #138
349062,Saudi Arabia Bank #132
349063,Saudi Arabia Bank #157
349064,Savings Bank of Omaha
349066,Saudi Arabia Bank #133
349067,Saudi Arabia Bank #367
349069,Saudi Arabia Bank #135
349070,Saudi Arabia Bank #347
349071,Saudi Arabia Bank #172
349075,Saudi Arabia Bank #419
349076,Saudi Arabia Bank #136
349080,Saudi Arabia Bank #351
349081,Saudi Arabia Bank #149
349082,Saudi Arabia Bank #159
349085,Saudi Arabia Bank #394
349089,Saudi Arabia Bank #186
349091,Saudi Arabia Bank #155
349097,Saudi Arabia Bank #141
349100,Saudi Arabia Bank #194
349101,Saudi Arabia Bank #145
349102,Saudi Arabia Bank #146
349104,Saudi Arabia Bank #199
349105,Saudi Arabia Bank #530
349107,Saudi Arabia Bank #457
349108,National Bank of Madison
349109,Saudi Arabia Bank #142
349115,Heath Community Bank
349118,Italy Bank #2647
349119,Greece Bank #2648
349123,France Bank #4640
349124,Saudi Arabia Bank #413
349125,Saudi Arabia Bank #147
349126,Saudi Arabia Bank #148
349128,Saudi Arabia Bank #150
349129,Saudi Arabia Bank #502
349133,Saudi Arabia Bank #154
349135,Saudi Arabia Bank #515
349136,Saudi Arabia Bank #152
349139,Saudi Arabia Bank #242
349142,Germany Bank #3727
349143,Spain Bank #6225
349146,Germany Bank #2983
349149,Germany Bank #5808
349151,Italy Bank #5809
349152,First Bank of Harrisburg
349153,Germany Bank #2879
349156,Savings Bank of New York
349157,National Bank of Laramie
349159,Saudi Arabia Bank #343
349161,Saudi Arabia Bank #362
349163,Saudi Arabia Bank #167
349166,Saudi Arabia Bank #471
349168,Saudi Arabia Bank #299
349173,Saudi Arabia Bank #326
349174,Saudi Arabia Bank #193
349177,Saudi Arabia Bank #426
349178,Saudi Arabia Bank #215
349185,France Bank #5891
349186,Sea Thrift
349188,The Pine Cooperative Bank
349190,Regents Federal Bank
349191,First Bank of Bridgeport
349194,Saudi Arabia Bank #514
349195,Saudi Arabia Bank #398
349199,Saudi Arabia Bank #505
349200,Saudi Arabia Bank #459
349204,Saudi Arabia Bank #178
349205,Saudi Arabia Bank #170
349206,Saudi Arabia Bank #179
349208,Saudi Arabia Bank #196
349210,Saudi Arabia Bank #188
349213,Saudi Arabia Bank #418
349214,Saudi Arabia Bank #254
349217,Saudi Arabia Bank #163
349218,Saudi Arabia Bank #360
349220,Spruce Bancorp
349222,Saudi Arabia Bank #244
349224,Saudi Arabia Bank #544
349227,Saudi Arabia Bank #531
349229,Saudi Arabia Bank #237
349230,Saudi Arabia Bank #165
349232,Saudi Arabia Bank #164
349233,Saudi Arabia Bank #161
349234,Saudi Arabia Bank #438
349239,Saudi Arabia Bank #490
349240,Saudi Arabia Bank #290
349241,Saudi Arabia Bank #455
349243,Saudi Arabia Bank #521
349244,Saudi Arabia Bank #342
349245,Saudi Arabia Bank #461
349247,Saudi Arabia Bank #504
349250,Saudi Arabia Bank #554
349251,Saudi Arabia Bank #262
349254,France Bank #6036
349256,Saudi Arabia Bank #318
349259,Saudi Arabia Bank #334
349261,Saudi Arabia Bank #447
349265,National Bank of Lincoln
349267,Saudi Arabia Bank #321
349268,Saudi Arabia Bank #353
349273,UK Bank #457
349278,UK Bank #1030
349284,UK Bank #1067
349285,UK Bank #454
349286,UK Bank #573
349290,UK Bank #1092
349298,Savings Bank of Fairfield
349301,UK Bank #489
349304,UK Bank #456
349305,UK Bank #1131
349311,UK Bank #746
349312,UK Bank #1128
349314,UK Bank #487
349315,UK Bank #875
349321,Canada Bank #553
349322,UK Bank #574
349323,UK Bank #1119
349326,UK Bank #665
349328,UK Bank #1110
349329,Bank of Hartford
349330,Plandor Federal Bank
349331,Savings Bank of Boston
349333,UK Bank #1088
349337,Saudi Arabia Bank #320
349338,Saudi Arabia Bank #503
349339,Saudi Arabia Bank #536
349340,Saudi Arabia Bank #439
349342,Saudi Arabia Bank #473
349343,Saudi Arabia Bank #168
349345,Saudi Arabia Bank #405
349347,National Bank of Tampa
349349,France Bank #3074
349350,France Bank #3333
349351,Belgium Bank #2651
349352,Germany Bank #2750
349353,Italy Bank #3428
349356,Germany Bank #3105
349357,Italy Bank #6147
349360,France Bank #3849
349361,Portugal Bank #2752
349363,Netherlands Bank #6121
349368,China Bank #688
349370,Italy Bank #2660
349372,Italy Bank #5716
349373,Germany Bank #5137
349376,Spain Bank #5927
349377,Germany Bank #2661
349378,Italy Bank #3334
349379,Slovakia Bank #2657
349382,Malta Bank #6178
349383,Portugal Bank #2930
349384,Italy Bank #5983
349385,Spain Bank #4911
349386,Italy Bank #6319
349393,Germany Bank #2662
349394,Germany Bank #3523
349397,France Bank #3429
349398,Spain Bank #3832
349400,Germany Bank #2882
349402,Netherlands Bank #2837
349403,Italy Bank #6207
349404,Italy Bank #3011
349406,France Bank #6329
349407,Germany Bank #3757
349410,Savings Bank of Columbus
349412,Savings Bank of the West
349413,First Bank of Sacramento
349414,Arbor Credit Union
349416,Italy Bank #2667
349418,Germany Bank #2668
349421,City National Credit Union
349426,Oasis Trust Bank
349427,Bank of Lacrosse
349431,Bank of the North
349436,National Bank of the East
349438,National Bank of Augusta
349439,Arbor Federal Bank
349442,Bank of Harrisburg
349449,Golden Bancorp
349450,National Bank of Augusta
349451,First Bank of the East
349452,Sunrise Bancorp
349455,Savings Bank of Plattsburg
349459,Hilltop Credit Union
349460,Bank of Detroit
349466,Saudi Arabia Bank #169
349470,France Bank #2678
349471,Italy Bank #2690
349472,Austria Bank #4485
349475,France Bank #2669
349476,The Pine Federal Bank
349478,Austria Bank #2670
349481,Saudi Arabia Bank #305
349485,Saudi Arabia Bank #171
349487,National Bank of the North
349493,France Bank #5929
349494,Italy Bank #2671
349496,France Bank #6243
349497,Germany Bank #2672
349498,Germany Bank #5930
349503,Fieldstone Bank
349509,Bank of Portland
349510,Regents Bancorp
349512,First Bank of Denver
349513,Bank of Arkadelphia
349514,Mountain Community Bank
349515,Bank of Butte
349516,Acme Cooperative Bank
349517,Savings Bank of Newbury
349518,National Bank of Cleveland
349519,Willows Community Bank
349521,First Bank of the East
349522,Savings Bank of Lacrosse
349523,Germany Bank #5851
349524,Germany Bank #5761
349526,Germany Bank #6184
349527,Italy Bank #2673
349531,Germany Bank #3564
349533,Sunrise Bank
349534,National Bank of the North
349536,Bank of Milford
349539,Germany Bank #2677
349540,National Bank of Dallas
349541,Savings Bank of Topeka
349544,Savings Bank of Fort Wayne
349545,National Bank of Omaha
349548,Saudi Arabia Bank #304
349549,Saudi Arabia Bank #325
349550,Saudi Arabia Bank #266
349551,Saudi Arabia Bank #558
349552,Saudi Arabia Bank #522
349557,Saudi Arabia Bank #385
349561,Saudi Arabia Bank #412
349562,Saudi Arabia Bank #226
349566,India Bank #930
349567,India Bank #771
349568,India Bank #1247
349571,India Bank #1127
349577,India Bank #1267
349578,India Bank #1020
349579,Bank of New Orleans
349581,Germany Bank #3741
349589,India Bank #1153
349590,India Bank #1240
349591,India Bank #806
349592,India Bank #1195
349594,India Bank #939
349595,India Bank #1241
349596,India Bank #1179
349597,India Bank #1234
349599,India Bank #1256
349600,India Bank #1214
349601,India Bank #947
349604,India Bank #872
349605,India Bank #1246
349606,India Bank #747
349610,India Bank #1200
349611,India Bank #750
349612,India Bank #751
349613,India Bank #1245
349614,India Bank #1222
349616,India Bank #1235
349624,India Bank #792
349625,India Bank #1106
349628,India Bank #753
349629,India Bank #949
349633,India Bank #936
349634,India Bank #766
349636,India Bank #900
349637,India Bank #767
349638,India Bank #759
349639,India Bank #768
349643,India Bank #761
349644,India Bank #838
349648,India Bank #762
349650,India Bank #1261
349651,India Bank #940
349652,India Bank #895
349654,India Bank #842
349655,India Bank #1180
349663,Saudi Arabia Bank #1
349664,Savings Bank of Newbury
349666,Saudi Arabia Bank #336
349667,Saudi Arabia Bank #427
349669,Saudi Arabia Bank #356
349671,Saudi Arabia Bank #309
349672,Saudi Arabia Bank #470
349673,Saudi Arabia Bank #300
349674,Saudi Arabia Bank #176
349675,Saudi Arabia Bank #283
349680,Saudi Arabia Bank #344
349682,Spain Bank #3075
349684,Saudi Arabia Bank #424
349685,Saudi Arabia Bank #532
349686,Saudi Arabia Bank #175
349692,First Bank of Chicago
349693,Arbor Bancorp
349696,Plateau Federal Bank
349697,Hilltop Federal Bank
349698,National Bank of Hartford
349701,Bank of Huron
349702,First Bank of Madison
349703,Savings Bank of Newport
349705,Savings Bank of Albany
349707,France Bank #3432
349708,France Bank #3470
349709,France Bank #4928
349710,National Bank of Arkadelphia
349715,First Bank of Detroit
349716,Savings Bank of New York
349717,Bank of Bridgeport
349718,Greece Bank #3359
349722,Italy Bank #3534
349723,Italy Bank #3565
349725,Desert Community Bank
349727,First Bank of Harrisburg
349739,Bank of Butte
349740,Golden Bank
349741,National Bank of Detroit
349743,First Bank of Houston
349745,Acme Cooperative Bank
349746,National Bank of Lincoln
349747,Bank of the West
349753,Saudi Arabia Bank #180
349754,Saudi Arabia Bank #414
349757,Saudi Arabia Bank #425
349758,Saudi Arabia Bank #458
349759,Saudi Arabia Bank #335
349761,Saudi Arabia Bank #23
349762,Saudi Arabia Bank #541
349763,Saudi Arabia Bank #399
349764,Saudi Arabia Bank #516
349765,Saudi Arabia Bank #402
349767,Saudi Arabia Bank #526
349768,Saudi Arabia Bank #191
349769,Saudi Arabia Bank #182
349770,Saudi Arabia Bank #183
349771,Saudi Arabia Bank #306
349772,Saudi Arabia Bank #313
349774,Saudi Arabia Bank #302
349776,Saudi Arabia Bank #222
349777,Saudi Arabia Bank #187
349780,Saudi Arabia Bank #195
349782,Saudi Arabia Bank #270
349784,Saudi Arabia Bank #198
349789,Saudi Arabia Bank #185
349794,Saudi Arabia Bank #338
349795,Saudi Arabia Bank #192
349796,Saudi Arabia Bank #480
349798,Saudi Arabia Bank #509
349805,Saudi Arabia Bank #537
349808,UK Bank #876
349809,UK Bank #461
349810,Saudi Arabia Bank #513
349811,Saudi Arabia Bank #202
349817,Saudi Arabia Bank #428
349821,Saudi Arabia Bank #200
349822,Saudi Arabia Bank #246
349825,Saudi Arabia Bank #197
349826,Saudi Arabia Bank #201
349829,Saudi Arabia Bank #248
349830,Saudi Arabia Bank #349
349831,Saudi Arabia Bank #475
349832,Saudi Arabia Bank #332
349834,Saudi Arabia Bank #227
349836,Saudi Arabia Bank #365
349838,Saudi Arabia Bank #449
349839,Saudi Arabia Bank #387
349840,Saudi Arabia Bank #366
349846,Saudi Arabia Bank #484
349849,Bank of New York
349850,First Bank of Seattle
349851,Saudi Arabia Bank #245
349852,Saudi Arabia Bank #203
349853,Saudi Arabia Bank #204
349854,Saudi Arabia Bank #346
349855,Saudi Arabia Bank #563
349856,Saudi Arabia Bank #371
349858,Saudi Arabia Bank #518
349859,Saudi Arabia Bank #220
349860,Saudi Arabia Bank #210
349862,Saudi Arabia Bank #401
349864,Saudi Arabia Bank #206
349867,Fieldstone Trust Bank
349869,Saudi Arabia Bank #216
349870,Saudi Arabia Bank #498
349872,Saudi Arabia Bank #212
349873,Saudi Arabia Bank #545
349874,Saudi Arabia Bank #337
349877,Saudi Arabia Bank #208
349879,Saudi Arabia Bank #476
349881,Saudi Arabia Bank #213
349884,Saudi Arabia Bank #214
349885,Saudi Arabia Bank #517
349886,Saudi Arabia Bank #252
349887,Saudi Arabia Bank #546
349893,France Bank #6374
349896,Savings Bank of Portland
349898,France Bank #6208
349901,Bank of Newbury
349906,Heath Thrift
349908,Bank of Indianapolis
349909,National Bank of Miami
349910,National Bank of Sacramento
349911,First Bank of Fairfield
349913,Sunrise Savings Bank
349915,Arbor Cooperative Bank
349916,First Bank of Miami
349919,Sappo Community Bank
349921,Bank of Fairfield
349923,Acme Cooperative Bank
349925,First Bank of Danbury
349926,First Bank of Cleveland
349930,National Bank of Newbury
349933,Saudi Arabia Bank #542
349935,First Bank of the South
349936,Portugal Bank #4920
349943,Spain Bank #2684
349946,Austria Bank #4313
349950,First Bank of Fort Wayne
349954,Italy Bank #3553
349956,Portugal Bank #5821
349958,Italy Bank #2713
349962,France Bank #4913
349964,Germany Bank #2687
349965,Germany Bank #2931
349968,Germany Bank #5810
349969,Spain Bank #3861
349972,Spain Bank #5894
349975,Germany Bank #5316
349977,France Bank #2760
349978,Greece Bank #2761
349979,Austria Bank #2691
349982,Slovakia Bank #2692
349984,Savings Bank of Danbury
349985,First Bank of Springfield
349989,Germany Bank #6037
349993,Germany Bank #2695
349994,Germany Bank #3139
349997,Belgium Bank #3815
349998,Germany Bank #6409
350001,Spain Bank #5389
350002,Spain Bank #5763
350004,National Bank of Dallas
350007,Belgium Bank #6280
350010,First Bank of Seattle
350011,Savings Bank of Phoenix
350013,National Bank of Cleveland
350015,Italy Bank #6351
350016,Italy Bank #4088
350021,Germany Bank #6226
350023,Spain Bank #2697
350025,Spain Bank #3642
350027,France Bank #5313
350028,Netherlands Bank #2728
350030,Austria Bank #6043
350034,Germany Bank #3693
350035,Greece Bank #3690
350037,Germany Bank #3394
350040,Savings Bank of Newbury
350045,Spain Bank #2972
350046,Austria Bank #5962
350048,Spain Bank #6126
350049,Spain Bank #6305
350052,Spain Bank #6245
350056,Italy Bank #2798
350057,Greece Bank #6246
350059,Spain Bank #5854
350060,Germany Bank #2947
350061,Spain Bank #2701
350064,Spain Bank #2703
350067,Portugal Bank #2706
350068,France Bank #2702
350069,Portugal Bank #4915
350076,Germany Bank #2710
350079,Germany Bank #2712
350083,Lithuania Bank #4646
350088,Spain Bank #6397
350089,Spain Bank #4916
350092,France Bank #6281
350093,Austria Bank #4331
350095,Italy Bank #4647
350098,Austria Bank #2714
350103,Finland Bank #3782
350104,Germany Bank #5717
350106,France Bank #4780
350107,Italy Bank #5601
350109,Savings Bank of Pittsburgh
350112,Spain Bank #3395
350116,France Bank #5024
350121,Spain Bank #3471
350122,Italy Bank #6282
350123,France Bank #4664
350124,Ireland Bank #6330
350126,France Bank #3472
350128,France Bank #6410
350129,Finland Bank #6123
350134,Portugal Bank #2718
350136,Germany Bank #5533
350137,Spain Bank #6294
350138,Portugal Bank #5534
350140,Germany Bank #3728
350142,Italy Bank #3396
350143,China Bank #646
350150,Italy Bank #2722
350151,France Bank #5552
350152,Spain Bank #3417
350153,France Bank #4488
350156,Italy Bank #4782
350159,Finland Bank #5535
350163,National Bank of Albany
350164,National Bank of Indianapolis
350167,Mountain Trust Bank
350168,Bank of Huron
350169,Hearthstone Community Bank
350170,Savings Bank of Tuscon
350174,Golden Trust Bank
350175,Brook Bank
350176,Savings Bank of Harrisburg
350177,Savings Bank of Lacrosse
350178,Baltech Cooperative Bank
350181,Savings Bank of Phoenix
350187,Spain Bank #6260
350190,Greece Bank #5461
350193,Spain Bank #3834
350194,Germany Bank #5955
350196,Germany Bank #2795
350197,Italy Bank #3157
350198,France Bank #3361
350200,Spain Bank #2733
350204,Germany Bank #3032
350206,Germany Bank #4918
350207,Belgium Bank #5596
350208,Spain Bank #5855
350209,Germany Bank #5040
350212,Germany Bank #2727
350213,France Bank #3235
350214,France Bank #3236
350215,France Bank #3430
350217,France Bank #6244
350219,Italy Bank #3360
350220,Germany Bank #3535
350222,Slovakia Bank #3625
350233,Netherlands Bank #3412
350235,France Bank #3237
350236,Italy Bank #6352
350239,First Bank of Plattsburg
350240,Heath Community Bank
350241,Bank of Portland
350242,Bank of Chicago
350244,National Bank of Billings
350246,First Bank of the South
350249,Sunrise Bank
350253,Bank of New York
350254,Bank of New York
350255,National Bank of the South
350256,Savings Bank of Helena
350257,National Bank of Omaha
350259,Bank of Laramie
350260,Sea Bank
350261,Fieldstone Savings Bank
350266,Savings Bank of Helena
350267,Savings Bank of Tampa
350268,Savings Bank of the Valley
350269,National Bank of Chicago
350273,Savings Bank of Detroit
350275,Flagstone Savings Bank
350276,First Bank of Butte
350277,Dawn Community Bank
350278,Heath Bank
350280,Savings Bank of Newbury
350282,Bank of Laramie
350283,Hearthstone Trust Bank
350285,Heath Thrift
350287,Savings Bank of Butte
350288,First Bank of Miami
350289,The Pine Bancorp
350290,Arbor Federal Bank
350291,Bank of Lincoln
350293,First Bank of Fairfield
350297,First Bank of Portsmouth
350299,First Bank of Portsmouth
350300,National Bank of Indianapolis
350301,Bank of New York
350303,Mountain Credit Union
350304,Brook Trust Bank
350305,Regents Trust Bank
350307,Oak Savings Bank
350311,Germany Bank #4784
350312,Belgium Bank #6303
350316,Germany Bank #4648
350318,Greece Bank #6068
350323,Spain Bank #6365
350324,Bank of New Orleans
350328,The Pine Savings Bank
350329,Bank of Arkadelphia
350332,Savings Bank of Madison
350335,First Bank of Philadelphia
350337,Bank of Dallas
350338,Sea Bancorp
350342,Spruce Thrift
350344,Spain Bank #3608
350345,Belgium Bank #6342
350347,France Bank #6419
350348,France Bank #2753
350350,Germany Bank #5464
350351,Finland Bank #5722
350352,Spain Bank #6353
350353,Spain Bank #6304
350354,France Bank #2738
350355,Portugal Bank #3729
350357,France Bank #3132
350358,Bank of Houston
350360,First Bank of the Valley
350361,National Bank of Columbus
350362,Germany Bank #5536
350363,Italy Bank #4100
350365,First Bank of Watertown
350367,Savings Bank of Springfield
350368,National Bank of Lincoln
350369,Golden Trust Bank
350372,France Bank #2743
350373,Estonia Bank #6309
350374,Spain Bank #2744
350375,Italy Bank #3739
350376,France Bank #2745
350378,Germany Bank #3643
350380,France Bank #2747
350381,Luxembourg Bank #2748
350384,Spain Bank #3077
350385,Spain Bank #5537
350386,Bank of Fairfield
350387,National Bank of Fairfield
350390,First Bank of Topeka
350391,First Bank of Houston
350393,Spain Bank #6331
350394,Germany Bank #5718
350395,Germany Bank #3737
350396,Belgium Bank #4791
350398,Italy Bank #3850
350399,Germany Bank #2751
350400,France Bank #3816
350401,France Bank #2755
350402,Italy Bank #3851
350404,France Bank #3626
350405,Germany Bank #6039
350406,Germany Bank #6306
350410,Germany Bank #5853
350411,Spain Bank #4491
350414,National Bank of New Orleans
350416,Croatia Bank #6038
350417,Netherlands Bank #2953
350419,France Bank #6127
350422,Germany Bank #2759
350428,Greece Bank #3609
350430,Canada Bank #437
350431,Canada Bank #834
350432,Saudi Arabia Bank #224
350435,Saudi Arabia Bank #333
350436,Saudi Arabia Bank #450
350439,Saudi Arabia Bank #217
350441,Saudi Arabia Bank #464
350442,Saudi Arabia Bank #221
350443,Saudi Arabia Bank #311
350444,Saudi Arabia Bank #218
350445,Saudi Arabia Bank #219
350446,Saudi Arabia Bank #223
350448,Saudi Arabia Bank #441
350449,Saudi Arabia Bank #225
350450,Saudi Arabia Bank #494
350451,Saudi Arabia Bank #247
350452,Saudi Arabia Bank #442
350455,Saudi Arabia Bank #491
350457,Saudi Arabia Bank #295
350458,Saudi Arabia Bank #234
350460,Saudi Arabia Bank #291
350461,Saudi Arabia Bank #228
350462,Saudi Arabia Bank #523
350463,Saudi Arabia Bank #358
350464,Saudi Arabia Bank #552
350465,Saudi Arabia Bank #550
350466,Saudi Arabia Bank #229
350472,Saudi Arabia Bank #403
350478,Saudi Arabia Bank #527
350479,Saudi Arabia Bank #230
350481,Saudi Arabia Bank #307
350482,India Bank #807
350486,Saudi Arabia Bank #231
350489,Saudi Arabia Bank #525
350491,Saudi Arabia Bank #462
350493,Saudi Arabia Bank #233
350494,Saudi Arabia Bank #415
350495,Saudi Arabia Bank #312
350497,Saudi Arabia Bank #553
350500,City National Bancorp
350502,National Bank of Boston
350503,Savings Bank of Hartford
350509,Bank of Watertown
350511,City National Credit Union
350512,Germany Bank #2765
350513,Savings Bank of Newport
350518,Savings Bank of Pittsburgh
350522,Italy Bank #6152
350523,Germany Bank #2766
350527,Bank of Boston
350530,Savings Bank of Portsmouth
350531,Bank of Fort Wayne
350532,Saudi Arabia Bank #472
350533,Saudi Arabia Bank #538
350535,Saudi Arabia Bank #235
350537,Saudi Arabia Bank #236
350542,Saudi Arabia Bank #506
350543,Saudi Arabia Bank #540
350545,Saudi Arabia Bank #363
350546,Saudi Arabia Bank #561
350548,Brownstone Trust Bank
350556,Sunrise Trust Bank
350557,Sea Bank
350558,Savings Bank of Augusta
350562,Spruce Cooperative Bank
350569,Saudi Arabia Bank #481
350571,Saudi Arabia Bank #261
350572,Saudi Arabia Bank #239
350573,Saudi Arabia Bank #240
350576,Bank of Plattsburg
350577,Italy Bank #2940
350580,France Bank #2768
350583,Bank of Indianapolis
350585,First Bank of Columbus
350586,China Bank #1033
350590,China Bank #714
350593,China Bank #652
350596,Regents Federal Bank
350598,Savings Bank of Lacrosse
350600,China Bank #1054
350602,City National Community Bank
350604,First Bank of Seattle
350606,First Bank of Boston
350612,Germany Bank #6432
350613,France Bank #5951
350619,Italy Bank #2991
350620,Germany Bank #5721
350621,Netherlands Bank #5139
350622,Spain Bank #6261
350623,Spain Bank #6433
350625,Slovakia Bank #5023
350628,Ireland Bank #2773
350629,Cyprus Bank #3627
350631,Germany Bank #6069
350633,Spain Bank #5720
350635,Italy Bank #2776
350639,France Bank #2777
350640,Spain Bank #5816
350642,Germany Bank #2778
350643,National Bank of Providence
350646,Italy Bank #2780
350647,Germany Bank #2781
350651,Greece Bank #3264
350653,Slovenia Bank #3265
350654,Germany Bank #5465
350657,Belgium Bank #4655
350658,Spain Bank #6354
350659,Italy Bank #2788
350660,Germany Bank #6382
350661,Spain Bank #2785
350662,Spain Bank #2786
350664,Germany Bank #6283
350665,Italy Bank #6070
350670,Netherlands Bank #3431
350673,Germany Bank #2789
350680,France Bank #2968
350681,Belgium Bank #5236
350683,Saudi Arabia Bank #241
350685,Saudi Arabia Bank #339
350686,Saudi Arabia Bank #432
350693,Savings Bank of Los Angeles
350694,Savings Bank of Indianapolis
350695,First Bank of Billings
350698,National Bank of Indianapolis
350699,The Pine Thrift
350700,Savings Bank of Newbury
350701,First Bank of Miami
350702,Flagstone Trust Bank
350703,Finland Bank #5597
350705,Netherlands Bank #3385
350706,Spain Bank #5392
350709,France Bank #3383
350711,Germany Bank #6154
350712,Spain Bank #5317
350715,Germany Bank #6247
350717,Cyprus Bank #5318
350719,Germany Bank #5466
350721,Savings Bank of the South
350726,Hilltop Thrift
350727,First Bank of Danbury
350728,National Bank of Laramie
350733,First Bank of Houston
350738,First Bank of Houston
350739,Brownstone Federal Bank
350740,First Bank of Dallas
350741,Savings Bank of the East
350742,Flagstone Savings Bank
350744,France Bank #6040
350746,Portugal Bank #6099
350748,France Bank #6209
350749,Germany Bank #6017
350750,Capital Trust Bank
350752,Bank of Los Angeles
350755,First Bank of Springfield
350756,Fieldstone Bancorp
350759,Plateau Cooperative Bank
350760,First Bank of Portland
350761,Sappo Community Bank
350762,First Bank of Philadelphia
350763,Saudi Arabia Bank #543
350766,Saudi Arabia Bank #528
350772,Saudi Arabia Bank #452
350775,Saudi Arabia Bank #253
350776,Saudi Arabia Bank #390
350778,Saudi Arabia Bank #453
350779,Saudi Arabia Bank #243
350780,Saudi Arabia Bank #539
350784,Saudi Arabia Bank #257
350788,Baltech Savings Bank
350790,Brownstone Bancorp
350793,Germany Bank #6176
350794,Saudi Arabia Bank #551
350796,Savings Bank of Fairfield
350797,Saudi Arabia Bank #467
350803,Saudi Arabia Bank #533
350806,Saudi Arabia Bank #287
350808,First Bank of Montpelier
350809,Saudi Arabia Bank #249
350810,Saudi Arabia Bank #303
350812,Saudi Arabia Bank #393
350815,Saudi Arabia Bank #256
350817,Desert Savings Bank
350818,Saudi Arabia Bank #375
350821,First Bank of New York
350823,Saudi Arabia Bank #251
350825,Saudi Arabia Bank #273
350826,Saudi Arabia Bank #298
350828,Saudi Arabia Bank #258
350833,Saudi Arabia Bank #30
350834,Saudi Arabia Bank #373
350836,France Bank #2796
350837,Belgium Bank #2945
350842,Germany Bank #3794
350843,France Bank #2799
350844,Saudi Arabia Bank #317
350845,Saudi Arabia Bank #272
350846,Saudi Arabia Bank #556
350849,Saudi Arabia Bank #259
350851,Dawn Savings Bank
350852,Sea Cooperative Bank
350853,Bank of Columbus
350859,Oasis Cooperative Bank
350862,Flagstone Bancorp
350863,The Pine Thrift
350864,Germany Bank #2800
350866,Savings Bank of New York
350868,Plandor Federal Bank
350870,National Bank of Columbus
350873,Dawn Bank
350874,First Bank of Dallas
350875,Brook Federal Bank
350876,Savings Bank of New Orleans
350878,Sappo Federal Bank
350879,Arbor Cooperative Bank
350883,Mountain Thrift
350884,First Bank of Lincoln
350886,Bank of Indianapolis
350887,Spruce Thrift
350889,Savings Bank of Fort Wayne
350893,Saudi Arabia Bank #376
350894,Saudi Arabia Bank #327
350896,Saudi Arabia Bank #370
350898,Saudi Arabia Bank #293
350901,Saudi Arabia Bank #555
350903,Saudi Arabia Bank #323
350905,Saudi Arabia Bank #276
350906,Saudi Arabia Bank #260
350907,Saudi Arabia Bank #359
350909,Saudi Arabia Bank #355
350912,Saudi Arabia Bank #564
350915,Saudi Arabia Bank #263
350916,Saudi Arabia Bank #529
350917,Saudi Arabia Bank #264
350918,Saudi Arabia Bank #328
350919,Saudi Arabia Bank #301
350920,Saudi Arabia Bank #431
350921,Saudi Arabia Bank #440
350923,Saudi Arabia Bank #499
350929,Saudi Arabia Bank #430
350930,Saudi Arabia Bank #565
350931,Saudi Arabia Bank #267
350933,Bank of Fort Wayne
350934,Saudi Arabia Bank #350
350937,Saudi Arabia Bank #500
350943,Saudi Arabia Bank #268
350947,Saudi Arabia Bank #269
350948,Saudi Arabia Bank #274
350949,Saudi Arabia Bank #271
350951,Saudi Arabia Bank #547
350952,Saudi Arabia Bank #324
350954,Saudi Arabia Bank #567
350956,Saudi Arabia Bank #534
350959,First Bank of Billings
350960,Italy Bank #6434
350961,Netherlands Bank #5663
350963,National Bank of Omaha
350969,Spain Bank #2802
350971,Flagstone Community Bank
350974,France Bank #5410
350975,France Bank #2808
350976,Italy Bank #2809
350977,Italy Bank #2803
350978,France Bank #2804
350979,France Bank #2805
350981,Italy Bank #5031
350982,Germany Bank #3871
350983,Italy Bank #2807
350984,Plateau Federal Bank
350985,Spain Bank #2810
350986,Germany Bank #5952
350987,Germany Bank #3524
350988,Slovakia Bank #6420
350989,Germany Bank #3267
350990,Italy Bank #2821
350991,France Bank #3266
350992,Lithuania Bank #2811
350993,France Bank #5895
351003,France Bank #3567
351005,Netherlands Bank #3336
351006,Spain Bank #4923
351010,Spain Bank #3298
351011,Germany Bank #6041
351012,Italy Bank #2813
351014,Germany Bank #3686
351015,France Bank #3135
351016,Germany Bank #6128
351017,Lithuania Bank #5664
351018,Spain Bank #5766
351020,Spain Bank #5665
351021,Bank of Omaha
351022,Portugal Bank #3335
351024,Portugal Bank #2814
351033,Slovakia Bank #2819
351036,Germany Bank #4657
351037,Bank of Denver
351038,Germany Bank #2820
351039,Germany Bank #2815
351042,Germany Bank #5243
351044,Slovakia Bank #5767
351046,Germany Bank #5027
351048,Spain Bank #3078
351050,Portugal Bank #3687
351052,Spain Bank #3437
351053,France Bank #6042
351058,Plateau Credit Union
351059,Spruce Credit Union
351062,National Bank of Lacrosse
351065,France Bank #3386
351066,First Bank of Fairfield
351067,National Bank of Sacramento
351069,Mountain Savings Bank
351070,First Bank of Lacrosse
351071,Bank of Huron
351072,Savings Bank of Plattsburg
351073,First Bank of Harrisburg
351077,Bank of Providence
351078,Savings Bank of Albany
351080,National Bank of the East
351081,First Bank of Laramie
351082,Oak Credit Union
351083,Savings Bank of Harrisburg
351085,Bank of the East
351086,First Bank of Butte
351091,First Bank of Miami
351092,National Bank of Philadelphia
351093,Heath Federal Bank
351099,Bank of Helena
351101,Dawn Community Bank
351104,Fieldstone Federal Bank
351107,National Bank of Seattle
351111,Savings Bank of Plattsburg
351113,National Bank of Fairfield
351115,Bank of Tampa
351116,Spain Bank #5668
351118,First Bank of Augusta
351120,National Bank of Houston
351122,Oasis Bank
351123,First Bank of Newbury
351126,Savings Bank of Boston
351127,Flagstone Trust Bank
351129,Bank of Springfield
351130,City National Thrift
351132,National Bank of Butte
351133,Hearthstone Bank
351134,First Bank of Los Angeles
351138,National Bank of Milford
351140,National Bank of Augusta
351141,First Bank of Detroit
351142,Savings Bank of Detroit
351143,Bank of Columbus
351145,The Pine Cooperative Bank
351146,Brook Credit Union
351147,Slovakia Bank #5150
351148,Latvia Bank #3536
351150,Germany Bank #2836
351153,Italy Bank #5599
351154,Germany Bank #2823
351155,Austria Bank #4101
351157,Netherlands Bank #2827
351158,Estonia Bank #5327
351159,Greece Bank #2825
351162,Greece Bank #2829
351163,Spain Bank #5778
351164,Portugal Bank #3338
351169,Germany Bank #5467
351170,Italy Bank #2830
351173,Spain Bank #2831
351177,Croatia Bank #3339
351180,China Bank #801
351183,Greece Bank #5238
351186,France Bank #3659
351187,Belgium Bank #6249
351191,Germany Bank #6411
351193,Spain Bank #6072
351203,France Bank #6355
351210,National Bank of Tuscon
351211,First Bank of Phoenix
351214,National Bank of the East
351219,Saudi Arabia Bank #364
351222,Bank of Sacramento
351227,Fieldstone Bank
351228,Future Bancorp
351229,Bank of Boston
351231,France Bank #2839
351232,France Bank #4937
351233,Netherlands Bank #2838
351235,France Bank #2970
351236,Italy Bank #6186
351237,Savings Bank of Billings
351238,First Bank of Milford
351239,Germany Bank #6212
351240,Italy Bank #2841
351243,Germany Bank #6435
351244,Spain Bank #5600
351246,Belgium Bank #6398
351248,Germany Bank #5768
351251,Dawn Community Bank
351253,Italy Bank #5321
351254,National Bank of Indianapolis
351259,UK Bank #1068
351266,UK Bank #608
351269,UK Bank #915
351270,UK Bank #628
351272,UK Bank #1104
351275,UK Bank #463
351277,UK Bank #1037
351278,UK Bank #777
351280,UK Bank #465
351281,UK Bank #879
351282,UK Bank #1075
351283,UK Bank #960
351284,UK Bank #1143
351287,UK Bank #559
351288,UK Bank #1024
351290,UK Bank #503
351291,UK Bank #580
351292,UK Bank #476
351293,UK Bank #1157
351294,UK Bank #477
351297,UK Bank #547
351299,UK Bank #469
351300,UK Bank #470
351301,UK Bank #708
351302,Plateau Trust Bank
351305,Dawn Community Bank
351308,National Bank of the East
351309,Bank of the North
351311,National Bank of the East
351313,Flagstone Federal Bank
351316,UK Bank #1060
351317,UK Bank #474
351319,UK Bank #1153
351320,UK Bank #1120
351321,Capital Cooperative Bank
351324,UK Bank #524
351325,UK Bank #1095
351328,Saudi Arabia Bank #482
351330,Saudi Arabia Bank #548
351331,Saudi Arabia Bank #275
351332,Saudi Arabia Bank #485
351333,Saudi Arabia Bank #329
351334,Saudi Arabia Bank #463
351335,Saudi Arabia Bank #345
351337,Saudi Arabia Bank #348
351338,Saudi Arabia Bank #277
351340,Saudi Arabia Bank #2
351341,Saudi Arabia Bank #278
351344,Saudi Arabia Bank #279
351345,Saudi Arabia Bank #34
351347,Saudi Arabia Bank #501
351349,Saudi Arabia Bank #372
351350,Crytpo Bank #49
351352,Saudi Arabia Bank #280
351353,Saudi Arabia Bank #557
351356,Saudi Arabia Bank #354
351357,Hilltop Savings Bank
351358,Bank of Dallas
351360,Savings Bank of Hartford
351362,Savings Bank of Lincoln
351363,Bank of Arkadelphia
351364,City National Community Bank
351365,Hilltop Trust Bank
351367,Savings Bank of Lacrosse
351368,Bank of Helena
351369,Savings Bank of Newport
351380,Saudi Arabia Bank #507
351381,Saudi Arabia Bank #281
351382,Saudi Arabia Bank #495
351384,Saudi Arabia Bank #282
351385,First Bank of Portland
351389,First Bank of Portsmouth
351391,First Bank of Albany
351392,National Bank of Springfield
351393,Flagstone Trust Bank
351396,Bank of Springfield
351397,Acme Bank
351398,Savings Bank of Los Angeles
351399,Savings Bank of the South
351400,First Bank of Sacramento
351403,First Bank of Lacrosse
351404,Bank of Bridgeport
351405,First Bank of Lincoln
351407,First Bank of Pittsburgh
351410,Saudi Arabia Bank #341
351413,Saudi Arabia Bank #524
351416,Savings Bank of Chicago
351417,Italy Bank #3673
351418,Savings Bank of Columbus
351420,National Bank of Plattsburg
351424,Saudi Arabia Bank #286
351425,Saudi Arabia Bank #559
351427,Saudi Arabia Bank #322
351431,First Bank of Helena
351432,Bank of the North
351435,Spruce Thrift
351437,Sappo Community Bank
351438,First Bank of Watertown
351439,Hearthstone Bancorp
351440,Bank of Pittsburgh
351444,France Bank #3505
351451,France Bank #2844
351459,Germany Bank #4496
351463,France Bank #6177
351465,Italy Bank #2886
351467,France Bank #6321
351468,Belgium Bank #3537
351469,Italy Bank #3797
351470,Spain Bank #3080
351471,Spain Bank #6044
351472,Belgium Bank #2845
351483,Baltech Trust Bank
351484,Bank of Newbury
351488,Desert Cooperative Bank
351493,China Bank #670
351495,China Bank #1141
351496,China Bank #671
351498,China Bank #810
351500,China Bank #658
351502,China Bank #1155
351504,China Bank #1093
351506,China Bank #672
351508,China Bank #756
351510,China Bank #659
351511,China Bank #995
351513,China Bank #942
351515,China Bank #1129
351518,China Bank #665
351520,China Bank #750
351521,China Bank #982
351522,China Bank #817
351526,China Bank #856
351528,China Bank #1068
351530,China Bank #663
351531,China Bank #1167
351532,China Bank #1136
351533,China Bank #1160
351538,Spain Bank #3031
351539,Germany Bank #3713
351546,Bank of Detroit
351547,Lithuania Bank #2850
351549,Germany Bank #4790
351550,Slovakia Bank #3554
351556,First Bank of Helena
351557,Savings Bank of Dallas
351558,Oak Bank
351560,Italy Bank #5152
351562,Italy Bank #3014
351563,Germany Bank #2853
351565,Italy Bank #5859
351566,Italy Bank #2854
351568,Spain Bank #3818
351572,Ireland Bank #2852
351576,France Bank #6421
351583,Italy Bank #2942
351584,Italy Bank #6375
351585,First Bank of Billings
351586,Heath Cooperative Bank
351589,National Bank of Albany
351592,Germany Bank #3525
351597,Spain Bank #5723
351599,Spain Bank #5770
351602,Portugal Bank #3688
351603,France Bank #2856
351604,France Bank #2858
351606,France Bank #5142
351608,Italy Bank #5030
351613,First Bank of Portsmouth
351615,National Bank of Montpelier
351616,Bank of Los Angeles
351620,National Bank of Miami
351622,Netherlands Bank #5771
351623,Bank of Danbury
351625,Spain Bank #3586
351626,Belgium Bank #2859
351627,National Bank of Milford
351636,Savings Bank of Columbus
351639,National Bank of Danbury
351640,Bank of Sacramento
351641,First Bank of Topeka
351643,National Bank of the Valley
351645,Savings Bank of Butte
351646,First Bank of Providence
351648,National Bank of Plattsburg
351649,Capital Federal Bank
351651,Acme Bancorp
351654,Italy Bank #6155
351656,France Bank #2860
351657,Germany Bank #3059
351660,Fieldstone Trust Bank
351662,National Bank of Phoenix
351665,Sappo Credit Union
351668,Italy Bank #5322
351669,Portugal Bank #3758
351670,Bank of Butte
351672,China Bank #785
351673,China Bank #1035
351674,China Bank #751
351677,National Bank of Watertown
351680,National Bank of Cleveland
351682,Golden Federal Bank
351688,China Bank #1168
351690,China Bank #678
351692,China Bank #1171
351693,China Bank #907
351695,China Bank #790
351697,Italy Bank #2861
351699,France Bank #5931
351700,Netherlands Bank #5549
351707,China Bank #677
351708,China Bank #996
351712,China Bank #811
351713,China Bank #681
351714,China Bank #850
351716,Bank of Newbury
351725,Lithuania Bank #3365
351728,France Bank #2871
351729,First Bank of Philadelphia
351734,Brook Credit Union
351742,Savings Bank of Helena
351743,Sea Federal Bank
351744,First Bank of Hartford
351745,Bank of Topeka
351746,National Bank of the North
351750,Germany Bank #2873
351752,Bank of Newbury
351755,Oasis Federal Bank
351756,Savings Bank of Providence
351757,Savings Bank of Milford
351761,Bank of Watertown
351764,Savings Bank of Boston
351765,Bank of Montpelier
351767,Bank of Topeka
351769,Germany Bank #2874
351771,Capital Cooperative Bank
351780,France Bank #6285
351782,Germany Bank #2875
351785,France Bank #5772
351786,Ireland Bank #2876
351788,Germany Bank #3795
351789,Italy Bank #3819
351795,Italy Bank #3106
351800,France Bank #5544
351801,Spain Bank #5242
351807,Fieldstone Federal Bank
351809,Germany Bank #4659
351810,Germany Bank #4926
351815,Savings Bank of the South
351820,Savings Bank of Milford
351821,National Bank of Huron
351822,National Bank of Hartford
351823,National Bank of Denver
351826,Savings Bank of Watertown
351829,First Bank of Los Angeles
351830,Brownstone Cooperative Bank
351831,Oak Community Bank
351832,Savings Bank of Chicago
351834,Spain Bank #3882
351838,National Bank of Lacrosse
351840,Spruce Credit Union
351843,Heath Credit Union
351846,Savings Bank of Pittsburgh
351847,Savings Bank of Philadelphia
351848,Willows Savings Bank
351849,National Bank of Denver
351850,First Bank of Albany
351852,Regents Credit Union
351854,France Bank #3821
351856,France Bank #6046
351857,Germany Bank #5395
351860,Germany Bank #4497
351863,National Bank of Albany
351864,Savings Bank of Denver
351866,The Pine Thrift
351871,Bank of Newbury
351875,Germany Bank #6356
351877,Germany Bank #2884
351879,Savings Bank of Boston
351880,Germany Bank #2906
351883,Germany Bank #2885
351885,Germany Bank #3317
351886,France Bank #3853
351889,First Bank of the West
351890,Plateau Federal Bank
351894,Hearthstone Thrift
351897,Savings Bank of Billings
351903,First Bank of Portland
351907,Netherlands Bank #5957
351909,First Bank of the Valley
351910,First Bank of Albany
351911,First Bank of Miami
351912,National Bank of Huron
351913,Bank of Milford
351914,National Bank of Dallas
351915,First Bank of Dallas
351916,Bank of Augusta
351917,Bank of Topeka
351919,Brook Thrift
351921,Savings Bank of Columbus
351922,Savings Bank of Cleveland
351924,Savings Bank of Hartford
351926,Savings Bank of Denver
351928,Baltech Bank
351930,First Bank of the Valley
351931,Bank of Boston
351932,Bank of Huron
351933,First Bank of Tuscon
351940,Fieldstone Credit Union
351941,First Bank of Columbus
351942,Acme Credit Union
351945,Plateau Savings Bank
351947,Desert Savings Bank
351948,Bank of Tuscon
351952,Bank of Fort Wayne
351955,Future Trust Bank
351958,First Bank of Hartford
351959,First Bank of Newport
351961,Savings Bank of New York
351963,Heath Community Bank
351965,Savings Bank of Billings
351968,City National Thrift
351969,National Bank of Chicago
351972,Germany Bank #5159
351973,Germany Bank #5468
351978,First Bank of the East
351979,Fieldstone Credit Union
351980,First Bank of Indianapolis
351983,Capital Credit Union
351984,First Bank of Helena
351988,Netherlands Bank #2890
351989,Spain Bank #6414
351990,Belgium Bank #6047
351992,Spain Bank #2888
351994,Italy Bank #2889
351995,Spain Bank #3492
351997,Germany Bank #6367
351998,Spain Bank #5932
351999,Latvia Bank #5958
352000,Ireland Bank #6343
352002,Savings Bank of Bridgeport
352003,Plateau Cooperative Bank
352006,National Bank of New Orleans
352007,Savings Bank of Portland
352010,Bank of Houston
352011,Oak Savings Bank
352013,Savings Bank of Arkadelphia
352014,Bank of New Orleans
352018,National Bank of Huron
352019,Sea Bank
352022,National Bank of Madison
352023,First Bank of Omaha
352024,Brook Bancorp
352025,Brook Cooperative Bank
352026,Bank of New Orleans
352027,Baltech Community Bank
352028,Heath Cooperative Bank
352029,Arbor Cooperative Bank
352031,Hearthstone Federal Bank
352033,Capital Bank
352035,Plateau Trust Bank
352038,Italy Bank #6286
352040,Austria Bank #6211
352041,Italy Bank #6013
352044,France Bank #2895
352047,Germany Bank #6322
352048,Germany Bank #3822
352050,Germany Bank #6412
352052,Germany Bank #3137
352053,Finland Bank #5034
352060,Italy Bank #2896
352061,Spain Bank #6383
352062,Spain Bank #6096
352064,Italy Bank #2897
352069,Regents Credit Union
352070,Italy Bank #3823
352074,Italy Bank #6323
352076,France Bank #3804
352077,Italy Bank #2899
352078,France Bank #3457
352080,Germany Bank #3435
352081,France Bank #3214
352082,Germany Bank #4107
352083,Baltech Bancorp
352084,First Bank of Plattsburg
352089,Bank of Springfield
352092,Savings Bank of Newport
352096,National Bank of Topeka
352097,Regents Thrift
352098,France Bank #6179
352100,Spain Bank #3750
352101,France Bank #3366
352104,Oak Credit Union
352105,Baltech Credit Union
352106,First Bank of Fairfield
352109,Regents Credit Union
352110,Savings Bank of Los Angeles
352111,Slovakia Bank #5773
352115,France Bank #3397
352117,Austria Bank #3824
352118,Netherlands Bank #5934
352119,France Bank #3555
352121,Italy Bank #3023
352124,Italy Bank #3000
352125,Netherlands Bank #2902
352126,Germany Bank #4499
352127,France Bank #3645
352128,Italy Bank #6287
352129,Italy Bank #6097
352131,France Bank #6288
352133,Greece Bank #6227
352135,Mountain Thrift
352138,Savings Bank of Madison
352140,Savings Bank of New Orleans
352143,Cyprus Bank #3526
352144,Germany Bank #5986
352145,Italy Bank #2905
352147,Germany Bank #5933
352152,Germany Bank #6376
352154,Spain Bank #3022
352157,Germany Bank #5961
352159,Greece Bank #2917
352161,Germany Bank #2918
352166,Spain Bank #6131
352169,Slovakia Bank #6074
352173,Austria Bank #5249
352174,France Bank #3082
352177,Italy Bank #3367
352179,Germany Bank #6213
352180,Germany Bank #2911
352181,Germany Bank #2907
352182,Spain Bank #6156
352183,Germany Bank #6098
352185,Germany Bank #2912
352186,Spain Bank #6422
352188,Spain Bank #6384
352189,Italy Bank #3751
352195,Germany Bank #3538
352196,Estonia Bank #5605
352198,Germany Bank #6251
352201,Finland Bank #3872
352203,Spain Bank #3836
352204,Croatia Bank #2913
352206,National Bank of Columbus
352207,Spruce Cooperative Bank
352214,Germany Bank #5606
352220,Finland Bank #5898
352221,Netherlands Bank #4930
352222,Germany Bank #2980
352224,Spain Bank #6385
352225,Greece Bank #6214
352226,Germany Bank #5240
352227,Italy Bank #6048
352233,Spain Bank #2922
352234,Germany Bank #6157
352237,National Bank of Tampa
352240,Spain Bank #6132
352244,France Bank #5241
352245,Austria Bank #5899
352246,Finland Bank #6215
352249,France Bank #4795
352252,Belgium Bank #6263
352253,National Bank of Madison
352254,Bank of Harrisburg
352255,Bank of the East
352256,Regents Federal Bank
352259,Bank of Pittsburgh
352260,Netherlands Bank #4793
352261,Savings Bank of Arkadelphia
352264,France Bank #2923
352265,Savings Bank of New Orleans
352271,Capital Credit Union
352272,Savings Bank of Madison
352274,Bank of Pittsburgh
352278,Willows Bank
352279,Bank of Los Angeles
352284,Germany Bank #2924
352286,National Bank of Providence
352291,First Bank of Indianapolis
352294,First Bank of Springfield
352297,Savings Bank of Billings
352298,Bank of Laramie
352299,First Bank of Danbury
352303,Brook Savings Bank
352304,Bank of Springfield
352306,Cyprus Bank #2925
352307,France Bank #2926
352310,Bank of Butte
352315,First Bank of Montpelier
352316,First Bank of Philadelphia
352318,Plateau Credit Union
352320,National Bank of Milford
352322,First Bank of Butte
352325,National Bank of Albany
352326,Bank of Springfield
352330,City National Federal Bank
352333,Savings Bank of Los Angeles
352334,Mountain Thrift
352336,Sea Federal Bank
352339,France Bank #2928
352345,Acme Federal Bank
352346,Bank of Sacramento
352350,Desert Community Bank
352351,Future Cooperative Bank
352352,National Bank of Los Angeles
352354,Savings Bank of Topeka
352357,Brownstone Cooperative Bank
352358,Savings Bank of Miami
352362,Savings Bank of Columbus
352364,Bank of Fort Wayne
352365,Bank of Bridgeport
352366,Desert Trust Bank
352368,Savings Bank of the East
352371,National Bank of Watertown
352373,Italy Bank #3837
352377,Bank of Dallas
352378,First Bank of Tuscon
352379,Sea Bank
352380,Savings Bank of Houston
352381,First Bank of Newbury
352383,First Bank of New Orleans
352384,Willows Cooperative Bank
352386,First Bank of Fairfield
352388,Brook Bancorp
352394,Willows Federal Bank
352395,Oak Bancorp
352397,France Bank #5038
352398,Germany Bank #5900
352401,First Bank of Arkadelphia
352402,Mountain Bank
352403,First Bank of Philadelphia
352407,Savings Bank of Lacrosse
352408,Dawn Trust Bank
352409,Savings Bank of Sacramento
352410,Bank of Harrisburg
352412,First Bank of Portsmouth
352413,Savings Bank of Helena
352415,Fieldstone Savings Bank
352422,Savings Bank of New York
352424,Savings Bank of Topeka
352425,Savings Bank of Milford
352428,Flagstone Cooperative Bank
352433,Savings Bank of Lacrosse
352435,Brook Federal Bank
352436,National Bank of Madison
352447,France Bank #6289
352448,Italy Bank #3527
352449,Italy Bank #4794
352450,France Bank #6158
352451,Germany Bank #4931
352454,Italy Bank #2932
352458,Spain Bank #5607
352459,France Bank #6262
352460,France Bank #2933
352461,France Bank #3382
352462,Italy Bank #6159
352464,Brownstone Savings Bank
352465,Spain Bank #2937
352467,France Bank #2935
352468,Belgium Bank #3240
352470,Portugal Bank #5666
352477,Bank of Houston
352479,National Bank of Laramie
352482,Bank of Indianapolis
352485,Spain Bank #3569
352487,Savings Bank of Arkadelphia
352491,National Bank of Milford
352496,First Bank of Augusta
352497,Savings Bank of Montpelier
352500,Bank of Fort Wayne
352506,Saudi Arabia Bank #289
352509,Saudi Arabia Bank #483
352510,Saudi Arabia Bank #535
352511,Saudi Arabia Bank #296
352516,Saudi Arabia Bank #519
352518,Saudi Arabia Bank #562
352519,Saudi Arabia Bank #292
352527,Saudi Arabia Bank #560
352528,Saudi Arabia Bank #368
352532,Saudi Arabia Bank #392
352537,Saudi Arabia Bank #566
352540,Saudi Arabia Bank #43
352542,Crytpo Bank #19
352543,Crytpo Bank #637
352544,Crytpo Bank #468
352545,Crytpo Bank #185
352546,Crytpo Bank #404
352547,Crytpo Bank #57
352548,Crytpo Bank #122
352549,Crytpo Bank #597
352551,Crytpo Bank #593
352552,Crytpo Bank #100
352554,Crytpo Bank #853
352556,Crytpo Bank #599
352558,Crytpo Bank #6
352559,Crytpo Bank #694
352560,Crytpo Bank #51
352562,Crytpo Bank #50
352563,Crytpo Bank #90
352564,Crytpo Bank #52
352566,Crytpo Bank #769
352567,Crytpo Bank #53
352569,Crytpo Bank #803
352572,Crytpo Bank #167
352575,Crytpo Bank #679
352578,Portugal Bank #6377
352580,Slovakia Bank #3413
352581,Germany Bank #5397
352585,National Bank of Detroit
352587,Bank of Albany
352588,First Bank of New Orleans
352590,Oasis Cooperative Bank
352593,First Bank of Indianapolis
352595,City National Credit Union
352596,Savings Bank of Danbury
352598,City National Bancorp
352599,Bank of Sacramento
352601,Bank of Fairfield
352602,Sea Community Bank
352603,Bank of Lincoln
352604,Savings Bank of Providence
352608,Spruce Cooperative Bank
352609,Fieldstone Credit Union
352612,National Bank of Topeka
352613,First Bank of New York
352614,Brook Community Bank
352616,First Bank of the South
352617,Oasis Community Bank
352619,First Bank of New Orleans
352621,Hilltop Bank
352623,Belgium Bank #5251
352624,Germany Bank #5399
352625,France Bank #6386
352626,France Bank #2944
352627,China Bank #693
352628,China Bank #1162
352629,China Bank #958
352631,Germany Bank #6368
352638,Ireland Bank #6413
352639,Spain Bank #6252
352641,France Bank #2939
352644,Italy Bank #4328
352646,Germany Bank #3570
352651,Germany Bank #5818
352652,Italy Bank #6324
352653,Spain Bank #5545
352655,Belgium Bank #6264
352656,Germany Bank #5774
352658,Cyprus Bank #5039
352664,Germany Bank #6076
352666,France Bank #3475
352667,Netherlands Bank #3414
352669,Spain Bank #3083
352671,Spain Bank #4329
352675,Ireland Bank #5045
352677,France Bank #6077
352678,France Bank #5858
352681,France Bank #3302
352683,Ireland Bank #6133
352684,Finland Bank #2941
352686,Spain Bank #4797
352693,Spain Bank #6436
352694,Austria Bank #4502
352696,Germany Bank #2943
352697,Heath Savings Bank
352698,Sea Trust Bank
352699,National Bank of Indianapolis
352701,Savings Bank of Harrisburg
352704,First Bank of Tuscon
352705,France Bank #5726
352708,Bank of Billings
352710,First Bank of Philadelphia
352711,Baltech Federal Bank
352714,Savings Bank of Topeka
352716,Baltech Federal Bank
352717,Capital Cooperative Bank
352723,Germany Bank #4932
352724,Germany Bank #5775
352725,Germany Bank #6078
352728,Germany Bank #5857
352733,Plateau Cooperative Bank
352734,National Bank of Phoenix
352735,National Bank of New Orleans
352736,Heath Savings Bank
352741,Bank of Fairfield
352742,Bank of Miami
352743,Bank of the North
352746,National Bank of Los Angeles
352751,Sunrise Cooperative Bank
352752,Savings Bank of Portland
352754,Plateau Federal Bank
352756,Savings Bank of Tuscon
352759,Bank of Tampa
352760,Portugal Bank #5819
352761,Spain Bank #6308
352764,Netherlands Bank #2946
352766,Spain Bank #2949
352769,France Bank #6292
352772,Sea Federal Bank
352773,Golden Savings Bank
352775,National Bank of Newport
352777,National Bank of Bridgeport
352778,First Bank of Bridgeport
352781,First Bank of Sacramento
352782,Savings Bank of Harrisburg
352783,Heath Credit Union
352787,Savings Bank of Philadelphia
352791,France Bank #3161
352792,France Bank #3084
352793,Belgium Bank #3398
352795,Ireland Bank #3299
352797,Italy Bank #4330
352798,Italy Bank #6014
352802,France Bank #6228
352804,Germany Bank #5400
352805,National Bank of Fairfield
352806,Bank of Columbus
352807,Bank of the Valley
352809,First Bank of Boston
352810,Bank of New Orleans
352811,Oasis Bank
352812,Savings Bank of Columbus
352814,Bank of Los Angeles
352815,Bank of Milford
352816,Croatia Bank #6181
352817,Italy Bank #3108
352819,Savings Bank of Boston
352820,Oasis Bank
352821,Savings Bank of Dallas
352822,Bank of Billings
352824,Bank of the East
352829,Golden Federal Bank
352831,Sappo Thrift
352838,Savings Bank of the North
352839,Savings Bank of Phoenix
352841,Savings Bank of Lacrosse
352844,National Bank of Fairfield
352845,National Bank of the East
352846,Fieldstone Credit Union
352847,National Bank of Sacramento
352849,First Bank of Philadelphia
352851,Sappo Bancorp
352852,Sappo Bank
352857,First Bank of the Valley
352858,First Bank of the West
352859,Dawn Trust Bank
352860,First Bank of Newbury
352862,Savings Bank of Lincoln
352863,Portugal Bank #2952
352864,Savings Bank of Columbus
352865,First Bank of Detroit
352869,Crytpo Bank #91
352872,Crytpo Bank #709
352875,National Bank of Lacrosse
352877,Regents Community Bank
352879,Bank of Danbury
352880,Savings Bank of New York
352882,Italy Bank #3571
352884,Savings Bank of Newport
352885,Sappo Credit Union
352888,Heath Bancorp
352889,Bank of Miami
352893,Plateau Bancorp
352894,National Bank of Danbury
352900,Future Community Bank
352901,Savings Bank of Plattsburg
352906,National Bank of Augusta
352907,Savings Bank of the West
352908,Hilltop Bank
352910,Flagstone Savings Bank
352911,National Bank of Danbury
352914,Crytpo Bank #405
352917,Crytpo Bank #282
352918,Crytpo Bank #54
352919,Crytpo Bank #236
352920,Crytpo Bank #577
352922,Crytpo Bank #678
352924,Crytpo Bank #734
352925,Crytpo Bank #242
352926,Crytpo Bank #275
352928,Crytpo Bank #782
352929,Crytpo Bank #538
352932,Crytpo Bank #598
352933,Hilltop Cooperative Bank
352938,First Bank of Cleveland
352939,Capital Trust Bank
352940,Savings Bank of Billings
352941,Spruce Federal Bank
352942,National Bank of Lincoln
352944,Germany Bank #2954
352955,Savings Bank of the West
352956,Brownstone Bancorp
352957,Heath Bancorp
352960,Germany Bank #5776
352961,Spain Bank #6387
352962,City National Bancorp
352963,Heath Bank
352964,Bank of Houston
352965,Germany Bank #2957
352969,Savings Bank of Montpelier
352971,France Bank #3269
352973,Germany Bank #2958
352974,Belgium Bank #3415
352978,Spain Bank #4665
352979,First Bank of Albany
352981,Brownstone Thrift
352982,First Bank of Topeka
352984,First Bank of Houston
352986,Germany Bank #5406
352990,First Bank of Springfield
352993,Bank of Miami
352994,National Bank of the South
352996,Plateau Cooperative Bank
352997,Brook Savings Bank
352998,Hearthstone Credit Union
352999,First Bank of Augusta
353000,City National Thrift
353004,National Bank of Butte
353005,Spain Bank #2959
353007,Willows Bank
353008,Savings Bank of Los Angeles
353010,National Bank of Augusta
353011,Savings Bank of Albany
353013,National Bank of Los Angeles
353015,Bank of Omaha
353018,Bank of the North
353026,First Bank of Milford
353028,Bank of Huron
353032,First Bank of Bridgeport
353036,National Bank of Arkadelphia
353038,First Bank of Fort Wayne
353041,Netherlands Bank #3300
353044,Sunrise Trust Bank
353046,Golden Credit Union
353047,City National Federal Bank
353050,Sappo Community Bank
353053,Bank of Billings
353057,Crytpo Bank #720
353058,Crytpo Bank #554
353059,Crytpo Bank #206
353064,Crytpo Bank #305
353067,Crytpo Bank #801
353070,Crytpo Bank #895
353071,Crytpo Bank #55
353073,Crytpo Bank #411
353074,Crytpo Bank #756
353076,Crytpo Bank #83
353077,Crytpo Bank #583
353078,Crytpo Bank #408
353079,Crytpo Bank #343
353080,Crytpo Bank #59
353081,Crytpo Bank #566
353082,Crytpo Bank #482
353085,Crytpo Bank #545
353086,Crytpo Bank #911
353089,Crytpo Bank #118
353090,Crytpo Bank #423
353092,Crytpo Bank #475
353093,Crytpo Bank #186
353098,China Bank #1163
353099,China Bank #825
353100,China Bank #685
353102,China Bank #806
353107,Crytpo Bank #685
353108,Crytpo Bank #76
353111,Crytpo Bank #63
353112,Crytpo Bank #138
353115,Crytpo Bank #521
353118,Crytpo Bank #58
353122,Crytpo Bank #532
353123,Crytpo Bank #520
353124,Crytpo Bank #116
353127,Crytpo Bank #60
353128,Crytpo Bank #114
353129,Crytpo Bank #56
353131,Crytpo Bank #64
353132,Crytpo Bank #818
353133,Crytpo Bank #61
353134,Crytpo Bank #62
353135,Crytpo Bank #582
353138,Crytpo Bank #695
353140,Crytpo Bank #763
353142,Crytpo Bank #770
353143,Regents Trust Bank
353147,Mexico Bank #440
353148,Mexico Bank #441
353149,Mexico Bank #442
353151,Crytpo Bank #489
353153,Crytpo Bank #837
353158,Crytpo Bank #68
353161,Crytpo Bank #570
353164,Crytpo Bank #82
353167,Crytpo Bank #560
353169,Crytpo Bank #639
353170,Crytpo Bank #69
353171,Crytpo Bank #846
353172,Crytpo Bank #451
353173,Mountain Federal Bank
353176,Crytpo Bank #595
353178,Crytpo Bank #65
353179,Crytpo Bank #703
353180,Crytpo Bank #396
353181,Crytpo Bank #863
353183,Crytpo Bank #562
353184,Crytpo Bank #739
353186,Crytpo Bank #66
353187,Crytpo Bank #300
353188,Crytpo Bank #70
353191,Crytpo Bank #78
353192,Crytpo Bank #422
353193,Crytpo Bank #722
353194,Crytpo Bank #67
353197,Crytpo Bank #612
353200,Crytpo Bank #647
353201,Crytpo Bank #700
353205,Crytpo Bank #798
353206,Crytpo Bank #77
353208,First Bank of the North
353209,Crytpo Bank #744
353210,Crytpo Bank #189
353213,Crytpo Bank #802
353215,Crytpo Bank #771
353216,Crytpo Bank #590
353217,Crytpo Bank #881
353220,Crytpo Bank #71
353223,Crytpo Bank #72
353224,Crytpo Bank #147
353225,Crytpo Bank #385
353226,Crytpo Bank #752
353228,Savings Bank of the Valley
353229,Switzerland Bank #1441
353232,Switzerland Bank #1382
353239,Crytpo Bank #487
353240,Crytpo Bank #772
353241,Crytpo Bank #381
353244,Crytpo Bank #73
353245,Crytpo Bank #143
353246,Crytpo Bank #249
353248,Crytpo Bank #889
353251,First Bank of Omaha
353254,Crytpo Bank #298
353256,China Bank #694
353258,China Bank #812
353260,China Bank #858
353268,China Bank #752
353271,China Bank #691
353273,China Bank #1077
353274,China Bank #1097
353275,China Bank #832
353276,China Bank #728
353278,China Bank #692
353279,National Bank of Miami
353281,China Bank #736
353282,UK Bank #512
353284,UK Bank #1154
353287,UK Bank #480
353290,UK Bank #553
353291,UK Bank #1069
353292,UK Bank #504
353294,UK Bank #988
353295,UK Bank #1100
353296,UK Bank #1144
353297,UK Bank #633
353298,UK Bank #481
353299,UK Bank #651
353301,UK Bank #483
353302,UK Bank #1145
353304,UK Bank #1096
353305,UK Bank #916
353310,UK Bank #1146
353311,UK Bank #1097
353315,UK Bank #514
353319,UK Bank #636
353320,UK Bank #527
353321,UK Bank #1105
353322,UK Bank #515
353325,UK Bank #485
353328,UK Bank #976
353329,UK Bank #544
353332,Savings Bank of Newport
353333,UK Bank #1133
353337,UK Bank #931
353346,UK Bank #928
353348,UK Bank #1139
353352,UK Bank #1007
353359,Savings Bank of Arkadelphia
353360,Bank of Lacrosse
353362,Bank of Madison
353363,UK Bank #1016
353366,UK Bank #1132
353367,Flagstone Cooperative Bank
353369,National Bank of Houston
353372,France Bank #2960
353374,National Bank of Portsmouth
353375,First Bank of New York
353380,UK Bank #496
353382,UK Bank #581
353386,UK Bank #1038
353388,UK Bank #1150
353389,UK Bank #662
353392,UK Bank #493
353396,UK Bank #492
353398,UK Bank #747
353399,UK Bank #494
353400,UK Bank #944
353402,UK Bank #1093
353403,UK Bank #1076
353404,UK Bank #495
353405,UK Bank #619
353406,UK Bank #624
353407,UK Bank #896
353408,UK Bank #501
353409,UK Bank #1138
353412,UK Bank #990
353413,UK Bank #578
353414,UK Bank #634
353415,UK Bank #497
353416,UK Bank #498
353417,UK Bank #1083
353419,UK Bank #1129
353420,UK Bank #502
353423,UK Bank #526
353425,UK Bank #749
353428,UK Bank #808
353430,UK Bank #506
353431,UK Bank #991
353432,UK Bank #663
353433,UK Bank #652
353436,UK Bank #620
353441,UK Bank #918
353447,UK Bank #507
353448,UK Bank #508
353454,Savings Bank of Tampa
353456,Desert Bank
353458,UK Bank #809
353459,UK Bank #710
353460,UK Bank #518
353463,UK Bank #644
353464,UK Bank #1040
353465,UK Bank #614
353466,UK Bank #1155
353469,Spain Bank #4933
353471,First Bank of Montpelier
353472,UK Bank #510
353480,UK Bank #711
353483,UK Bank #548
353490,First Bank of Newport
353495,First Bank of Providence
353498,Savings Bank of Milford
353501,Bank of Newbury
353502,Bank of Topeka
353503,Savings Bank of Omaha
353507,Bank of Dallas
353509,Savings Bank of Madison
353516,Bank of Portsmouth
353518,National Bank of Sacramento
353519,Savings Bank of Montpelier
353520,First Bank of Danbury
353522,Bank of Detroit
353526,Savings Bank of New Orleans
353527,Bank of New Orleans
353532,Mountain Community Bank
353534,Golden Bancorp
353539,Bank of Albany
353541,Bank of Houston
353542,National Bank of Harrisburg
353543,Baltech Community Bank
353545,Desert Bank
353547,Savings Bank of Fairfield
353548,National Bank of Phoenix
353549,Bank of Bridgeport
353550,Future Savings Bank
353552,Dawn Savings Bank
353553,National Bank of Philadelphia
353555,Sappo Bancorp
353558,Savings Bank of Hartford
353559,Desert Federal Bank
353561,Sunrise Savings Bank
353562,First Bank of Helena
353567,Savings Bank of Billings
353568,Bank of Dallas
353571,Spain Bank #2961
353572,Spain Bank #3368
353573,Greece Bank #3883
353574,Hearthstone Trust Bank
353577,Savings Bank of Lacrosse
353578,First Bank of Arkadelphia
353579,Savings Bank of Hartford
353580,Bank of Tampa
353582,Regents Federal Bank
353583,Bank of Detroit
353584,Flagstone Thrift
353586,Spain Bank #6160
353589,Flagstone Savings Bank
353590,Oasis Cooperative Bank
353592,Savings Bank of Omaha
353594,Bank of Philadelphia
353596,First Bank of Boston
353597,Savings Bank of Plattsburg
353598,Brownstone Trust Bank
353599,Bank of New York
353600,National Bank of Augusta
353601,First Bank of New Orleans
353602,Savings Bank of Indianapolis
353603,National Bank of the Valley
353605,Bank of Harrisburg
353607,Sappo Trust Bank
353611,Golden Cooperative Bank
353612,Acme Thrift
353613,Bank of Detroit
353618,Savings Bank of the West
353620,Brook Bancorp
353622,Savings Bank of Plattsburg
353623,First Bank of Milford
353625,National Bank of Lacrosse
353630,First Bank of Providence
353633,Brook Federal Bank
353634,France Bank #6161
353638,Savings Bank of New Orleans
353641,Bank of Denver
353643,Regents Bank
353645,Sea Trust Bank
353646,Savings Bank of Sacramento
353649,Acme Cooperative Bank
353650,National Bank of Newbury
353651,Baltech Federal Bank
353653,Bank of Omaha
353656,First Bank of the Valley
353657,Fieldstone Thrift
353659,Hilltop Savings Bank
353660,First Bank of New York
353662,First Bank of Providence
353663,National Bank of Lacrosse
353664,National Bank of Portland
353666,Savings Bank of Huron
353668,Hearthstone Federal Bank
353669,Savings Bank of Miami
353670,National Bank of Houston
353676,Bank of Tuscon
353678,Bank of Los Angeles
353679,Arbor Bancorp
353682,Golden Credit Union
353686,National Bank of Plattsburg
353687,Savings Bank of Tampa
353691,Future Community Bank
353692,Savings Bank of Billings
353693,Spruce Community Bank
353698,Willows Bancorp
353699,Willows Thrift
353703,First Bank of Harrisburg
353708,First Bank of Lacrosse
353710,National Bank of Phoenix
353711,Plandor Thrift
353717,Bank of Los Angeles
353718,Sea Community Bank
353720,Savings Bank of Fairfield
353721,Savings Bank of Newport
353723,First Bank of Cleveland
353724,First Bank of Arkadelphia
353729,First Bank of Plattsburg
353731,Bank of Huron
353732,National Bank of Los Angeles
353733,Brook Community Bank
353734,Bank of Helena
353735,Oak Bank
353738,Arbor Thrift
353739,Savings Bank of the South
353740,Savings Bank of Indianapolis
353741,First Bank of the West
353744,First Bank of Billings
353745,The Pine Thrift
353746,Bank of Miami
353749,Savings Bank of Harrisburg
353750,Savings Bank of Houston
353756,Israel Bank #1299
353757,Israel Bank #727
353758,Israel Bank #1254
353760,Crytpo Bank #112
353764,Crytpo Bank #15
353766,Crytpo Bank #669
353775,City National Thrift
353776,First Bank of Danbury
353777,National Bank of Newbury
353778,First Bank of Montpelier
353779,Savings Bank of Watertown
353780,Brook Thrift
353781,Savings Bank of Butte
353782,Bank of Milford
353784,Acme Thrift
353786,Future Credit Union
353789,National Bank of Harrisburg
353790,Plandor Community Bank
353792,Bank of Bridgeport
353793,Bank of Detroit
353794,Dawn Trust Bank
353795,National Bank of Plattsburg
353802,Savings Bank of Miami
353805,National Bank of the West
353808,Plandor Bank
353809,First Bank of Watertown
353810,National Bank of Pittsburgh
353811,National Bank of Butte
353812,Savings Bank of Albany
353818,Savings Bank of the West
353820,Savings Bank of Portland
353821,National Bank of Sacramento
353822,Bank of Watertown
353824,Sunrise Credit Union
353826,First Bank of Tampa
353829,First Bank of Chicago
353831,Savings Bank of Portsmouth
353832,National Bank of Topeka
353833,Germany Bank #5905
353839,Bank of Newport
353843,National Bank of the North
353847,Savings Bank of Philadelphia
353849,Bank of the South
353851,The Pine Bank
353853,Crytpo Bank #216
353854,Crytpo Bank #74
353855,Crytpo Bank #371
353857,Crytpo Bank #641
353860,Crytpo Bank #75
353863,Crytpo Bank #565
353864,Crytpo Bank #787
353865,Crytpo Bank #16
353868,Crytpo Bank #271
353869,Crytpo Bank #426
353871,National Bank of Newport
353873,Crytpo Bank #588
353874,Bank of New Orleans
353875,Crytpo Bank #610
353878,Crytpo Bank #142
353879,Crytpo Bank #581
353880,Crytpo Bank #544
353881,Bank of Billings
353882,France Bank #6229
353884,Crytpo Bank #702
353885,Crytpo Bank #638
353888,Crytpo Bank #80
353891,Crytpo Bank #183
353892,Crytpo Bank #541
353897,Crytpo Bank #450
353900,Crytpo Bank #573
353902,Crytpo Bank #686
353906,Crytpo Bank #79
353908,Crytpo Bank #415
353911,Crytpo Bank #511
353914,Crytpo Bank #436
353915,Crytpo Bank #37
353917,Crytpo Bank #395
353920,Crytpo Bank #81
353923,Crytpo Bank #386
353925,Crytpo Bank #596
353926,Crytpo Bank #827
353927,Crytpo Bank #443
353930,Crytpo Bank #790
353933,Crytpo Bank #339
353935,Crytpo Bank #864
353937,Crytpo Bank #822
353939,Crytpo Bank #572
353941,Crytpo Bank #563
353942,Crytpo Bank #688
353943,Crytpo Bank #816
353945,Crytpo Bank #434
353946,Crytpo Bank #705
353948,Crytpo Bank #501
353953,Crytpo Bank #757
353957,Savings Bank of Albany
353958,Golden Credit Union
353960,Savings Bank of Tampa
353962,National Bank of Lincoln
353963,First Bank of New York
353964,Spain Bank #3770
353966,National Bank of the West
353967,Italy Bank #6344
353968,Italy Bank #3752
353970,France Bank #5401
353973,Croatia Bank #6079
353979,France Bank #6230
353981,First Bank of Tuscon
353982,France Bank #3753
353985,France Bank #3271
353987,Germany Bank #6388
353991,Belgium Bank #3301
353995,Estonia Bank #5989
353997,National Bank of Denver
354001,Bank of Tampa
354002,Arbor Trust Bank
354004,Austria Bank #2973
354005,Netherlands Bank #5471
354007,France Bank #6290
354009,Spain Bank #2975
354011,Spain Bank #3740
354013,Italy Bank #3691
354016,Germany Bank #3539
354017,Netherlands Bank #3017
354018,Netherlands Bank #2971
354020,Austria Bank #6162
354023,Spain Bank #3646
354028,Bank of Bridgeport
354031,National Bank of Augusta
354033,First Bank of Helena
354034,Brownstone Trust Bank
354036,Crytpo Bank #130
354041,Crytpo Bank #106
354042,Crytpo Bank #139
354043,Crytpo Bank #476
354044,Crytpo Bank #631
354049,Crytpo Bank #380
354050,Crytpo Bank #87
354051,Crytpo Bank #519
354053,Crytpo Bank #884
354056,Crytpo Bank #129
354057,Crytpo Bank #134
354058,Crytpo Bank #672
354060,Crytpo Bank #99
354061,Crytpo Bank #488
354062,Crytpo Bank #94
354064,France Bank #6378
354065,France Bank #5324
354069,Crytpo Bank #542
354071,Crytpo Bank #84
354072,Crytpo Bank #85
354073,Crytpo Bank #728
354074,Crytpo Bank #86
354075,Crytpo Bank #589
354076,UK Bank #517
354080,Crytpo Bank #144
354083,Crytpo Bank #860
354085,Crytpo Bank #95
354087,Crytpo Bank #626
354088,Crytpo Bank #110
354089,Crytpo Bank #708
354090,Crytpo Bank #503
354092,Crytpo Bank #96
354095,Crytpo Bank #89
354098,Crytpo Bank #88
354099,Crytpo Bank #912
354100,Crytpo Bank #690
354102,Crytpo Bank #97
354103,Crytpo Bank #397
354106,Savings Bank of Detroit
354107,First Bank of Fairfield
354108,Savings Bank of Madison
354111,Crytpo Bank #935
354112,Crytpo Bank #92
354113,Crytpo Bank #584
354117,Crytpo Bank #25
354119,Crytpo Bank #369
354123,Crytpo Bank #208
354125,Crytpo Bank #471
354126,Crytpo Bank #543
354127,Crytpo Bank #687
354132,Crytpo Bank #568
354134,Crytpo Bank #567
354137,Crytpo Bank #824
354138,Crytpo Bank #808
354139,Crytpo Bank #676
354140,Crytpo Bank #630
354141,Crytpo Bank #102
354142,Crytpo Bank #103
354143,Crytpo Bank #164
354144,Crytpo Bank #745
354145,Crytpo Bank #427
354146,Crytpo Bank #409
354149,Crytpo Bank #121
354150,Crytpo Bank #105
354156,Crytpo Bank #363
354157,Crytpo Bank #747
354158,Crytpo Bank #109
354159,Crytpo Bank #133
354160,Crytpo Bank #571
354161,Crytpo Bank #153
354162,Crytpo Bank #191
354163,Crytpo Bank #746
354168,Crytpo Bank #126
354170,Crytpo Bank #101
354174,Crytpo Bank #791
354175,Crytpo Bank #847
354176,Crytpo Bank #762
354182,Crytpo Bank #551
354184,Crytpo Bank #748
354186,Crytpo Bank #440
354187,Crytpo Bank #553
354190,Crytpo Bank #569
354191,Crytpo Bank #657
354192,Crytpo Bank #840
354193,Crytpo Bank #107
354196,Crytpo Bank #828
354200,Spain Bank #6437
354201,Germany Bank #6345
354202,France Bank #5151
354203,Spain Bank #2984
354204,First Bank of Montpelier
354206,Crytpo Bank #721
354213,Oak Cooperative Bank
354214,Crytpo Bank #119
354219,UK Bank #1111
354221,UK Bank #520
354223,Crytpo Bank #605
354226,Crytpo Bank #623
354227,Crytpo Bank #169
354229,Crytpo Bank #146
354230,Crytpo Bank #838
354231,China Bank #1110
354232,China Bank #1116
354234,China Bank #822
354235,China Bank #695
354236,Crytpo Bank #469
354237,Crytpo Bank #113
354239,Crytpo Bank #817
354240,Crytpo Bank #372
354242,Crytpo Bank #115
354243,Crytpo Bank #749
354244,Crytpo Bank #839
354248,Bank of Harrisburg
354249,Bank of the East
354251,Crytpo Bank #707
354252,Crytpo Bank #412
354253,Crytpo Bank #123
354256,Crytpo Bank #124
354257,Crytpo Bank #444
354258,Crytpo Bank #613
354261,Crytpo Bank #759
354262,Crytpo Bank #332
354264,First Bank of Pittsburgh
354266,Crytpo Bank #758
354267,Crytpo Bank #117
354270,Crytpo Bank #885
354271,Crytpo Bank #575
354272,Crytpo Bank #648
354275,Crytpo Bank #815
354276,Crytpo Bank #140
354279,Bank of Providence
354280,National Bank of the South
354281,Crytpo Bank #345
354282,Crytpo Bank #120
354283,Crytpo Bank #671
354285,Crytpo Bank #416
354286,Crytpo Bank #796
354287,Crytpo Bank #255
354288,Crytpo Bank #900
354291,Crytpo Bank #166
354293,Crytpo Bank #456
354294,Crytpo Bank #624
354298,Crytpo Bank #210
354299,Crytpo Bank #504
354301,Crytpo Bank #640
354302,Crytpo Bank #384
354303,Crytpo Bank #907
354307,Crytpo Bank #706
354308,Crytpo Bank #812
354309,Crytpo Bank #600
354310,Crytpo Bank #179
354311,Crytpo Bank #670
354312,Crytpo Bank #127
354313,Crytpo Bank #433
354314,Crytpo Bank #125
354317,Crytpo Bank #558
354319,Crytpo Bank #546
354320,Crytpo Bank #704
354321,Crytpo Bank #406
354322,Crytpo Bank #203
354324,Crytpo Bank #792
354325,Crytpo Bank #151
354326,Crytpo Bank #829
354327,Crytpo Bank #160
354328,Crytpo Bank #131
354330,Crytpo Bank #284
354332,Crytpo Bank #435
354333,Crytpo Bank #132
354334,Crytpo Bank #750
354335,First Bank of Danbury
354339,Crytpo Bank #625
354340,Crytpo Bank #135
354342,Crytpo Bank #585
354344,Crytpo Bank #536
354346,Crytpo Bank #270
354347,Crytpo Bank #373
354350,Crytpo Bank #522
354352,France Bank #3140
354354,Crytpo Bank #376
354356,Crytpo Bank #136
354359,Crytpo Bank #871
354361,Crytpo Bank #137
354362,Crytpo Bank #317
354366,Crytpo Bank #445
354369,Crytpo Bank #3
354371,Crytpo Bank #141
354373,Crytpo Bank #658
354379,Crytpo Bank #494
354382,Crytpo Bank #786
354384,First Bank of Newbury
354385,National Bank of Harrisburg
354388,Bank of the North
354393,Crytpo Bank #646
354394,Crytpo Bank #760
354402,National Bank of Columbus
354403,Crytpo Bank #174
354404,Crytpo Bank #154
354405,Crytpo Bank #680
354407,Crytpo Bank #454
354408,Crytpo Bank #484
354410,Crytpo Bank #20
354413,First Bank of Miami
354417,Bank of Arkadelphia
354418,Crytpo Bank #732
354419,Crytpo Bank #642
354421,Acme Bank
354423,Crytpo Bank #576
354424,Crytpo Bank #437
354425,Crytpo Bank #547
354426,Crytpo Bank #24
354429,Crytpo Bank #447
354430,Crytpo Bank #495
354431,Crytpo Bank #428
354432,Crytpo Bank #150
354433,Crytpo Bank #148
354434,Crytpo Bank #523
354435,Crytpo Bank #170
354436,Crytpo Bank #149
354440,Crytpo Bank #908
354443,Crytpo Bank #152
354445,Crytpo Bank #880
354450,France Bank #2992
354452,Lithuania Bank #2985
354456,Germany Bank #6019
354457,Greece Bank #4668
354458,Spain Bank #6291
354465,France Bank #5247
354466,Germany Bank #4505
354468,Luxembourg Bank #2990
354471,Spain Bank #3629
354477,Crytpo Bank #177
354478,Crytpo Bank #359
354479,Crytpo Bank #609
354480,Crytpo Bank #452
354481,Crytpo Bank #834
354483,Crytpo Bank #342
354484,Crytpo Bank #171
354485,Crytpo Bank #825
354486,Crytpo Bank #654
354488,Crytpo Bank #886
354489,Crytpo Bank #659
354490,Crytpo Bank #291
354492,Crytpo Bank #811
354493,Crytpo Bank #155
354496,Crytpo Bank #156
354499,Crytpo Bank #804
354500,Crytpo Bank #793
354501,Crytpo Bank #157
354503,Crytpo Bank #692
354504,Crytpo Bank #158
354505,Crytpo Bank #159
354506,Crytpo Bank #176
354514,Crytpo Bank #643
354517,Crytpo Bank #161
354518,Crytpo Bank #611
354524,Hearthstone Credit Union
354526,Bank of Watertown
354527,Bank of Phoenix
354529,National Bank of Huron
354530,Italy Bank #6081
354532,Greece Bank #3384
354533,Germany Bank #6049
354544,Finland Bank #3771
354545,Bank of Plattsburg
354546,Plandor Federal Bank
354549,Bank of Boston
354550,National Bank of Lincoln
354558,Bank of Fairfield
354560,First Bank of Chicago
354561,First Bank of the South
354564,National Bank of Tampa
354566,First Bank of Denver
354567,Bank of Helena
354569,National Bank of Albany
354576,Italy Bank #2996
354577,France Bank #2997
354578,Spain Bank #6233
354579,First Bank of Danbury
354585,Bank of Albany
354592,Austria Bank #3399
354593,France Bank #3217
354594,France Bank #3001
354595,Italy Bank #5403
354596,Netherlands Bank #3692
354597,National Bank of Miami
354598,National Bank of New Orleans
354601,Arbor Bank
354603,Crytpo Bank #472
354604,Crytpo Bank #826
354605,Crytpo Bank #178
354607,Crytpo Bank #661
354608,Crytpo Bank #162
354611,Crytpo Bank #766
354612,Crytpo Bank #794
354613,Crytpo Bank #921
354616,Crytpo Bank #866
354619,Crytpo Bank #163
354621,Crytpo Bank #795
354622,Crytpo Bank #922
354623,Crytpo Bank #391
354624,Crytpo Bank #607
354626,Crytpo Bank #524
354628,Crytpo Bank #165
354631,Crytpo Bank #280
354639,Crytpo Bank #457
354640,Crytpo Bank #222
354642,Crytpo Bank #168
354649,Crytpo Bank #325
354650,Crytpo Bank #882
354651,Crytpo Bank #751
354653,Crytpo Bank #813
354655,Crytpo Bank #723
354656,Crytpo Bank #398
354662,Sappo Bank
354663,First Bank of Miami
354666,Crytpo Bank #767
354667,Crytpo Bank #738
354669,Crytpo Bank #848
354671,Crytpo Bank #913
354677,Crytpo Bank #805
354678,Crytpo Bank #172
354679,Crytpo Bank #361
354680,Crytpo Bank #464
354681,Crytpo Bank #529
354682,Crytpo Bank #914
354683,Crytpo Bank #173
354684,Crytpo Bank #458
354686,Crytpo Bank #896
354688,Crytpo Bank #175
354689,Crytpo Bank #374
354692,Crytpo Bank #378
354693,Crytpo Bank #629
354698,Crytpo Bank #180
354701,Sunrise Thrift
354702,Sunrise Trust Bank
354704,France Bank #6163
354708,France Bank #3730
354710,Germany Bank #5729
354711,Portugal Bank #3006
354713,National Bank of Seattle
354715,Sea Federal Bank
354718,National Bank of Sacramento
354720,Bank of the West
354721,National Bank of Tampa
354722,Bank of Pittsburgh
354723,Brook Bank
354724,France Bank #3854
354725,France Bank #6369
354726,Italy Bank #3785
354727,Greece Bank #6016
354728,Spain Bank #3838
354731,Crytpo Bank #181
354733,Crytpo Bank #548
354734,Crytpo Bank #549
354735,First Bank of Plattsburg
354738,Bank of Boston
354740,Crytpo Bank #724
354742,Spain Bank #5551
354745,Crytpo Bank #301
354747,Crytpo Bank #182
354748,Crytpo Bank #184
354752,Crytpo Bank #627
354755,Crytpo Bank #453
354759,Crytpo Bank #619
354760,Crytpo Bank #632
354765,Crytpo Bank #360
354770,Crytpo Bank #387
354772,Crytpo Bank #187
354773,Crytpo Bank #890
354774,Crytpo Bank #382
354776,Crytpo Bank #188
354777,Crytpo Bank #836
354779,Crytpo Bank #193
354782,Crytpo Bank #901
354783,Crytpo Bank #190
354786,Crytpo Bank #550
354787,Crytpo Bank #192
354791,Crytpo Bank #218
354792,Crytpo Bank #194
354793,Crytpo Bank #195
354794,Crytpo Bank #196
354795,Crytpo Bank #776
354797,Crytpo Bank #446
354798,Crytpo Bank #586
354799,Crytpo Bank #514
354800,Crytpo Bank #783
354802,Crytpo Bank #238
354803,Crytpo Bank #198
354804,Crytpo Bank #861
354805,Crytpo Bank #784
354806,Crytpo Bank #737
354809,Hilltop Federal Bank
354810,Sappo Federal Bank
354811,France Bank #3008
354812,France Bank #5042
354813,Germany Bank #5155
354816,France Bank #3611
354817,Germany Bank #3010
354820,Germany Bank #3012
354827,Crytpo Bank #773
354829,Crytpo Bank #197
354830,Crytpo Bank #199
354831,Crytpo Bank #205
354832,Crytpo Bank #407
354836,Crytpo Bank #287
354840,Crytpo Bank #213
354842,Crytpo Bank #264
354843,Crytpo Bank #214
354844,Crytpo Bank #248
354845,Crytpo Bank #841
354846,Crytpo Bank #689
354847,Crytpo Bank #526
354848,Crytpo Bank #299
354850,Crytpo Bank #204
354852,Crytpo Bank #388
354853,Crytpo Bank #823
354854,Crytpo Bank #525
354856,Crytpo Bank #531
354857,Crytpo Bank #455
354858,Crytpo Bank #902
354860,Crytpo Bank #850
354862,Crytpo Bank #496
354864,Crytpo Bank #200
354865,Crytpo Bank #893
354867,Crytpo Bank #201
354868,Crytpo Bank #830
354870,Crytpo Bank #202
354871,Crytpo Bank #552
354875,Crytpo Bank #485
354876,Crytpo Bank #297
354881,Crytpo Bank #448
354882,Crytpo Bank #614
354883,Crytpo Bank #499
354884,Savings Bank of the Valley
354888,China Bank #1126
354889,Crytpo Bank #207
354892,Crytpo Bank #417
354893,Crytpo Bank #856
354898,Crytpo Bank #293
354900,Crytpo Bank #726
354901,Crytpo Bank #691
354902,Crytpo Bank #215
354904,Crytpo Bank #209
354905,Crytpo Bank #941
354906,Crytpo Bank #289
354907,Crytpo Bank #891
354908,Crytpo Bank #660
354909,Crytpo Bank #217
354910,Crytpo Bank #628
354912,Crytpo Bank #362
354913,Crytpo Bank #854
354914,Crytpo Bank #212
354915,Crytpo Bank #401
354916,Crytpo Bank #470
354917,Crytpo Bank #211
354928,Crytpo Bank #644
354929,Crytpo Bank #232
354931,Crytpo Bank #832
354933,Crytpo Bank #735
354934,China Bank #697
354938,Sappo Federal Bank
354943,Ireland Bank #5608
354944,France Bank #5820
354945,Germany Bank #5671
354947,Germany Bank #3015
354948,Italy Bank #5672
354949,Germany Bank #6426
354951,Spain Bank #3013
354955,Germany Bank #3016
354958,Crytpo Bank #508
354959,Crytpo Bank #933
354965,Savings Bank of Denver
354967,Bank of Plattsburg
354973,Bank of Albany
354974,National Bank of Houston
354975,First Bank of Philadelphia
354976,Savings Bank of Fort Wayne
354977,Bank of Bridgeport
354978,Regents Bank
354979,Bank of Albany
354981,Brownstone Cooperative Bank
354986,Savings Bank of Hartford
354987,Future Bank
354989,Sappo Thrift
354990,First Bank of the Valley
354991,The Pine Thrift
354998,Future Bancorp
354999,Bank of the Valley
355000,Sea Thrift
355003,Savings Bank of Columbus
355004,Plandor Trust Bank
355007,Bank of Tuscon
355008,Flagstone Thrift
355011,First Bank of the North
355013,Spain Bank #3019
355016,Germany Bank #6134
355017,Italy Bank #4670
355018,Italy Bank #3018
355019,Italy Bank #6102
355022,Italy Bank #5158
355023,Austria Bank #6018
355031,Savings Bank of Columbus
355033,Bank of Indianapolis
355037,Savings Bank of Helena
355038,Bank of Columbus
355040,Greece Bank #5779
355046,Crytpo Bank #429
355047,Crytpo Bank #574
355048,Crytpo Bank #295
355049,Crytpo Bank #219
355051,First Bank of the East
355052,Brook Community Bank
355054,Savings Bank of Augusta
355056,City National Federal Bank
355059,Dawn Cooperative Bank
355060,First Bank of Lincoln
355073,National Bank of Milford
355075,Germany Bank #6253
355076,Crytpo Bank #26
355077,Crytpo Bank #540
355078,Crytpo Bank #350
355080,Crytpo Bank #424
355082,Crytpo Bank #220
355083,Crytpo Bank #318
355086,Crytpo Bank #587
355087,Crytpo Bank #225
355088,Crytpo Bank #509
355090,Crytpo Bank #223
355092,Crytpo Bank #713
355094,Crytpo Bank #224
355101,Crytpo Bank #845
355103,Crytpo Bank #226
355104,Crytpo Bank #490
355109,National Bank of Huron
355110,Fieldstone Bank
355111,Oak Community Bank
355114,First Bank of Miami
355120,China Bank #724
355123,China Bank #1135
355124,Crytpo Bank #250
355129,Crytpo Bank #507
355130,National Bank of Pittsburgh
355131,Crytpo Bank #227
355133,Crytpo Bank #228
355134,Crytpo Bank #736
355135,Crytpo Bank #229
355136,Crytpo Bank #698
355137,Crytpo Bank #645
355139,Crytpo Bank #244
355140,Crytpo Bank #231
355141,Crytpo Bank #515
355142,Crytpo Bank #230
355145,Crytpo Bank #449
355149,Crytpo Bank #635
355150,Crytpo Bank #785
355152,Crytpo Bank #710
355157,Crytpo Bank #527
355161,Crytpo Bank #797
355163,Crytpo Bank #831
355165,Crytpo Bank #352
355169,Crytpo Bank #233
355170,Crytpo Bank #294
355171,Crytpo Bank #430
355172,Crytpo Bank #849
355178,Bank of Arkadelphia
355179,Baltech Cooperative Bank
355180,Crytpo Bank #662
355181,Crytpo Bank #234
355184,Crytpo Bank #903
355185,Crytpo Bank #528
355187,Crytpo Bank #774
355189,Crytpo Bank #927
355191,Crytpo Bank #235
355192,Crytpo Bank #260
355194,Crytpo Bank #310
355195,Crytpo Bank #418
355196,Crytpo Bank #673
355197,Crytpo Bank #431
355201,Crytpo Bank #865
355204,Crytpo Bank #601
355206,Crytpo Bank #239
355208,Crytpo Bank #257
355211,Crytpo Bank #237
355212,Crytpo Bank #909
355213,Crytpo Bank #491
355214,Crytpo Bank #712
355215,Crytpo Bank #851
355220,Crytpo Bank #693
355221,Crytpo Bank #892
355225,China Bank #819
355226,China Bank #823
355229,Crytpo Bank #725
355231,Crytpo Bank #729
355235,Crytpo Bank #402
355239,Crytpo Bank #375
355245,Crytpo Bank #245
355248,Crytpo Bank #240
355250,Crytpo Bank #390
355252,Crytpo Bank #727
355255,Crytpo Bank #753
355256,Crytpo Bank #530
355257,Crytpo Bank #711
355259,Crytpo Bank #442
355262,Crytpo Bank #276
355265,Crytpo Bank #855
355267,Crytpo Bank #414
355268,Crytpo Bank #651
355269,Crytpo Bank #340
355270,Crytpo Bank #253
355271,Acme Thrift
355275,Crytpo Bank #872
355279,Crytpo Bank #243
355283,Crytpo Bank #241
355286,Crytpo Bank #883
355287,Crytpo Bank #441
355288,Crytpo Bank #292
355289,Crytpo Bank #283
355298,Crytpo Bank #742
355300,Crytpo Bank #681
355302,Crytpo Bank #383
355303,Crytpo Bank #923
355310,Crytpo Bank #279
355312,Crytpo Bank #936
355313,Crytpo Bank #246
355318,Crytpo Bank #477
355321,First Bank of Chicago
355323,Capital Cooperative Bank
355325,National Bank of Watertown
355326,City National Credit Union
355327,Crytpo Bank #247
355328,Crytpo Bank #358
355330,National Bank of Milford
355331,First Bank of New Orleans
355332,Savings Bank of Harrisburg
355335,Crytpo Bank #761
355336,Crytpo Bank #844
355340,First Bank of Montpelier
355344,National Bank of the Valley
355346,Acme Thrift
355349,National Bank of Houston
355352,Heath Savings Bank
355354,Crytpo Bank #513
355356,Crytpo Bank #251
355357,Crytpo Bank #252
355358,Crytpo Bank #602
355359,Crytpo Bank #696
355362,Crytpo Bank #561
355364,Crytpo Bank #873
355365,Crytpo Bank #915
355367,Regents Thrift
355370,First Bank of Detroit
355371,Plandor Federal Bank
355372,Crytpo Bank #341
355375,Crytpo Bank #924
355376,Crytpo Bank #814
355383,Crytpo Bank #254
355384,Oak Cooperative Bank
355390,First Bank of the Valley
355391,Capital Trust Bank
355396,Crytpo Bank #806
355397,First Bank of Dallas
355398,Brownstone Savings Bank
355400,Crytpo Bank #258
355402,Crytpo Bank #928
355405,Heath Community Bank
355407,Crytpo Bank #874
355408,Crytpo Bank #500
355415,Crytpo Bank #697
355417,Crytpo Bank #510
355421,Crytpo Bank #764
355424,Crytpo Bank #256
355425,Crytpo Bank #459
355427,Crytpo Bank #425
355428,Crytpo Bank #259
355432,Fieldstone Savings Bank
355436,Savings Bank of Springfield
355437,First Bank of Springfield
355440,National Bank of Lacrosse
355442,Savings Bank of Tuscon
355447,Acme Credit Union
355453,First Bank of Houston
355460,Italy Bank #3024
355461,Italy Bank #3760
355462,Latvia Bank #5902
355465,Spain Bank #3025
355472,Netherlands Bank #6216
355473,Netherlands Bank #6231
355477,Finland Bank #5161
355479,Finland Bank #3660
355482,Spain Bank #5404
355488,Portugal Bank #3055
355490,Portugal Bank #6427
355492,Slovenia Bank #6399
355494,France Bank #3506
355496,Spain Bank #4111
355498,France Bank #3761
355501,Italy Bank #6050
355507,Golden Community Bank
355508,Bank of Philadelphia
355509,National Bank of Providence
355510,Spain Bank #3612
355511,France Bank #3030
355512,Italy Bank #5822
355514,France Bank #5611
355518,First Bank of Houston
355521,City National Federal Bank
355522,Savings Bank of Chicago
355523,Finland Bank #3049
355525,Belgium Bank #5903
355526,Italy Bank #5990
355528,Netherlands Bank #3647
355531,National Bank of Detroit
355532,France Bank #6293
355539,France Bank #5474
355540,Germany Bank #4802
355541,France Bank #5553
355545,Italy Bank #3036
355546,France Bank #3033
355547,Germany Bank #3573
355548,Spain Bank #6185
355549,Spain Bank #5904
355552,Spain Bank #3034
355554,Italy Bank #3675
355559,France Bank #5476
355561,Germany Bank #6438
355563,China Bank #1166
355564,China Bank #699
355565,Plandor Federal Bank
355566,National Bank of Harrisburg
355567,National Bank of Fairfield
355569,Bank of Watertown
355570,Bank of Fairfield
355572,France Bank #3786
355573,Germany Bank #5612
355576,France Bank #3039
355577,Germany Bank #6232
355579,France Bank #5475
355581,Spain Bank #5405
355582,Spain Bank #6266
355585,Netherlands Bank #6265
355586,Germany Bank #3556
355587,Italy Bank #3041
355593,Spain Bank #3045
355594,France Bank #3043
355595,Italy Bank #3839
355598,National Bank of the South
355602,France Bank #5047
355604,Spain Bank #6082
355608,Savings Bank of Albany
355609,Heath Bank
355614,France Bank #5964
355617,First Bank of New Orleans
355618,National Bank of Billings
355619,Crytpo Bank #807
355621,Crytpo Bank #682
355622,Crytpo Bank #615
355625,Crytpo Bank #897
355627,Crytpo Bank #316
355630,Crytpo Bank #379
355631,Crytpo Bank #665
355632,Crytpo Bank #438
355637,Crytpo Bank #261
355638,Crytpo Bank #833
355639,Crytpo Bank #262
355641,Crytpo Bank #263
355644,Crytpo Bank #492
355648,Crytpo Bank #578
355649,Crytpo Bank #265
355650,Crytpo Bank #320
355655,Acme Cooperative Bank
355657,First Bank of New Orleans
355661,Crytpo Bank #699
355663,Crytpo Bank #733
355667,Crytpo Bank #389
355668,Crytpo Bank #603
355673,Crytpo Bank #267
355674,Crytpo Bank #268
355675,Crytpo Bank #266
355676,Crytpo Bank #285
355678,Crytpo Bank #400
355679,Crytpo Bank #394
355680,Crytpo Bank #34
355683,Crytpo Bank #274
355685,Crytpo Bank #664
355687,Crytpo Bank #269
355690,Crytpo Bank #311
355693,Crytpo Bank #555
355697,Crytpo Bank #564
355698,Crytpo Bank #302
355699,Crytpo Bank #272
355701,Crytpo Bank #306
355704,Crytpo Bank #483
355705,Crytpo Bank #925
355707,Japan Bank #695
355708,Japan Bank #645
355709,Japan Bank #890
355712,Japan Bank #771
355713,Japan Bank #754
355716,Japan Bank #632
355717,Japan Bank #654
355719,Japan Bank #772
355720,Japan Bank #760
355722,National Bank of New Orleans
355723,Japan Bank #750
355724,Japan Bank #631
355726,Japan Bank #912
355729,Japan Bank #628
355731,Japan Bank #708
355735,Japan Bank #636
355740,Japan Bank #638
355742,Japan Bank #639
355743,Japan Bank #978
355744,Japan Bank #641
355747,Japan Bank #1008
355749,Japan Bank #765
355750,Japan Bank #640
355752,Baltech Savings Bank
355755,Japan Bank #709
355757,Japan Bank #703
355758,Japan Bank #646
355759,Japan Bank #721
355760,Japan Bank #774
355761,Japan Bank #647
355768,Crytpo Bank #273
355769,Crytpo Bank #714
355772,Crytpo Bank #365
355774,Crytpo Bank #716
355776,Crytpo Bank #556
355777,Crytpo Bank #534
355778,Crytpo Bank #649
355779,Crytpo Bank #940
355780,Crytpo Bank #875
355781,Crytpo Bank #650
355782,Crytpo Bank #277
355787,Crytpo Bank #473
355791,Crytpo Bank #715
355793,Crytpo Bank #286
355794,Crytpo Bank #904
355796,Crytpo Bank #675
355797,Crytpo Bank #869
355798,Crytpo Bank #516
355799,Crytpo Bank #288
355801,Crytpo Bank #533
355802,Crytpo Bank #313
355803,Crytpo Bank #278
355807,Crytpo Bank #392
355808,Crytpo Bank #867
355810,Crytpo Bank #486
355811,Crytpo Bank #683
355815,Italy Bank #5407
355816,Germany Bank #3613
355820,Crytpo Bank #740
355821,Crytpo Bank #608
355822,Crytpo Bank #465
355824,Crytpo Bank #281
355826,Crytpo Bank #497
355828,Crytpo Bank #920
355830,Crytpo Bank #652
355831,Crytpo Bank #377
355832,Savings Bank of Madison
355833,Austria Bank #5675
355834,Belgium Bank #5613
355837,Italy Bank #4334
355839,Germany Bank #6187
355842,Netherlands Bank #6333
355846,Italy Bank #3342
355847,Ireland Bank #5408
355848,Crytpo Bank #616
355850,Crytpo Bank #887
355852,Crytpo Bank #663
355854,Crytpo Bank #557
355856,Crytpo Bank #674
355858,Crytpo Bank #667
355859,Crytpo Bank #870
355860,Crytpo Bank #330
355861,First Bank of Phoenix
355864,Crytpo Bank #842
355866,Crytpo Bank #419
355870,Crytpo Bank #857
355872,Crytpo Bank #888
355875,Crytpo Bank #937
355876,Crytpo Bank #535
355877,Crytpo Bank #633
355878,Crytpo Bank #819
355879,Crytpo Bank #634
355880,Crytpo Bank #537
355883,Crytpo Bank #719
355884,Crytpo Bank #559
355885,Crytpo Bank #303
355887,Crytpo Bank #290
355888,Crytpo Bank #304
355893,Crytpo Bank #604
355894,Crytpo Bank #579
355895,Crytpo Bank #932
355897,Crytpo Bank #493
355898,Crytpo Bank #717
355899,Crytpo Bank #420
355902,Crytpo Bank #329
355906,Crytpo Bank #460
355907,Crytpo Bank #296
355908,Crytpo Bank #517
355911,Crytpo Bank #905
355912,Crytpo Bank #741
355915,First Bank of Cleveland
355919,Spruce Bank
355921,Crytpo Bank #653
355926,Crytpo Bank #929
355927,Crytpo Bank #765
355928,Crytpo Bank #919
355929,Crytpo Bank #432
355930,Crytpo Bank #852
355933,Crytpo Bank #591
355935,Crytpo Bank #843
355940,Bank of the East
355943,First Bank of Los Angeles
355945,Germany Bank #6051
355947,Crytpo Bank #307
355949,Crytpo Bank #364
355951,Crytpo Bank #809
355952,Crytpo Bank #512
355954,Crytpo Bank #308
355958,Crytpo Bank #799
355960,Crytpo Bank #878
355962,Crytpo Bank #916
355968,Crytpo Bank #309
355969,Bank of Harrisburg
355972,Crytpo Bank #333
355978,Crytpo Bank #467
355979,Crytpo Bank #876
355981,Crytpo Bank #410
355982,Crytpo Bank #580
355983,Crytpo Bank #898
355985,Crytpo Bank #592
355988,Crytpo Bank #474
355989,Crytpo Bank #312
355990,Crytpo Bank #314
355991,Bank of Pittsburgh
355994,First Bank of Denver
355997,Fieldstone Thrift
355998,Crytpo Bank #315
355999,Crytpo Bank #820
356002,Hearthstone Federal Bank
356004,Crytpo Bank #938
356007,Crytpo Bank #319
356009,Crytpo Bank #877
356011,Crytpo Bank #478
356013,Crytpo Bank #930
356016,Crytpo Bank #617
356018,Mountain Bancorp
356020,Crytpo Bank #505
356021,Crytpo Bank #366
356024,Crytpo Bank #800
356025,Crytpo Bank #479
356027,Brownstone Community Bank
356029,Heath Bank
356032,Willows Bank
356034,Crytpo Bank #413
356036,Crytpo Bank #334
356037,Crytpo Bank #322
356046,Crytpo Bank #862
356052,Crytpo Bank #668
356055,Crytpo Bank #835
356057,Crytpo Bank #323
356060,Crytpo Bank #656
356063,Crytpo Bank #718
356065,Crytpo Bank #481
356066,Crytpo Bank #367
356067,Germany Bank #6103
356073,Spain Bank #6310
356075,Germany Bank #3661
356076,Willows Cooperative Bank
356077,First Bank of Fort Wayne
356078,Future Bank
356080,France Bank #6358
356083,Netherlands Bank #5676
356084,Spain Bank #6217
356087,Germany Bank #6400
356090,Finland Bank #6370
356092,Flagstone Bancorp
356093,National Bank of Butte
356096,Bank of Billings
356097,First Bank of Houston
356100,Germany Bank #5906
356102,Italy Bank #6389
356104,Greece Bank #3053
356106,Italy Bank #6390
356109,Italy Bank #5409
356110,France Bank #3303
356112,Ireland Bank #3056
356115,Crytpo Bank #324
356117,Crytpo Bank #502
356124,Mexico Bank #443
356125,Mexico Bank #445
356126,Mexico Bank #444
356128,Mexico Bank #539
356131,Crytpo Bank #466
356132,Crytpo Bank #618
356133,Crytpo Bank #357
356134,Crytpo Bank #780
356135,Crytpo Bank #684
356137,Crytpo Bank #606
356138,Crytpo Bank #461
356139,Crytpo Bank #539
356154,Crytpo Bank #326
356155,Crytpo Bank #327
356156,Crytpo Bank #328
356159,Crytpo Bank #779
356161,Crytpo Bank #917
356162,Crytpo Bank #899
356163,Crytpo Bank #910
356165,Crytpo Bank #906
356166,Crytpo Bank #775
356168,Crytpo Bank #368
356169,Crytpo Bank #355
356170,Crytpo Bank #331
356171,Crytpo Bank #403
356172,National Bank of Cleveland
356177,Crytpo Bank #335
356178,Crytpo Bank #506
356183,Crytpo Bank #349
356184,Crytpo Bank #931
356186,Crytpo Bank #701
356188,Crytpo Bank #939
356189,Crytpo Bank #942
356190,Crytpo Bank #336
356192,Crytpo Bank #677
356193,Crytpo Bank #480
356194,Crytpo Bank #621
356197,Crytpo Bank #620
356199,Crytpo Bank #934
356201,Crytpo Bank #666
356202,Crytpo Bank #421
356203,Crytpo Bank #393
356206,Crytpo Bank #655
356209,Crytpo Bank #344
356212,Crytpo Bank #788
356215,Savings Bank of New York
356217,Bank of the East
356219,Portugal Bank #3676
356221,France Bank #3400
356222,Slovakia Bank #6359
356227,Crytpo Bank #810
356228,Crytpo Bank #821
356233,Crytpo Bank #918
356236,Crytpo Bank #777
356238,Crytpo Bank #926
356239,Crytpo Bank #518
356242,Crytpo Bank #351
356243,Crytpo Bank #778
356244,Crytpo Bank #498
356246,Crytpo Bank #768
356247,Crytpo Bank #743
356248,Crytpo Bank #594
356251,Crytpo Bank #730
356253,Crytpo Bank #754
356254,Crytpo Bank #439
356255,Crytpo Bank #731
356256,Crytpo Bank #353
356258,Crytpo Bank #354
356261,Crytpo Bank #622
356266,Crytpo Bank #370
356267,Crytpo Bank #868
356269,Crytpo Bank #346
356270,Crytpo Bank #347
356272,Crytpo Bank #348
356278,Crytpo Bank #879
356283,Crytpo Bank #356
356286,Crytpo Bank #894
356287,Crytpo Bank #755
356292,Crytpo Bank #858
356293,Crytpo Bank #462
356294,Crytpo Bank #399
356295,Crytpo Bank #781
356296,Crytpo Bank #636
356300,Crytpo Bank #463
356302,Crytpo Bank #859
356303,Crytpo Bank #789
